2026-07-19 19:55:17.820 - RealTimeSTT: realtimestt - INFO - Starting RealTimeSTT
2026-07-19 19:55:17.826 - RealTimeSTT: realtimestt - INFO - Initializing audio recording (creating pyAudio input stream, sample rate: 16000 buffer size: 512
2026-07-19 19:55:17.830 - RealTimeSTT: realtimestt - INFO - Initializing WebRTC voice with Sensitivity 3
2026-07-19 19:55:17.830 - RealTimeSTT: realtimestt - DEBUG - WebRTC VAD voice activity detection engine initialized successfully
2026-07-19 19:55:17.831 - RealTimeSTT: realtimestt - DEBUG - Silero VAD auto backend raw_onnx_ifless unavailable
Traceback (most recent call last):
  File "C:\Users\User\anaconda3\envs\IRIS_AI\Lib\site-packages\RealtimeSTT\core\silero_vad.py", line 176, in _create_auto_vad
    return _create_raw_onnx_vad(
        model_name,
    ...<4 lines>...
        chunk_samples,
    )
  File "C:\Users\User\anaconda3\envs\IRIS_AI\Lib\site-packages\RealtimeSTT\core\silero_vad.py", line 225, in _create_raw_onnx_vad
    raise SileroVadError(
    ...<3 lines>...
    )
RealtimeSTT.core.silero_vad.SileroVadError: Could not find silero_vad_op18_ifless.onnx in the installed silero_vad package or the local torch hub cache. Install 'silero-vad' or pass silero_onnx_model_path.
2026-07-19 19:55:17.832 - RealTimeSTT: realtimestt - DEBUG - Silero VAD auto backend raw_onnx unavailable
Traceback (most recent call last):
  File "C:\Users\User\anaconda3\envs\IRIS_AI\Lib\site-packages\RealtimeSTT\core\silero_vad.py", line 176, in _create_auto_vad
    return _create_raw_onnx_vad(
        model_name,
    ...<4 lines>...
        chunk_samples,
    )
  File "C:\Users\User\anaconda3\envs\IRIS_AI\Lib\site-packages\RealtimeSTT\core\silero_vad.py", line 225, in _create_raw_onnx_vad
    raise SileroVadError(
    ...<3 lines>...
    )
RealtimeSTT.core.silero_vad.SileroVadError: Could not find silero_vad.onnx in the installed silero_vad package or the local torch hub cache. Install 'silero-vad' or pass silero_onnx_model_path.
2026-07-19 19:57:32.648 - RealTimeSTT: realtimestt - ERROR - Error initializing Silero VAD voice activity detection engine: Could not initialize any automatic Silero VAD backend. Tried: raw_onnx_ifless: Could not find silero_vad_op18_ifless.onnx in the installed silero_vad package or the local torch hub cache. Install 'silero-vad' or pass silero_onnx_model_path.; raw_onnx: Could not find silero_vad.onnx in the installed silero_vad package or the local torch hub cache. Install 'silero-vad' or pass silero_onnx_model_path.; pytorch_cpu: Unrecognized response pip install "RealtimeSTT[faster-whisper]".
Traceback (most recent call last):
  File "C:\Users\User\anaconda3\envs\IRIS_AI\Lib\site-packages\RealtimeSTT\core\silero_vad.py", line 287, in _create_pytorch_vad
    loaded = _load_silero_package_model(onnx=False)
  File "C:\Users\User\anaconda3\envs\IRIS_AI\Lib\site-packages\RealtimeSTT\core\silero_vad.py", line 303, in _load_silero_package_model
    module = import_module("silero_vad")
  File "C:\Users\User\anaconda3\envs\IRIS_AI\Lib\importlib\__init__.py", line 88, in import_module
    return _bootstrap._gcd_import(name[level:], package, level)
           ~~~~~~~~~~~~~~~~~~~~~~^^^^^^^^^^^^^^^^^^^^^^^^^^^^^^
  File "<frozen importlib._bootstrap>", line 1387, in _gcd_import
  File "<frozen importlib._bootstrap>", line 1360, in _find_and_load
  File "<frozen importlib._bootstrap>", line 1324, in _find_and_load_unlocked
ModuleNotFoundError: No module named 'silero_vad'

During handling of the above exception, another exception occurred:

Traceback (most recent call last):
  File "C:\Users\User\anaconda3\envs\IRIS_AI\Lib\site-packages\RealtimeSTT\core\silero_vad.py", line 195, in _create_auto_vad
    return _create_pytorch_vad("cpu")
  File "C:\Users\User\anaconda3\envs\IRIS_AI\Lib\site-packages\RealtimeSTT\core\silero_vad.py", line 289, in _create_pytorch_vad
    loaded = _load_torch_hub_model(onnx=False)
  File "C:\Users\User\anaconda3\envs\IRIS_AI\Lib\site-packages\RealtimeSTT\core\silero_vad.py", line 319, in _load_torch_hub_model
    loaded = torch.hub.load(
        repo_or_dir="snakers4/silero-vad",
    ...<2 lines>...
        onnx=onnx,
    )
  File "C:\Users\User\anaconda3\envs\IRIS_AI\Lib\site-packages\torch\hub.py", line 661, in load
    repo_or_dir = _get_cache_or_reload(
        repo_or_dir,
    ...<3 lines>...
        skip_validation=skip_validation,
    )
  File "C:\Users\User\anaconda3\envs\IRIS_AI\Lib\site-packages\torch\hub.py", line 291, in _get_cache_or_reload
    _check_repo_is_trusted(
    ~~~~~~~~~~~~~~~~~~~~~~^
        repo_owner,
        ^^^^^^^^^^^
    ...<2 lines>...
        trust_repo=trust_repo,
        ^^^^^^^^^^^^^^^^^^^^^^
    )
    ^
  File "C:\Users\User\anaconda3\envs\IRIS_AI\Lib\site-packages\torch\hub.py", line 386, in _check_repo_is_trusted
    raise ValueError(f"Unrecognized response {response}.")
ValueError: Unrecognized response pip install "RealtimeSTT[faster-whisper]".

During handling of the above exception, another exception occurred:

Traceback (most recent call last):
  File "C:\Users\User\anaconda3\envs\IRIS_AI\Lib\site-packages\RealtimeSTT\core\initialization.py", line 558, in _initialize_voice_activity_detection
    recorder.silero_vad_model = create_silero_vad_model(
                                ~~~~~~~~~~~~~~~~~~~~~~~^
        backend=silero_backend,
        ^^^^^^^^^^^^^^^^^^^^^^^
    ...<5 lines>...
        logger=logger,
        ^^^^^^^^^^^^^^
    )
    ^
  File "C:\Users\User\anaconda3\envs\IRIS_AI\Lib\site-packages\RealtimeSTT\core\silero_vad.py", line 114, in create_silero_vad_model
    return _create_auto_vad(
        onnx_model_path=onnx_model_path,
    ...<3 lines>...
        logger=log,
    )
  File "C:\Users\User\anaconda3\envs\IRIS_AI\Lib\site-packages\RealtimeSTT\core\silero_vad.py", line 198, in _create_auto_vad
    raise SileroVadError(
    ...<2 lines>...
    )
RealtimeSTT.core.silero_vad.SileroVadError: Could not initialize any automatic Silero VAD backend. Tried: raw_onnx_ifless: Could not find silero_vad_op18_ifless.onnx in the installed silero_vad package or the local torch hub cache. Install 'silero-vad' or pass silero_onnx_model_path.; raw_onnx: Could not find silero_vad.onnx in the installed silero_vad package or the local torch hub cache. Install 'silero-vad' or pass silero_onnx_model_path.; pytorch_cpu: Unrecognized response pip install "RealtimeSTT[faster-whisper]".
2026-07-19 19:58:16.466 - RealTimeSTT: realtimestt - INFO - Starting RealTimeSTT
2026-07-19 19:58:16.472 - RealTimeSTT: realtimestt - INFO - Initializing audio recording (creating pyAudio input stream, sample rate: 16000 buffer size: 512
2026-07-19 19:58:16.475 - RealTimeSTT: realtimestt - INFO - Initializing WebRTC voice with Sensitivity 3
2026-07-19 19:58:16.475 - RealTimeSTT: realtimestt - DEBUG - WebRTC VAD voice activity detection engine initialized successfully
2026-07-19 19:58:16.475 - RealTimeSTT: realtimestt - DEBUG - Silero VAD auto backend raw_onnx_ifless unavailable
Traceback (most recent call last):
  File "C:\Users\User\anaconda3\envs\IRIS_AI\Lib\site-packages\RealtimeSTT\core\silero_vad.py", line 176, in _create_auto_vad
    return _create_raw_onnx_vad(
        model_name,
    ...<4 lines>...
        chunk_samples,
    )
  File "C:\Users\User\anaconda3\envs\IRIS_AI\Lib\site-packages\RealtimeSTT\core\silero_vad.py", line 225, in _create_raw_onnx_vad
    raise SileroVadError(
    ...<3 lines>...
    )
RealtimeSTT.core.silero_vad.SileroVadError: Could not find silero_vad_op18_ifless.onnx in the installed silero_vad package or the local torch hub cache. Install 'silero-vad' or pass silero_onnx_model_path.
2026-07-19 19:58:16.477 - RealTimeSTT: realtimestt - DEBUG - Silero VAD auto backend raw_onnx unavailable
Traceback (most recent call last):
  File "C:\Users\User\anaconda3\envs\IRIS_AI\Lib\site-packages\RealtimeSTT\core\silero_vad.py", line 176, in _create_auto_vad
    return _create_raw_onnx_vad(
        model_name,
    ...<4 lines>...
        chunk_samples,
    )
  File "C:\Users\User\anaconda3\envs\IRIS_AI\Lib\site-packages\RealtimeSTT\core\silero_vad.py", line 225, in _create_raw_onnx_vad
    raise SileroVadError(
    ...<3 lines>...
    )
RealtimeSTT.core.silero_vad.SileroVadError: Could not find silero_vad.onnx in the installed silero_vad package or the local torch hub cache. Install 'silero-vad' or pass silero_onnx_model_path.
2026-07-19 19:58:25.283 - RealTimeSTT: realtimestt - DEBUG - Silero VAD voice activity detection engine initialized successfully with backend pytorch_cpu
2026-07-19 19:58:25.347 - RealTimeSTT: realtimestt - DEBUG - Starting realtime worker
2026-07-19 19:58:25.347 - RealTimeSTT: realtimestt - DEBUG - Waiting for main transcription model to start
2026-07-19 19:58:25.347 - RealTimeSTT: realtimestt - DEBUG - Realtime transcription disabled; realtime worker exits
2026-07-19 19:58:25.347 - RealTimeSTT: realtimestt - WARNING - Audio queue size exceeds latency limit. Current size: 213. Discarding old audio chunks.
2026-07-19 19:58:25.347 - RealTimeSTT: realtimestt - DEBUG - Main transcription model ready
2026-07-19 19:58:25.348 - RealTimeSTT: realtimestt - DEBUG - RealtimeSTT initialization completed successfully
2026-07-19 19:58:25.348 - RealTimeSTT: realtimestt - INFO - Setting listen time
2026-07-19 19:58:25.348 - RealTimeSTT: realtimestt - INFO - State changed from 'inactive' to 'listening'
2026-07-19 19:58:25.350 - RealTimeSTT: realtimestt - DEBUG - Waiting for recording start
2026-07-19 19:58:43.944 - RealTimeSTT: realtimestt - INFO - voice activity detected
2026-07-19 19:58:43.944 - RealTimeSTT: realtimestt - INFO - recording started
2026-07-19 19:58:43.944 - RealTimeSTT: realtimestt - INFO - State changed from 'listening' to 'recording'
2026-07-19 19:58:43.945 - RealTimeSTT: realtimestt - DEBUG - Waiting for recording stop
2026-07-19 19:58:44.584 - RealTimeSTT: realtimestt - INFO - recording stopped
2026-07-19 19:58:44.584 - RealTimeSTT: realtimestt - DEBUG - No samples removed, final audio length: 26624
2026-07-19 19:58:44.584 - RealTimeSTT: realtimestt - INFO - State changed from 'recording' to 'inactive'
2026-07-19 19:58:44.585 - RealTimeSTT: realtimestt - INFO - State changed from 'inactive' to 'transcribing'
2026-07-19 19:58:44.585 - RealTimeSTT: realtimestt - DEBUG - Adding transcription request, no early transcription started
2026-07-19 19:58:44.592 - RealTimeSTT: realtimestt - DEBUG - Receive from parent_transcription_pipe after sendiung transcription request, transcribe_count: 1
2026-07-19 19:58:44.696 - RealTimeSTT: realtimestt - DEBUG - Receive from parent_transcription_pipe after sendiung transcription request, transcribe_count: 1
2026-07-19 19:58:44.739 - RealTimeSTT: realtimestt - INFO - State changed from 'transcribing' to 'inactive'
2026-07-19 19:58:44.740 - RealTimeSTT: realtimestt - DEBUG - Model tiny.en completed transcription in 0.16 seconds
2026-07-19 19:58:44.740 - RealTimeSTT: realtimestt - INFO - Setting listen time
2026-07-19 19:58:44.740 - RealTimeSTT: realtimestt - INFO - State changed from 'inactive' to 'listening'
2026-07-19 19:58:44.740 - RealTimeSTT: realtimestt - DEBUG - Waiting for recording start
2026-07-19 19:58:47.274 - RealTimeSTT: realtimestt - INFO - voice activity detected
2026-07-19 19:58:47.274 - RealTimeSTT: realtimestt - INFO - recording started
2026-07-19 19:58:47.274 - RealTimeSTT: realtimestt - INFO - State changed from 'listening' to 'recording'
2026-07-19 19:58:47.274 - RealTimeSTT: realtimestt - DEBUG - Waiting for recording stop
2026-07-19 19:58:48.614 - RealTimeSTT: realtimestt - INFO - recording stopped
2026-07-19 19:58:48.614 - RealTimeSTT: realtimestt - DEBUG - No samples removed, final audio length: 37888
2026-07-19 19:58:48.615 - RealTimeSTT: realtimestt - INFO - State changed from 'recording' to 'inactive'
2026-07-19 19:58:48.615 - RealTimeSTT: realtimestt - INFO - State changed from 'inactive' to 'transcribing'
2026-07-19 19:58:48.615 - RealTimeSTT: realtimestt - DEBUG - Adding transcription request, no early transcription started
2026-07-19 19:58:48.626 - RealTimeSTT: realtimestt - DEBUG - Receive from parent_transcription_pipe after sendiung transcription request, transcribe_count: 1
2026-07-19 19:58:48.731 - RealTimeSTT: realtimestt - DEBUG - Receive from parent_transcription_pipe after sendiung transcription request, transcribe_count: 1
2026-07-19 19:58:48.787 - RealTimeSTT: realtimestt - INFO - State changed from 'transcribing' to 'inactive'
2026-07-19 19:58:48.788 - RealTimeSTT: realtimestt - DEBUG - Model tiny.en completed transcription in 0.17 seconds
2026-07-19 19:58:48.788 - RealTimeSTT: realtimestt - INFO - Setting listen time
2026-07-19 19:58:48.788 - RealTimeSTT: realtimestt - INFO - State changed from 'inactive' to 'listening'
2026-07-19 19:58:48.788 - RealTimeSTT: realtimestt - DEBUG - Waiting for recording start
2026-07-19 19:58:51.044 - RealTimeSTT: realtimestt - INFO - voice activity detected
2026-07-19 19:58:51.044 - RealTimeSTT: realtimestt - INFO - recording started
2026-07-19 19:58:51.044 - RealTimeSTT: realtimestt - INFO - State changed from 'listening' to 'recording'
2026-07-19 19:58:51.044 - RealTimeSTT: realtimestt - DEBUG - Waiting for recording stop
2026-07-19 19:58:51.754 - RealTimeSTT: realtimestt - INFO - recording stopped
2026-07-19 19:58:51.754 - RealTimeSTT: realtimestt - DEBUG - No samples removed, final audio length: 27648
2026-07-19 19:58:51.754 - RealTimeSTT: realtimestt - INFO - State changed from 'recording' to 'inactive'
2026-07-19 19:58:51.754 - RealTimeSTT: realtimestt - INFO - State changed from 'inactive' to 'transcribing'
2026-07-19 19:58:51.754 - RealTimeSTT: realtimestt - DEBUG - Adding transcription request, no early transcription started
2026-07-19 19:58:51.756 - RealTimeSTT: realtimestt - DEBUG - Receive from parent_transcription_pipe after sendiung transcription request, transcribe_count: 1
2026-07-19 19:58:51.862 - RealTimeSTT: realtimestt - DEBUG - Receive from parent_transcription_pipe after sendiung transcription request, transcribe_count: 1
2026-07-19 19:58:51.911 - RealTimeSTT: realtimestt - INFO - State changed from 'transcribing' to 'inactive'
2026-07-19 19:58:51.912 - RealTimeSTT: realtimestt - DEBUG - Model tiny.en completed transcription in 0.16 seconds
2026-07-19 19:58:51.912 - RealTimeSTT: realtimestt - INFO - Setting listen time
2026-07-19 19:58:51.912 - RealTimeSTT: realtimestt - INFO - State changed from 'inactive' to 'listening'
2026-07-19 19:58:51.912 - RealTimeSTT: realtimestt - DEBUG - Waiting for recording start
2026-07-19 19:58:56.484 - RealTimeSTT: realtimestt - INFO - voice activity detected
2026-07-19 19:58:56.484 - RealTimeSTT: realtimestt - INFO - recording started
2026-07-19 19:58:56.484 - RealTimeSTT: realtimestt - INFO - State changed from 'listening' to 'recording'
2026-07-19 19:58:56.484 - RealTimeSTT: realtimestt - DEBUG - Waiting for recording stop
2026-07-19 19:58:57.254 - RealTimeSTT: realtimestt - INFO - recording stopped
2026-07-19 19:58:57.254 - RealTimeSTT: realtimestt - DEBUG - No samples removed, final audio length: 28672
2026-07-19 19:58:57.254 - RealTimeSTT: realtimestt - INFO - State changed from 'recording' to 'inactive'
2026-07-19 19:58:57.254 - RealTimeSTT: realtimestt - INFO - State changed from 'inactive' to 'transcribing'
2026-07-19 19:58:57.254 - RealTimeSTT: realtimestt - DEBUG - Adding transcription request, no early transcription started
2026-07-19 19:58:57.263 - RealTimeSTT: realtimestt - DEBUG - Receive from parent_transcription_pipe after sendiung transcription request, transcribe_count: 1
2026-07-19 19:58:57.368 - RealTimeSTT: realtimestt - DEBUG - Receive from parent_transcription_pipe after sendiung transcription request, transcribe_count: 1
2026-07-19 19:58:57.420 - RealTimeSTT: realtimestt - INFO - State changed from 'transcribing' to 'inactive'
2026-07-19 19:58:57.421 - RealTimeSTT: realtimestt - DEBUG - Model tiny.en completed transcription in 0.17 seconds
2026-07-19 19:58:57.421 - RealTimeSTT: realtimestt - INFO - recording stopped
2026-07-19 19:58:57.421 - RealTimeSTT: realtimestt - INFO - recording started
2026-07-19 19:58:57.421 - RealTimeSTT: realtimestt - INFO - State changed from 'inactive' to 'recording'
2026-07-19 19:58:57.421 - RealTimeSTT: realtimestt - INFO - Setting listen time
2026-07-19 19:58:57.421 - RealTimeSTT: realtimestt - DEBUG - Waiting for recording stop
2026-07-19 19:58:58.084 - RealTimeSTT: realtimestt - INFO - recording stopped
2026-07-19 19:58:58.084 - RealTimeSTT: realtimestt - DEBUG - No samples removed, final audio length: 10752
2026-07-19 19:58:58.084 - RealTimeSTT: realtimestt - INFO - State changed from 'recording' to 'inactive'
2026-07-19 19:58:58.084 - RealTimeSTT: realtimestt - INFO - State changed from 'inactive' to 'transcribing'
2026-07-19 19:58:58.084 - RealTimeSTT: realtimestt - DEBUG - Adding transcription request, no early transcription started
2026-07-19 19:58:58.089 - RealTimeSTT: realtimestt - DEBUG - Receive from parent_transcription_pipe after sendiung transcription request, transcribe_count: 1
2026-07-19 19:58:58.090 - RealTimeSTT: realtimestt - INFO - State changed from 'transcribing' to 'inactive'
2026-07-19 19:58:58.090 - RealTimeSTT: realtimestt - DEBUG - Model tiny.en completed transcription in 0.01 seconds
2026-07-19 19:58:58.090 - RealTimeSTT: realtimestt - INFO - Setting listen time
2026-07-19 19:58:58.090 - RealTimeSTT: realtimestt - INFO - State changed from 'inactive' to 'listening'
2026-07-19 19:58:58.091 - RealTimeSTT: realtimestt - DEBUG - Waiting for recording start
2026-07-19 19:58:58.344 - RealTimeSTT: realtimestt - INFO - voice activity detected
2026-07-19 19:58:58.344 - RealTimeSTT: realtimestt - INFO - recording started
2026-07-19 19:58:58.344 - RealTimeSTT: realtimestt - INFO - State changed from 'listening' to 'recording'
2026-07-19 19:58:58.345 - RealTimeSTT: realtimestt - DEBUG - Waiting for recording stop
2026-07-19 19:58:59.174 - RealTimeSTT: realtimestt - INFO - recording stopped
2026-07-19 19:58:59.174 - RealTimeSTT: realtimestt - DEBUG - No samples removed, final audio length: 17920
2026-07-19 19:58:59.174 - RealTimeSTT: realtimestt - INFO - State changed from 'recording' to 'inactive'
2026-07-19 19:58:59.174 - RealTimeSTT: realtimestt - INFO - State changed from 'inactive' to 'transcribing'
2026-07-19 19:58:59.174 - RealTimeSTT: realtimestt - DEBUG - Adding transcription request, no early transcription started
2026-07-19 19:58:59.192 - RealTimeSTT: realtimestt - DEBUG - Receive from parent_transcription_pipe after sendiung transcription request, transcribe_count: 1
2026-07-19 19:58:59.297 - RealTimeSTT: realtimestt - DEBUG - Receive from parent_transcription_pipe after sendiung transcription request, transcribe_count: 1
2026-07-19 19:58:59.357 - RealTimeSTT: realtimestt - INFO - State changed from 'transcribing' to 'inactive'
2026-07-19 19:58:59.357 - RealTimeSTT: realtimestt - DEBUG - Model tiny.en completed transcription in 0.18 seconds
2026-07-19 19:58:59.357 - RealTimeSTT: realtimestt - INFO - Setting listen time
2026-07-19 19:58:59.357 - RealTimeSTT: realtimestt - INFO - State changed from 'inactive' to 'listening'
2026-07-19 19:58:59.357 - RealTimeSTT: realtimestt - DEBUG - Waiting for recording start
2026-07-19 19:59:18.884 - RealTimeSTT: realtimestt - INFO - voice activity detected
2026-07-19 19:59:18.884 - RealTimeSTT: realtimestt - INFO - recording started
2026-07-19 19:59:18.884 - RealTimeSTT: realtimestt - INFO - State changed from 'listening' to 'recording'
2026-07-19 19:59:18.884 - RealTimeSTT: realtimestt - DEBUG - Waiting for recording stop
2026-07-19 19:59:20.355 - RealTimeSTT: realtimestt - INFO - recording stopped
2026-07-19 19:59:20.356 - RealTimeSTT: realtimestt - DEBUG - No samples removed, final audio length: 39936
2026-07-19 19:59:20.356 - RealTimeSTT: realtimestt - INFO - State changed from 'recording' to 'inactive'
2026-07-19 19:59:20.356 - RealTimeSTT: realtimestt - INFO - State changed from 'inactive' to 'transcribing'
2026-07-19 19:59:20.356 - RealTimeSTT: realtimestt - DEBUG - Adding transcription request, no early transcription started
2026-07-19 19:59:20.357 - RealTimeSTT: realtimestt - DEBUG - Receive from parent_transcription_pipe after sendiung transcription request, transcribe_count: 1
2026-07-19 19:59:20.463 - RealTimeSTT: realtimestt - DEBUG - Receive from parent_transcription_pipe after sendiung transcription request, transcribe_count: 1
2026-07-19 19:59:20.534 - RealTimeSTT: realtimestt - INFO - State changed from 'transcribing' to 'inactive'
2026-07-19 19:59:20.535 - RealTimeSTT: realtimestt - DEBUG - Model tiny.en completed transcription in 0.18 seconds
2026-07-19 19:59:20.535 - RealTimeSTT: realtimestt - INFO - Setting listen time
2026-07-19 19:59:20.535 - RealTimeSTT: realtimestt - INFO - State changed from 'inactive' to 'listening'
2026-07-19 19:59:20.535 - RealTimeSTT: realtimestt - DEBUG - Waiting for recording start
2026-07-19 20:00:09.254 - RealTimeSTT: realtimestt - INFO - voice activity detected
2026-07-19 20:00:09.254 - RealTimeSTT: realtimestt - INFO - recording started
2026-07-19 20:00:09.254 - RealTimeSTT: realtimestt - INFO - State changed from 'listening' to 'recording'
2026-07-19 20:00:09.254 - RealTimeSTT: realtimestt - DEBUG - Waiting for recording stop
2026-07-19 20:00:10.534 - RealTimeSTT: realtimestt - INFO - recording stopped
2026-07-19 20:00:10.534 - RealTimeSTT: realtimestt - DEBUG - No samples removed, final audio length: 36864
2026-07-19 20:00:10.534 - RealTimeSTT: realtimestt - INFO - State changed from 'recording' to 'inactive'
2026-07-19 20:00:10.535 - RealTimeSTT: realtimestt - INFO - State changed from 'inactive' to 'transcribing'
2026-07-19 20:00:10.535 - RealTimeSTT: realtimestt - DEBUG - Adding transcription request, no early transcription started
2026-07-19 20:00:10.535 - RealTimeSTT: realtimestt - DEBUG - Receive from parent_transcription_pipe after sendiung transcription request, transcribe_count: 1
2026-07-19 20:00:10.640 - RealTimeSTT: realtimestt - DEBUG - Receive from parent_transcription_pipe after sendiung transcription request, transcribe_count: 1
2026-07-19 20:00:10.691 - RealTimeSTT: realtimestt - INFO - State changed from 'transcribing' to 'inactive'
2026-07-19 20:00:10.692 - RealTimeSTT: realtimestt - DEBUG - Model tiny.en completed transcription in 0.16 seconds
2026-07-19 20:00:10.692 - RealTimeSTT: realtimestt - INFO - Setting listen time
2026-07-19 20:00:10.692 - RealTimeSTT: realtimestt - INFO - State changed from 'inactive' to 'listening'
2026-07-19 20:00:10.692 - RealTimeSTT: realtimestt - DEBUG - Waiting for recording start
2026-07-19 20:00:20.309 - RealTimeSTT: realtimestt - INFO - KeyboardInterrupt in wait_audio, shutting down
2026-07-19 20:00:20.309 - RealTimeSTT: realtimestt - DEBUG - Finishing recording thread
2026-07-19 20:00:20.324 - RealTimeSTT: realtimestt - DEBUG - Terminating reader process
2026-07-19 20:00:20.558 - RealTimeSTT: realtimestt - DEBUG - Terminating transcription process
2026-07-19 20:00:20.679 - RealTimeSTT: realtimestt - DEBUG - Finishing realtime thread
2026-07-19 20:00:20.714 - RealTimeSTT: realtimestt - INFO - KeyboardInterrupt in text() method
2026-07-19 20:30:03.727 - RealTimeSTT: realtimestt - INFO - Starting RealTimeSTT
2026-07-19 20:30:03.732 - RealTimeSTT: realtimestt - INFO - Initializing audio recording (creating pyAudio input stream, sample rate: 16000 buffer size: 512
2026-07-19 20:30:03.737 - RealTimeSTT: realtimestt - INFO - Initializing WebRTC voice with Sensitivity 3
2026-07-19 20:30:03.737 - RealTimeSTT: realtimestt - DEBUG - WebRTC VAD voice activity detection engine initialized successfully
2026-07-19 20:30:03.817 - RealTimeSTT: realtimestt - DEBUG - Silero VAD voice activity detection engine initialized successfully with backend raw_onnx_ifless
2026-07-19 20:30:03.818 - RealTimeSTT: realtimestt - DEBUG - Starting realtime worker
2026-07-19 20:30:03.818 - RealTimeSTT: realtimestt - DEBUG - Waiting for main transcription model to start
2026-07-19 20:30:03.818 - RealTimeSTT: realtimestt - DEBUG - Realtime transcription disabled; realtime worker exits
2026-07-19 20:30:06.398 - RealTimeSTT: realtimestt - DEBUG - Main transcription model ready
2026-07-19 20:30:06.399 - RealTimeSTT: realtimestt - DEBUG - RealtimeSTT initialization completed successfully
2026-07-19 20:30:06.399 - RealTimeSTT: realtimestt - INFO - Setting listen time
2026-07-19 20:30:06.399 - RealTimeSTT: realtimestt - INFO - State changed from 'inactive' to 'listening'
2026-07-19 20:30:06.399 - RealTimeSTT: realtimestt - DEBUG - Waiting for recording start
2026-07-19 20:30:09.619 - RealTimeSTT: realtimestt - INFO - KeyboardInterrupt in wait_audio, shutting down
2026-07-19 20:30:09.619 - RealTimeSTT: realtimestt - DEBUG - Finishing recording thread
2026-07-19 20:30:09.634 - RealTimeSTT: realtimestt - DEBUG - Terminating reader process
2026-07-19 20:30:09.854 - RealTimeSTT: realtimestt - DEBUG - Terminating transcription process
2026-07-19 20:30:09.960 - RealTimeSTT: realtimestt - DEBUG - Finishing realtime thread
2026-07-19 20:30:09.990 - RealTimeSTT: realtimestt - INFO - KeyboardInterrupt in text() method
2026-07-19 20:30:49.578 - RealTimeSTT: realtimestt - INFO - Starting RealTimeSTT
2026-07-19 20:30:49.583 - RealTimeSTT: realtimestt - INFO - Initializing audio recording (creating pyAudio input stream, sample rate: 16000 buffer size: 512
2026-07-19 20:30:49.588 - RealTimeSTT: realtimestt - INFO - Initializing WebRTC voice with Sensitivity 3
2026-07-19 20:30:49.588 - RealTimeSTT: realtimestt - DEBUG - WebRTC VAD voice activity detection engine initialized successfully
2026-07-19 20:30:49.643 - RealTimeSTT: realtimestt - DEBUG - Silero VAD voice activity detection engine initialized successfully with backend raw_onnx_ifless
2026-07-19 20:30:49.644 - RealTimeSTT: realtimestt - DEBUG - Starting realtime worker
2026-07-19 20:30:49.644 - RealTimeSTT: realtimestt - DEBUG - Waiting for main transcription model to start
2026-07-19 20:30:49.644 - RealTimeSTT: realtimestt - DEBUG - Realtime transcription disabled; realtime worker exits
2026-07-19 20:30:52.079 - RealTimeSTT: realtimestt - DEBUG - Main transcription model ready
2026-07-19 20:30:52.079 - RealTimeSTT: realtimestt - DEBUG - RealtimeSTT initialization completed successfully
2026-07-19 20:30:52.080 - RealTimeSTT: realtimestt - INFO - Setting listen time
2026-07-19 20:30:52.080 - RealTimeSTT: realtimestt - INFO - State changed from 'inactive' to 'listening'
2026-07-19 20:30:52.080 - RealTimeSTT: realtimestt - DEBUG - Waiting for recording start
2026-07-19 20:30:55.690 - RealTimeSTT: realtimestt - INFO - voice activity detected
2026-07-19 20:30:55.690 - RealTimeSTT: realtimestt - INFO - recording started
2026-07-19 20:30:55.690 - RealTimeSTT: realtimestt - INFO - State changed from 'listening' to 'recording'
2026-07-19 20:30:55.690 - RealTimeSTT: realtimestt - DEBUG - Waiting for recording stop
2026-07-19 20:30:56.330 - RealTimeSTT: realtimestt - INFO - recording stopped
2026-07-19 20:30:56.331 - RealTimeSTT: realtimestt - DEBUG - No samples removed, final audio length: 26624
2026-07-19 20:30:56.331 - RealTimeSTT: realtimestt - INFO - State changed from 'recording' to 'inactive'
2026-07-19 20:30:56.331 - RealTimeSTT: realtimestt - INFO - State changed from 'inactive' to 'transcribing'
2026-07-19 20:30:56.331 - RealTimeSTT: realtimestt - DEBUG - Adding transcription request, no early transcription started
2026-07-19 20:30:56.331 - RealTimeSTT: realtimestt - DEBUG - Receive from parent_transcription_pipe after sendiung transcription request, transcribe_count: 1
2026-07-19 20:30:56.432 - RealTimeSTT: realtimestt - DEBUG - Receive from parent_transcription_pipe after sendiung transcription request, transcribe_count: 1
2026-07-19 20:30:56.469 - RealTimeSTT: realtimestt - INFO - State changed from 'transcribing' to 'inactive'
2026-07-19 20:30:56.470 - RealTimeSTT: realtimestt - DEBUG - Model tiny.en completed transcription in 0.14 seconds
2026-07-19 20:30:56.470 - RealTimeSTT: realtimestt - INFO - Setting listen time
2026-07-19 20:30:56.470 - RealTimeSTT: realtimestt - INFO - State changed from 'inactive' to 'listening'
2026-07-19 20:30:56.470 - RealTimeSTT: realtimestt - DEBUG - Waiting for recording start
2026-07-19 20:30:57.990 - RealTimeSTT: realtimestt - INFO - voice activity detected
2026-07-19 20:30:57.990 - RealTimeSTT: realtimestt - INFO - recording started
2026-07-19 20:30:57.990 - RealTimeSTT: realtimestt - INFO - State changed from 'listening' to 'recording'
2026-07-19 20:30:57.990 - RealTimeSTT: realtimestt - DEBUG - Waiting for recording stop
2026-07-19 20:30:58.630 - RealTimeSTT: realtimestt - INFO - recording stopped
2026-07-19 20:30:58.630 - RealTimeSTT: realtimestt - DEBUG - No samples removed, final audio length: 26624
2026-07-19 20:30:58.630 - RealTimeSTT: realtimestt - INFO - State changed from 'recording' to 'inactive'
2026-07-19 20:30:58.631 - RealTimeSTT: realtimestt - INFO - State changed from 'inactive' to 'transcribing'
2026-07-19 20:30:58.631 - RealTimeSTT: realtimestt - DEBUG - Adding transcription request, no early transcription started
2026-07-19 20:30:58.644 - RealTimeSTT: realtimestt - DEBUG - Receive from parent_transcription_pipe after sendiung transcription request, transcribe_count: 1
2026-07-19 20:30:58.752 - RealTimeSTT: realtimestt - DEBUG - Receive from parent_transcription_pipe after sendiung transcription request, transcribe_count: 1
2026-07-19 20:30:58.787 - RealTimeSTT: realtimestt - INFO - State changed from 'transcribing' to 'inactive'
2026-07-19 20:30:58.787 - RealTimeSTT: realtimestt - DEBUG - Model tiny.en completed transcription in 0.16 seconds
2026-07-19 20:30:58.787 - RealTimeSTT: realtimestt - INFO - Setting listen time
2026-07-19 20:30:58.787 - RealTimeSTT: realtimestt - INFO - State changed from 'inactive' to 'listening'
2026-07-19 20:30:58.787 - RealTimeSTT: realtimestt - DEBUG - Waiting for recording start
2026-07-19 20:31:02.600 - RealTimeSTT: realtimestt - INFO - voice activity detected
2026-07-19 20:31:02.600 - RealTimeSTT: realtimestt - INFO - recording started
2026-07-19 20:31:02.600 - RealTimeSTT: realtimestt - INFO - State changed from 'listening' to 'recording'
2026-07-19 20:31:02.600 - RealTimeSTT: realtimestt - DEBUG - Waiting for recording stop
2026-07-19 20:31:03.240 - RealTimeSTT: realtimestt - INFO - recording stopped
2026-07-19 20:31:03.240 - RealTimeSTT: realtimestt - DEBUG - No samples removed, final audio length: 26624
2026-07-19 20:31:03.240 - RealTimeSTT: realtimestt - INFO - State changed from 'recording' to 'inactive'
2026-07-19 20:31:03.241 - RealTimeSTT: realtimestt - INFO - State changed from 'inactive' to 'transcribing'
2026-07-19 20:31:03.241 - RealTimeSTT: realtimestt - DEBUG - Adding transcription request, no early transcription started
2026-07-19 20:31:03.252 - RealTimeSTT: realtimestt - DEBUG - Receive from parent_transcription_pipe after sendiung transcription request, transcribe_count: 1
2026-07-19 20:31:03.356 - RealTimeSTT: realtimestt - DEBUG - Receive from parent_transcription_pipe after sendiung transcription request, transcribe_count: 1
2026-07-19 20:31:03.385 - RealTimeSTT: realtimestt - INFO - State changed from 'transcribing' to 'inactive'
2026-07-19 20:31:03.386 - RealTimeSTT: realtimestt - DEBUG - Model tiny.en completed transcription in 0.15 seconds
2026-07-19 20:31:03.386 - RealTimeSTT: realtimestt - INFO - Setting listen time
2026-07-19 20:31:03.386 - RealTimeSTT: realtimestt - INFO - State changed from 'inactive' to 'listening'
2026-07-19 20:31:03.386 - RealTimeSTT: realtimestt - DEBUG - Waiting for recording start
2026-07-19 20:31:05.160 - RealTimeSTT: realtimestt - INFO - voice activity detected
2026-07-19 20:31:05.160 - RealTimeSTT: realtimestt - INFO - recording started
2026-07-19 20:31:05.160 - RealTimeSTT: realtimestt - INFO - State changed from 'listening' to 'recording'
2026-07-19 20:31:05.160 - RealTimeSTT: realtimestt - DEBUG - Waiting for recording stop
2026-07-19 20:31:05.991 - RealTimeSTT: realtimestt - INFO - recording stopped
2026-07-19 20:31:05.991 - RealTimeSTT: realtimestt - DEBUG - No samples removed, final audio length: 29696
2026-07-19 20:31:05.991 - RealTimeSTT: realtimestt - INFO - State changed from 'recording' to 'inactive'
2026-07-19 20:31:05.992 - RealTimeSTT: realtimestt - INFO - State changed from 'inactive' to 'transcribing'
2026-07-19 20:31:05.992 - RealTimeSTT: realtimestt - DEBUG - Adding transcription request, no early transcription started
2026-07-19 20:31:06.004 - RealTimeSTT: realtimestt - DEBUG - Receive from parent_transcription_pipe after sendiung transcription request, transcribe_count: 1
2026-07-19 20:31:06.109 - RealTimeSTT: realtimestt - DEBUG - Receive from parent_transcription_pipe after sendiung transcription request, transcribe_count: 1
2026-07-19 20:31:06.135 - RealTimeSTT: realtimestt - INFO - State changed from 'transcribing' to 'inactive'
2026-07-19 20:31:06.135 - RealTimeSTT: realtimestt - DEBUG - Model tiny.en completed transcription in 0.14 seconds
2026-07-19 20:31:06.135 - RealTimeSTT: realtimestt - INFO - Setting listen time
2026-07-19 20:31:06.135 - RealTimeSTT: realtimestt - INFO - State changed from 'inactive' to 'listening'
2026-07-19 20:31:06.136 - RealTimeSTT: realtimestt - DEBUG - Waiting for recording start
2026-07-19 20:31:08.230 - RealTimeSTT: realtimestt - INFO - voice activity detected
2026-07-19 20:31:08.230 - RealTimeSTT: realtimestt - INFO - recording started
2026-07-19 20:31:08.230 - RealTimeSTT: realtimestt - INFO - State changed from 'listening' to 'recording'
2026-07-19 20:31:08.230 - RealTimeSTT: realtimestt - DEBUG - Waiting for recording stop
2026-07-19 20:31:10.020 - RealTimeSTT: realtimestt - INFO - recording stopped
2026-07-19 20:31:10.021 - RealTimeSTT: realtimestt - DEBUG - No samples removed, final audio length: 45056
2026-07-19 20:31:10.021 - RealTimeSTT: realtimestt - INFO - State changed from 'recording' to 'inactive'
2026-07-19 20:31:10.021 - RealTimeSTT: realtimestt - INFO - State changed from 'inactive' to 'transcribing'
2026-07-19 20:31:10.021 - RealTimeSTT: realtimestt - DEBUG - Adding transcription request, no early transcription started
2026-07-19 20:31:10.021 - RealTimeSTT: realtimestt - DEBUG - Receive from parent_transcription_pipe after sendiung transcription request, transcribe_count: 1
2026-07-19 20:31:10.136 - RealTimeSTT: realtimestt - DEBUG - Receive from parent_transcription_pipe after sendiung transcription request, transcribe_count: 1
2026-07-19 20:31:10.179 - RealTimeSTT: realtimestt - INFO - State changed from 'transcribing' to 'inactive'
2026-07-19 20:31:10.180 - RealTimeSTT: realtimestt - DEBUG - Model tiny.en completed transcription in 0.16 seconds
2026-07-19 20:31:10.180 - RealTimeSTT: realtimestt - INFO - Setting listen time
2026-07-19 20:31:10.180 - RealTimeSTT: realtimestt - INFO - State changed from 'inactive' to 'listening'
2026-07-19 20:31:10.180 - RealTimeSTT: realtimestt - DEBUG - Waiting for recording start
2026-07-19 20:31:25.320 - RealTimeSTT: realtimestt - INFO - voice activity detected
2026-07-19 20:31:25.320 - RealTimeSTT: realtimestt - INFO - recording started
2026-07-19 20:31:25.320 - RealTimeSTT: realtimestt - INFO - State changed from 'listening' to 'recording'
2026-07-19 20:31:25.320 - RealTimeSTT: realtimestt - DEBUG - Waiting for recording stop
2026-07-19 20:31:26.210 - RealTimeSTT: realtimestt - INFO - recording stopped
2026-07-19 20:31:26.211 - RealTimeSTT: realtimestt - DEBUG - No samples removed, final audio length: 30720
2026-07-19 20:31:26.211 - RealTimeSTT: realtimestt - INFO - State changed from 'recording' to 'inactive'
2026-07-19 20:31:26.211 - RealTimeSTT: realtimestt - INFO - State changed from 'inactive' to 'transcribing'
2026-07-19 20:31:26.211 - RealTimeSTT: realtimestt - DEBUG - Adding transcription request, no early transcription started
2026-07-19 20:31:26.232 - RealTimeSTT: realtimestt - DEBUG - Receive from parent_transcription_pipe after sendiung transcription request, transcribe_count: 1
2026-07-19 20:31:26.338 - RealTimeSTT: realtimestt - DEBUG - Receive from parent_transcription_pipe after sendiung transcription request, transcribe_count: 1
2026-07-19 20:31:26.368 - RealTimeSTT: realtimestt - INFO - State changed from 'transcribing' to 'inactive'
2026-07-19 20:31:26.368 - RealTimeSTT: realtimestt - DEBUG - Model tiny.en completed transcription in 0.16 seconds
2026-07-19 20:31:26.369 - RealTimeSTT: realtimestt - INFO - recording stopped
2026-07-19 20:31:33.890 - RealTimeSTT: realtimestt - INFO - voice activity detected
2026-07-19 20:31:33.890 - RealTimeSTT: realtimestt - INFO - recording started
2026-07-19 20:31:33.890 - RealTimeSTT: realtimestt - INFO - State changed from 'inactive' to 'recording'
2026-07-19 20:31:35.370 - RealTimeSTT: realtimestt - INFO - recording stopped
2026-07-19 20:31:40.230 - RealTimeSTT: realtimestt - INFO - voice activity detected
2026-07-19 20:31:40.230 - RealTimeSTT: realtimestt - INFO - recording started
2026-07-19 20:31:41.250 - RealTimeSTT: realtimestt - INFO - recording stopped
2026-07-19 20:31:51.300 - RealTimeSTT: realtimestt - INFO - voice activity detected
2026-07-19 20:31:51.300 - RealTimeSTT: realtimestt - INFO - recording started
2026-07-19 20:31:52.010 - RealTimeSTT: realtimestt - INFO - recording stopped
2026-07-19 20:31:52.200 - RealTimeSTT: realtimestt - INFO - voice activity detected
2026-07-19 20:31:52.200 - RealTimeSTT: realtimestt - INFO - recording started
2026-07-19 20:31:54.890 - RealTimeSTT: realtimestt - INFO - recording stopped
2026-07-19 20:31:56.290 - RealTimeSTT: realtimestt - INFO - voice activity detected
2026-07-19 20:31:56.290 - RealTimeSTT: realtimestt - INFO - recording started
2026-07-19 20:31:57.380 - RealTimeSTT: realtimestt - INFO - recording stopped
2026-07-19 20:31:57.701 - RealTimeSTT: realtimestt - INFO - voice activity detected
2026-07-19 20:31:57.701 - RealTimeSTT: realtimestt - INFO - recording started
2026-07-19 20:31:59.806 - RealTimeSTT: realtimestt - DEBUG - Receive from stdout pipe
2026-07-19 20:31:59.806 - RealTimeSTT: realtimestt - INFO - None
2026-07-19 21:12:42.394 - RealTimeSTT: realtimestt - INFO - Starting RealTimeSTT
2026-07-19 21:12:42.399 - RealTimeSTT: realtimestt - INFO - Initializing audio recording (creating pyAudio input stream, sample rate: 16000 buffer size: 512
2026-07-19 21:12:42.404 - RealTimeSTT: realtimestt - INFO - Initializing WebRTC voice with Sensitivity 3
2026-07-19 21:12:42.404 - RealTimeSTT: realtimestt - DEBUG - WebRTC VAD voice activity detection engine initialized successfully
2026-07-19 21:12:42.487 - RealTimeSTT: realtimestt - DEBUG - Silero VAD voice activity detection engine initialized successfully with backend raw_onnx_ifless
2026-07-19 21:12:42.488 - RealTimeSTT: realtimestt - DEBUG - Starting realtime worker
2026-07-19 21:12:42.488 - RealTimeSTT: realtimestt - DEBUG - Waiting for main transcription model to start
2026-07-19 21:12:42.488 - RealTimeSTT: realtimestt - DEBUG - Realtime transcription disabled; realtime worker exits
2026-07-19 21:12:56.214 - RealTimeSTT: realtimestt - INFO - Starting RealTimeSTT
2026-07-19 21:12:56.219 - RealTimeSTT: realtimestt - INFO - Initializing audio recording (creating pyAudio input stream, sample rate: 16000 buffer size: 512
2026-07-19 21:12:56.225 - RealTimeSTT: realtimestt - INFO - Initializing WebRTC voice with Sensitivity 3
2026-07-19 21:12:56.225 - RealTimeSTT: realtimestt - DEBUG - WebRTC VAD voice activity detection engine initialized successfully
2026-07-19 21:12:56.283 - RealTimeSTT: realtimestt - DEBUG - Silero VAD voice activity detection engine initialized successfully with backend raw_onnx_ifless
2026-07-19 21:12:56.284 - RealTimeSTT: realtimestt - DEBUG - Starting realtime worker
2026-07-19 21:12:56.284 - RealTimeSTT: realtimestt - DEBUG - Waiting for main transcription model to start
2026-07-19 21:12:56.284 - RealTimeSTT: realtimestt - DEBUG - Realtime transcription disabled; realtime worker exits
2026-07-19 21:13:04.001 - RealTimeSTT: realtimestt - DEBUG - Main transcription model ready
2026-07-19 21:13:04.002 - RealTimeSTT: realtimestt - DEBUG - RealtimeSTT initialization completed successfully
2026-07-19 21:13:04.002 - RealTimeSTT: realtimestt - INFO - Setting listen time
2026-07-19 21:13:04.002 - RealTimeSTT: realtimestt - INFO - State changed from 'inactive' to 'listening'
2026-07-19 21:13:04.002 - RealTimeSTT: realtimestt - DEBUG - Waiting for recording start
2026-07-19 21:13:43.140 - RealTimeSTT: realtimestt - INFO - KeyboardInterrupt in wait_audio, shutting down
2026-07-19 21:13:43.140 - RealTimeSTT: realtimestt - DEBUG - Finishing recording thread
2026-07-19 21:13:43.148 - RealTimeSTT: realtimestt - DEBUG - Terminating reader process
2026-07-19 21:13:43.148 - RealTimeSTT: realtimestt - DEBUG - Terminating transcription process
2026-07-19 21:13:43.541 - RealTimeSTT: realtimestt - DEBUG - Finishing realtime thread
2026-07-19 21:13:43.613 - RealTimeSTT: realtimestt - INFO - KeyboardInterrupt in text() method
2026-07-19 21:14:00.411 - RealTimeSTT: realtimestt - INFO - Starting RealTimeSTT
2026-07-19 21:14:00.417 - RealTimeSTT: realtimestt - INFO - Initializing audio recording (creating pyAudio input stream, sample rate: 16000 buffer size: 512
2026-07-19 21:14:00.420 - RealTimeSTT: realtimestt - INFO - Initializing WebRTC voice with Sensitivity 3
2026-07-19 21:14:00.420 - RealTimeSTT: realtimestt - DEBUG - WebRTC VAD voice activity detection engine initialized successfully
2026-07-19 21:14:00.474 - RealTimeSTT: realtimestt - DEBUG - Silero VAD voice activity detection engine initialized successfully with backend raw_onnx_ifless
2026-07-19 21:14:00.475 - RealTimeSTT: realtimestt - DEBUG - Starting realtime worker
2026-07-19 21:14:00.475 - RealTimeSTT: realtimestt - DEBUG - Waiting for main transcription model to start
2026-07-19 21:14:00.475 - RealTimeSTT: realtimestt - DEBUG - Realtime transcription disabled; realtime worker exits
2026-07-19 21:14:04.474 - RealTimeSTT: realtimestt - DEBUG - Main transcription model ready
2026-07-19 21:14:04.474 - RealTimeSTT: realtimestt - DEBUG - RealtimeSTT initialization completed successfully
2026-07-19 21:14:04.474 - RealTimeSTT: realtimestt - INFO - Setting listen time
2026-07-19 21:14:04.474 - RealTimeSTT: realtimestt - INFO - State changed from 'inactive' to 'listening'
2026-07-19 21:14:04.475 - RealTimeSTT: realtimestt - DEBUG - Waiting for recording start
2026-07-19 21:14:06.015 - RealTimeSTT: realtimestt - INFO - voice activity detected
2026-07-19 21:14:06.015 - RealTimeSTT: realtimestt - INFO - recording started
2026-07-19 21:14:06.016 - RealTimeSTT: realtimestt - INFO - State changed from 'listening' to 'recording'
2026-07-19 21:14:06.016 - RealTimeSTT: realtimestt - DEBUG - Waiting for recording stop
2026-07-19 21:14:07.426 - RealTimeSTT: realtimestt - INFO - recording stopped
2026-07-19 21:14:07.427 - RealTimeSTT: realtimestt - DEBUG - No samples removed, final audio length: 38912
2026-07-19 21:14:07.427 - RealTimeSTT: realtimestt - INFO - State changed from 'recording' to 'inactive'
2026-07-19 21:14:07.427 - RealTimeSTT: realtimestt - INFO - State changed from 'inactive' to 'transcribing'
2026-07-19 21:14:07.427 - RealTimeSTT: realtimestt - DEBUG - Adding transcription request, no early transcription started
2026-07-19 21:14:07.444 - RealTimeSTT: realtimestt - DEBUG - Receive from parent_transcription_pipe after sendiung transcription request, transcribe_count: 1
2026-07-19 21:14:07.545 - RealTimeSTT: realtimestt - DEBUG - Receive from parent_transcription_pipe after sendiung transcription request, transcribe_count: 1
2026-07-19 21:14:07.606 - RealTimeSTT: realtimestt - INFO - State changed from 'transcribing' to 'inactive'
2026-07-19 21:14:07.607 - RealTimeSTT: realtimestt - DEBUG - Model tiny.en completed transcription in 0.18 seconds
2026-07-19 21:14:07.607 - RealTimeSTT: realtimestt - INFO - Setting listen time
2026-07-19 21:14:07.607 - RealTimeSTT: realtimestt - INFO - State changed from 'inactive' to 'listening'
2026-07-19 21:14:07.607 - RealTimeSTT: realtimestt - DEBUG - Waiting for recording start
2026-07-19 21:14:11.716 - RealTimeSTT: realtimestt - INFO - voice activity detected
2026-07-19 21:14:11.716 - RealTimeSTT: realtimestt - INFO - recording started
2026-07-19 21:14:11.716 - RealTimeSTT: realtimestt - INFO - State changed from 'listening' to 'recording'
2026-07-19 21:14:11.716 - RealTimeSTT: realtimestt - DEBUG - Waiting for recording stop
2026-07-19 21:14:12.676 - RealTimeSTT: realtimestt - INFO - recording stopped
2026-07-19 21:14:12.677 - RealTimeSTT: realtimestt - DEBUG - No samples removed, final audio length: 31744
2026-07-19 21:14:12.677 - RealTimeSTT: realtimestt - INFO - State changed from 'recording' to 'inactive'
2026-07-19 21:14:12.677 - RealTimeSTT: realtimestt - INFO - State changed from 'inactive' to 'transcribing'
2026-07-19 21:14:12.677 - RealTimeSTT: realtimestt - DEBUG - Adding transcription request, no early transcription started
2026-07-19 21:14:12.678 - RealTimeSTT: realtimestt - DEBUG - Receive from parent_transcription_pipe after sendiung transcription request, transcribe_count: 1
2026-07-19 21:14:12.778 - RealTimeSTT: realtimestt - DEBUG - Receive from parent_transcription_pipe after sendiung transcription request, transcribe_count: 1
2026-07-19 21:14:12.822 - RealTimeSTT: realtimestt - INFO - State changed from 'transcribing' to 'inactive'
2026-07-19 21:14:12.823 - RealTimeSTT: realtimestt - DEBUG - Model tiny.en completed transcription in 0.15 seconds
2026-07-19 21:14:12.823 - RealTimeSTT: realtimestt - INFO - recording stopped
2026-07-19 21:14:20.736 - RealTimeSTT: realtimestt - INFO - voice activity detected
2026-07-19 21:14:20.736 - RealTimeSTT: realtimestt - INFO - recording started
2026-07-19 21:14:20.736 - RealTimeSTT: realtimestt - INFO - State changed from 'inactive' to 'recording'
2026-07-19 21:14:22.786 - RealTimeSTT: realtimestt - INFO - recording stopped
2026-07-19 21:14:23.236 - RealTimeSTT: realtimestt - INFO - voice activity detected
2026-07-19 21:14:23.236 - RealTimeSTT: realtimestt - INFO - recording started
2026-07-19 21:14:24.575 - RealTimeSTT: realtimestt - INFO - recording stopped
2026-07-19 21:14:25.406 - RealTimeSTT: realtimestt - INFO - voice activity detected
2026-07-19 21:14:25.406 - RealTimeSTT: realtimestt - INFO - recording started
2026-07-19 21:14:26.045 - RealTimeSTT: realtimestt - INFO - recording stopped
2026-07-19 21:14:26.642 - RealTimeSTT: realtimestt - INFO - recording started
2026-07-19 21:14:26.642 - RealTimeSTT: realtimestt - INFO - Setting listen time
2026-07-19 21:14:26.642 - RealTimeSTT: realtimestt - DEBUG - No samples removed, final audio length: 49152
2026-07-19 21:14:26.642 - RealTimeSTT: realtimestt - INFO - State changed from 'recording' to 'transcribing'
2026-07-19 21:14:26.642 - RealTimeSTT: realtimestt - DEBUG - Adding transcription request, no early transcription started
2026-07-19 21:14:26.647 - RealTimeSTT: realtimestt - DEBUG - Receive from parent_transcription_pipe after sendiung transcription request, transcribe_count: 1
2026-07-19 21:14:26.746 - RealTimeSTT: realtimestt - DEBUG - Receive from parent_transcription_pipe after sendiung transcription request, transcribe_count: 1
2026-07-19 21:14:26.822 - RealTimeSTT: realtimestt - INFO - State changed from 'transcribing' to 'recording'
2026-07-19 21:14:26.823 - RealTimeSTT: realtimestt - DEBUG - Model tiny.en completed transcription in 0.18 seconds
2026-07-19 21:14:26.823 - RealTimeSTT: realtimestt - INFO - Attempted to stop recording too soon after starting.
2026-07-19 21:14:29.826 - RealTimeSTT: realtimestt - INFO - recording stopped
2026-07-19 21:14:35.586 - RealTimeSTT: realtimestt - INFO - voice activity detected
2026-07-19 21:14:35.586 - RealTimeSTT: realtimestt - INFO - recording started
2026-07-19 21:14:36.285 - RealTimeSTT: realtimestt - INFO - recording stopped
2026-07-19 21:14:37.055 - RealTimeSTT: realtimestt - INFO - voice activity detected
2026-07-19 21:14:37.055 - RealTimeSTT: realtimestt - INFO - recording started
2026-07-19 21:14:39.045 - RealTimeSTT: realtimestt - INFO - recording stopped
2026-07-19 21:14:39.165 - RealTimeSTT: realtimestt - INFO - voice activity detected
2026-07-19 21:14:39.165 - RealTimeSTT: realtimestt - INFO - recording started
2026-07-19 21:14:41.534 - RealTimeSTT: realtimestt - INFO - recording stopped
2026-07-19 21:14:42.111 - RealTimeSTT: realtimestt - INFO - recording started
2026-07-19 21:14:42.111 - RealTimeSTT: realtimestt - INFO - Setting listen time
2026-07-19 21:14:42.111 - RealTimeSTT: realtimestt - DEBUG - No samples removed, final audio length: 29184
2026-07-19 21:14:42.111 - RealTimeSTT: realtimestt - INFO - State changed from 'recording' to 'transcribing'
2026-07-19 21:14:42.111 - RealTimeSTT: realtimestt - DEBUG - Adding transcription request, no early transcription started
2026-07-19 21:14:42.119 - RealTimeSTT: realtimestt - DEBUG - Receive from parent_transcription_pipe after sendiung transcription request, transcribe_count: 1
2026-07-19 21:14:42.220 - RealTimeSTT: realtimestt - DEBUG - Receive from parent_transcription_pipe after sendiung transcription request, transcribe_count: 1
2026-07-19 21:14:42.268 - RealTimeSTT: realtimestt - INFO - State changed from 'transcribing' to 'recording'
2026-07-19 21:14:42.269 - RealTimeSTT: realtimestt - DEBUG - Model tiny.en completed transcription in 0.16 seconds
2026-07-19 21:14:42.269 - RealTimeSTT: realtimestt - INFO - Attempted to stop recording too soon after starting.
2026-07-19 21:14:42.755 - RealTimeSTT: realtimestt - INFO - recording stopped
2026-07-19 21:14:49.404 - RealTimeSTT: realtimestt - INFO - voice activity detected
2026-07-19 21:14:49.405 - RealTimeSTT: realtimestt - INFO - recording started
2026-07-19 21:14:50.754 - RealTimeSTT: realtimestt - INFO - recording stopped
2026-07-19 21:14:56.574 - RealTimeSTT: realtimestt - INFO - voice activity detected
2026-07-19 21:14:56.574 - RealTimeSTT: realtimestt - INFO - recording started
2026-07-19 21:14:56.694 - RealTimeSTT: realtimestt - INFO - recording started
2026-07-19 21:14:56.694 - RealTimeSTT: realtimestt - INFO - Setting listen time
2026-07-19 21:14:56.694 - RealTimeSTT: realtimestt - DEBUG - No samples removed, final audio length: 24064
2026-07-19 21:14:56.694 - RealTimeSTT: realtimestt - INFO - State changed from 'recording' to 'transcribing'
2026-07-19 21:14:56.694 - RealTimeSTT: realtimestt - DEBUG - Adding transcription request, no early transcription started
2026-07-19 21:14:56.713 - RealTimeSTT: realtimestt - DEBUG - Receive from parent_transcription_pipe after sendiung transcription request, transcribe_count: 1
2026-07-19 21:14:56.815 - RealTimeSTT: realtimestt - DEBUG - Receive from parent_transcription_pipe after sendiung transcription request, transcribe_count: 1
2026-07-19 21:14:56.882 - RealTimeSTT: realtimestt - INFO - State changed from 'transcribing' to 'recording'
2026-07-19 21:14:56.883 - RealTimeSTT: realtimestt - DEBUG - Model tiny.en completed transcription in 0.19 seconds
2026-07-19 21:14:56.883 - RealTimeSTT: realtimestt - INFO - Setting listen time
2026-07-19 21:14:56.883 - RealTimeSTT: realtimestt - DEBUG - No samples removed, final audio length: 50688
2026-07-19 21:14:56.883 - RealTimeSTT: realtimestt - INFO - State changed from 'recording' to 'transcribing'
2026-07-19 21:14:56.883 - RealTimeSTT: realtimestt - DEBUG - Adding transcription request, no early transcription started
2026-07-19 21:14:56.901 - RealTimeSTT: realtimestt - DEBUG - Receive from parent_transcription_pipe after sendiung transcription request, transcribe_count: 1
2026-07-19 21:14:57.001 - RealTimeSTT: realtimestt - DEBUG - Receive from parent_transcription_pipe after sendiung transcription request, transcribe_count: 1
2026-07-19 21:14:57.065 - RealTimeSTT: realtimestt - INFO - State changed from 'transcribing' to 'recording'
2026-07-19 21:14:57.065 - RealTimeSTT: realtimestt - DEBUG - Model tiny.en completed transcription in 0.18 seconds
2026-07-19 21:14:57.066 - RealTimeSTT: realtimestt - INFO - Attempted to stop recording too soon after starting.
2026-07-19 21:14:57.534 - RealTimeSTT: realtimestt - INFO - recording stopped
2026-07-19 21:15:03.364 - RealTimeSTT: realtimestt - INFO - voice activity detected
2026-07-19 21:15:03.364 - RealTimeSTT: realtimestt - INFO - recording started
2026-07-19 21:15:06.044 - RealTimeSTT: realtimestt - INFO - recording stopped
2026-07-19 21:15:06.884 - RealTimeSTT: realtimestt - INFO - voice activity detected
2026-07-19 21:15:06.884 - RealTimeSTT: realtimestt - INFO - recording started
2026-07-19 21:15:08.863 - RealTimeSTT: realtimestt - INFO - recording stopped
2026-07-19 21:15:09.907 - RealTimeSTT: realtimestt - INFO - recording started
2026-07-19 21:15:09.907 - RealTimeSTT: realtimestt - INFO - Setting listen time
2026-07-19 21:15:09.907 - RealTimeSTT: realtimestt - DEBUG - No samples removed, final audio length: 27648
2026-07-19 21:15:09.907 - RealTimeSTT: realtimestt - INFO - State changed from 'recording' to 'transcribing'
2026-07-19 21:15:09.907 - RealTimeSTT: realtimestt - DEBUG - Adding transcription request, no early transcription started
2026-07-19 21:15:09.921 - RealTimeSTT: realtimestt - DEBUG - Receive from parent_transcription_pipe after sendiung transcription request, transcribe_count: 1
2026-07-19 21:15:10.021 - RealTimeSTT: realtimestt - DEBUG - Receive from parent_transcription_pipe after sendiung transcription request, transcribe_count: 1
2026-07-19 21:15:10.075 - RealTimeSTT: realtimestt - INFO - State changed from 'transcribing' to 'recording'
2026-07-19 21:15:10.075 - RealTimeSTT: realtimestt - DEBUG - Model tiny.en completed transcription in 0.17 seconds
2026-07-19 21:15:10.075 - RealTimeSTT: realtimestt - INFO - Attempted to stop recording too soon after starting.
2026-07-19 21:15:10.593 - RealTimeSTT: realtimestt - INFO - recording stopped
2026-07-19 21:15:19.163 - RealTimeSTT: realtimestt - INFO - voice activity detected
2026-07-19 21:15:19.163 - RealTimeSTT: realtimestt - INFO - recording started
2026-07-19 21:15:20.253 - RealTimeSTT: realtimestt - INFO - recording stopped
2026-07-19 21:15:21.533 - RealTimeSTT: realtimestt - INFO - voice activity detected
2026-07-19 21:15:21.534 - RealTimeSTT: realtimestt - INFO - recording started
2026-07-19 21:17:06.793 - RealTimeSTT: realtimestt - INFO - Starting RealTimeSTT
2026-07-19 21:17:06.798 - RealTimeSTT: realtimestt - INFO - Initializing audio recording (creating pyAudio input stream, sample rate: 16000 buffer size: 512
2026-07-19 21:17:06.801 - RealTimeSTT: realtimestt - INFO - Initializing WebRTC voice with Sensitivity 3
2026-07-19 21:17:06.801 - RealTimeSTT: realtimestt - DEBUG - WebRTC VAD voice activity detection engine initialized successfully
2026-07-19 21:17:06.851 - RealTimeSTT: realtimestt - DEBUG - Silero VAD voice activity detection engine initialized successfully with backend raw_onnx_ifless
2026-07-19 21:17:06.853 - RealTimeSTT: realtimestt - DEBUG - Starting realtime worker
2026-07-19 21:17:06.853 - RealTimeSTT: realtimestt - DEBUG - Waiting for main transcription model to start
2026-07-19 21:17:06.853 - RealTimeSTT: realtimestt - DEBUG - Realtime transcription disabled; realtime worker exits
2026-07-19 21:17:10.757 - RealTimeSTT: realtimestt - DEBUG - Main transcription model ready
2026-07-19 21:17:10.757 - RealTimeSTT: realtimestt - DEBUG - RealtimeSTT initialization completed successfully
2026-07-19 21:17:10.757 - RealTimeSTT: realtimestt - INFO - Setting listen time
2026-07-19 21:17:10.758 - RealTimeSTT: realtimestt - INFO - State changed from 'inactive' to 'listening'
2026-07-19 21:17:10.758 - RealTimeSTT: realtimestt - DEBUG - Waiting for recording start
2026-07-19 21:17:33.198 - RealTimeSTT: realtimestt - INFO - voice activity detected
2026-07-19 21:17:33.198 - RealTimeSTT: realtimestt - INFO - recording started
2026-07-19 21:17:33.198 - RealTimeSTT: realtimestt - INFO - State changed from 'listening' to 'recording'
2026-07-19 21:17:33.198 - RealTimeSTT: realtimestt - DEBUG - Waiting for recording stop
2026-07-19 21:17:38.318 - RealTimeSTT: realtimestt - INFO - recording stopped
2026-07-19 21:17:38.320 - RealTimeSTT: realtimestt - DEBUG - No samples removed, final audio length: 98304
2026-07-19 21:17:38.320 - RealTimeSTT: realtimestt - INFO - State changed from 'recording' to 'inactive'
2026-07-19 21:17:38.320 - RealTimeSTT: realtimestt - INFO - State changed from 'inactive' to 'transcribing'
2026-07-19 21:17:38.320 - RealTimeSTT: realtimestt - DEBUG - Adding transcription request, no early transcription started
2026-07-19 21:17:38.337 - RealTimeSTT: realtimestt - DEBUG - Receive from parent_transcription_pipe after sendiung transcription request, transcribe_count: 1
2026-07-19 21:17:38.439 - RealTimeSTT: realtimestt - DEBUG - Receive from parent_transcription_pipe after sendiung transcription request, transcribe_count: 1
2026-07-19 21:17:38.538 - RealTimeSTT: realtimestt - INFO - State changed from 'transcribing' to 'inactive'
2026-07-19 21:17:38.540 - RealTimeSTT: realtimestt - DEBUG - Model tiny.en completed transcription in 0.22 seconds
2026-07-19 21:17:38.540 - RealTimeSTT: realtimestt - INFO - Setting listen time
2026-07-19 21:17:38.540 - RealTimeSTT: realtimestt - INFO - State changed from 'inactive' to 'listening'
2026-07-19 21:17:38.540 - RealTimeSTT: realtimestt - DEBUG - Waiting for recording start
2026-07-19 21:17:39.728 - RealTimeSTT: realtimestt - INFO - voice activity detected
2026-07-19 21:17:39.728 - RealTimeSTT: realtimestt - INFO - recording started
2026-07-19 21:17:39.728 - RealTimeSTT: realtimestt - INFO - State changed from 'listening' to 'recording'
2026-07-19 21:17:39.728 - RealTimeSTT: realtimestt - DEBUG - Waiting for recording stop
2026-07-19 21:17:41.388 - RealTimeSTT: realtimestt - INFO - recording stopped
2026-07-19 21:17:41.389 - RealTimeSTT: realtimestt - DEBUG - No samples removed, final audio length: 43008
2026-07-19 21:17:41.389 - RealTimeSTT: realtimestt - INFO - State changed from 'recording' to 'inactive'
2026-07-19 21:17:41.389 - RealTimeSTT: realtimestt - INFO - State changed from 'inactive' to 'transcribing'
2026-07-19 21:17:41.389 - RealTimeSTT: realtimestt - DEBUG - Adding transcription request, no early transcription started
2026-07-19 21:17:41.389 - RealTimeSTT: realtimestt - DEBUG - Receive from parent_transcription_pipe after sendiung transcription request, transcribe_count: 1
2026-07-19 21:17:41.489 - RealTimeSTT: realtimestt - DEBUG - Receive from parent_transcription_pipe after sendiung transcription request, transcribe_count: 1
2026-07-19 21:17:41.552 - RealTimeSTT: realtimestt - INFO - State changed from 'transcribing' to 'inactive'
2026-07-19 21:17:41.552 - RealTimeSTT: realtimestt - DEBUG - Model tiny.en completed transcription in 0.16 seconds
2026-07-19 21:17:41.553 - RealTimeSTT: realtimestt - INFO - Setting listen time
2026-07-19 21:17:41.553 - RealTimeSTT: realtimestt - INFO - State changed from 'inactive' to 'listening'
2026-07-19 21:17:41.553 - RealTimeSTT: realtimestt - DEBUG - Waiting for recording start
2026-07-19 21:17:42.408 - RealTimeSTT: realtimestt - INFO - voice activity detected
2026-07-19 21:17:42.408 - RealTimeSTT: realtimestt - INFO - recording started
2026-07-19 21:17:42.408 - RealTimeSTT: realtimestt - INFO - State changed from 'listening' to 'recording'
2026-07-19 21:17:42.408 - RealTimeSTT: realtimestt - DEBUG - Waiting for recording stop
2026-07-19 21:17:44.008 - RealTimeSTT: realtimestt - INFO - recording stopped
2026-07-19 21:17:44.008 - RealTimeSTT: realtimestt - DEBUG - No samples removed, final audio length: 41984
2026-07-19 21:17:44.008 - RealTimeSTT: realtimestt - INFO - State changed from 'recording' to 'inactive'
2026-07-19 21:17:44.009 - RealTimeSTT: realtimestt - INFO - State changed from 'inactive' to 'transcribing'
2026-07-19 21:17:44.009 - RealTimeSTT: realtimestt - DEBUG - Adding transcription request, no early transcription started
2026-07-19 21:17:44.014 - RealTimeSTT: realtimestt - DEBUG - Receive from parent_transcription_pipe after sendiung transcription request, transcribe_count: 1
2026-07-19 21:17:44.115 - RealTimeSTT: realtimestt - DEBUG - Receive from parent_transcription_pipe after sendiung transcription request, transcribe_count: 1
2026-07-19 21:17:44.157 - RealTimeSTT: realtimestt - INFO - State changed from 'transcribing' to 'inactive'
2026-07-19 21:17:44.158 - RealTimeSTT: realtimestt - DEBUG - Model tiny.en completed transcription in 0.15 seconds
2026-07-19 21:17:44.158 - RealTimeSTT: realtimestt - INFO - Setting listen time
2026-07-19 21:17:44.158 - RealTimeSTT: realtimestt - INFO - State changed from 'inactive' to 'listening'
2026-07-19 21:17:44.158 - RealTimeSTT: realtimestt - DEBUG - Waiting for recording start
2026-07-19 21:17:45.097 - RealTimeSTT: realtimestt - INFO - voice activity detected
2026-07-19 21:17:45.097 - RealTimeSTT: realtimestt - INFO - recording started
2026-07-19 21:17:45.097 - RealTimeSTT: realtimestt - INFO - State changed from 'listening' to 'recording'
2026-07-19 21:17:45.097 - RealTimeSTT: realtimestt - DEBUG - Waiting for recording stop
2026-07-19 21:17:49.067 - RealTimeSTT: realtimestt - INFO - recording stopped
2026-07-19 21:17:49.069 - RealTimeSTT: realtimestt - DEBUG - No samples removed, final audio length: 79872
2026-07-19 21:17:49.069 - RealTimeSTT: realtimestt - INFO - State changed from 'recording' to 'inactive'
2026-07-19 21:17:49.069 - RealTimeSTT: realtimestt - INFO - State changed from 'inactive' to 'transcribing'
2026-07-19 21:17:49.069 - RealTimeSTT: realtimestt - DEBUG - Adding transcription request, no early transcription started
2026-07-19 21:17:49.082 - RealTimeSTT: realtimestt - DEBUG - Receive from parent_transcription_pipe after sendiung transcription request, transcribe_count: 1
2026-07-19 21:17:49.182 - RealTimeSTT: realtimestt - DEBUG - Receive from parent_transcription_pipe after sendiung transcription request, transcribe_count: 1
2026-07-19 21:17:49.279 - RealTimeSTT: realtimestt - INFO - State changed from 'transcribing' to 'inactive'
2026-07-19 21:17:49.280 - RealTimeSTT: realtimestt - DEBUG - Model tiny.en completed transcription in 0.21 seconds
2026-07-19 21:17:49.280 - RealTimeSTT: realtimestt - INFO - Setting listen time
2026-07-19 21:17:49.280 - RealTimeSTT: realtimestt - INFO - State changed from 'inactive' to 'listening'
2026-07-19 21:17:49.280 - RealTimeSTT: realtimestt - DEBUG - Waiting for recording start
2026-07-19 21:17:51.117 - RealTimeSTT: realtimestt - INFO - voice activity detected
2026-07-19 21:17:51.117 - RealTimeSTT: realtimestt - INFO - recording started
2026-07-19 21:17:51.117 - RealTimeSTT: realtimestt - INFO - State changed from 'listening' to 'recording'
2026-07-19 21:17:51.117 - RealTimeSTT: realtimestt - DEBUG - Waiting for recording stop
2026-07-19 21:17:59.567 - RealTimeSTT: realtimestt - INFO - recording stopped
2026-07-19 21:17:59.569 - RealTimeSTT: realtimestt - DEBUG - No samples removed, final audio length: 151552
2026-07-19 21:17:59.569 - RealTimeSTT: realtimestt - INFO - State changed from 'recording' to 'inactive'
2026-07-19 21:17:59.569 - RealTimeSTT: realtimestt - INFO - State changed from 'inactive' to 'transcribing'
2026-07-19 21:17:59.569 - RealTimeSTT: realtimestt - DEBUG - Adding transcription request, no early transcription started
2026-07-19 21:17:59.570 - RealTimeSTT: realtimestt - DEBUG - Receive from parent_transcription_pipe after sendiung transcription request, transcribe_count: 1
2026-07-19 21:17:59.670 - RealTimeSTT: realtimestt - DEBUG - Receive from parent_transcription_pipe after sendiung transcription request, transcribe_count: 1
2026-07-19 21:17:59.770 - RealTimeSTT: realtimestt - DEBUG - Receive from parent_transcription_pipe after sendiung transcription request, transcribe_count: 1
2026-07-19 21:17:59.833 - RealTimeSTT: realtimestt - INFO - State changed from 'transcribing' to 'inactive'
2026-07-19 21:17:59.835 - RealTimeSTT: realtimestt - DEBUG - Model tiny.en completed transcription in 0.27 seconds
2026-07-19 21:17:59.835 - RealTimeSTT: realtimestt - INFO - Setting listen time
2026-07-19 21:17:59.835 - RealTimeSTT: realtimestt - INFO - State changed from 'inactive' to 'listening'
2026-07-19 21:17:59.835 - RealTimeSTT: realtimestt - DEBUG - Waiting for recording start
2026-07-19 21:18:00.077 - RealTimeSTT: realtimestt - INFO - voice activity detected
2026-07-19 21:18:00.077 - RealTimeSTT: realtimestt - INFO - recording started
2026-07-19 21:18:00.077 - RealTimeSTT: realtimestt - INFO - State changed from 'listening' to 'recording'
2026-07-19 21:18:00.077 - RealTimeSTT: realtimestt - DEBUG - Waiting for recording stop
2026-07-19 21:18:01.487 - RealTimeSTT: realtimestt - INFO - recording stopped
2026-07-19 21:18:01.487 - RealTimeSTT: realtimestt - DEBUG - No samples removed, final audio length: 31232
2026-07-19 21:18:01.488 - RealTimeSTT: realtimestt - INFO - State changed from 'recording' to 'inactive'
2026-07-19 21:18:01.488 - RealTimeSTT: realtimestt - INFO - State changed from 'inactive' to 'transcribing'
2026-07-19 21:18:01.488 - RealTimeSTT: realtimestt - DEBUG - Adding transcription request, no early transcription started
2026-07-19 21:18:01.488 - RealTimeSTT: realtimestt - DEBUG - Receive from parent_transcription_pipe after sendiung transcription request, transcribe_count: 1
2026-07-19 21:18:01.588 - RealTimeSTT: realtimestt - DEBUG - Receive from parent_transcription_pipe after sendiung transcription request, transcribe_count: 1
2026-07-19 21:18:01.638 - RealTimeSTT: realtimestt - INFO - State changed from 'transcribing' to 'inactive'
2026-07-19 21:18:01.639 - RealTimeSTT: realtimestt - DEBUG - Model tiny.en completed transcription in 0.15 seconds
2026-07-19 21:18:01.639 - RealTimeSTT: realtimestt - INFO - Setting listen time
2026-07-19 21:18:01.639 - RealTimeSTT: realtimestt - INFO - State changed from 'inactive' to 'listening'
2026-07-19 21:18:01.639 - RealTimeSTT: realtimestt - DEBUG - Waiting for recording start
2026-07-19 21:18:05.127 - RealTimeSTT: realtimestt - INFO - voice activity detected
2026-07-19 21:18:05.127 - RealTimeSTT: realtimestt - INFO - recording started
2026-07-19 21:18:05.127 - RealTimeSTT: realtimestt - INFO - State changed from 'listening' to 'recording'
2026-07-19 21:18:05.127 - RealTimeSTT: realtimestt - DEBUG - Waiting for recording stop
2026-07-19 21:18:05.766 - RealTimeSTT: realtimestt - INFO - recording stopped
2026-07-19 21:18:05.767 - RealTimeSTT: realtimestt - DEBUG - No samples removed, final audio length: 26624
2026-07-19 21:18:05.767 - RealTimeSTT: realtimestt - INFO - State changed from 'recording' to 'inactive'
2026-07-19 21:18:05.767 - RealTimeSTT: realtimestt - INFO - State changed from 'inactive' to 'transcribing'
2026-07-19 21:18:05.767 - RealTimeSTT: realtimestt - DEBUG - Adding transcription request, no early transcription started
2026-07-19 21:18:05.769 - RealTimeSTT: realtimestt - DEBUG - Receive from parent_transcription_pipe after sendiung transcription request, transcribe_count: 1
2026-07-19 21:18:05.869 - RealTimeSTT: realtimestt - DEBUG - Receive from parent_transcription_pipe after sendiung transcription request, transcribe_count: 1
2026-07-19 21:18:05.899 - RealTimeSTT: realtimestt - INFO - State changed from 'transcribing' to 'inactive'
2026-07-19 21:18:05.900 - RealTimeSTT: realtimestt - DEBUG - Model tiny.en completed transcription in 0.13 seconds
2026-07-19 21:18:05.900 - RealTimeSTT: realtimestt - INFO - Setting listen time
2026-07-19 21:18:05.900 - RealTimeSTT: realtimestt - INFO - State changed from 'inactive' to 'listening'
2026-07-19 21:18:05.900 - RealTimeSTT: realtimestt - DEBUG - Waiting for recording start
2026-07-19 21:18:06.537 - RealTimeSTT: realtimestt - INFO - voice activity detected
2026-07-19 21:18:06.537 - RealTimeSTT: realtimestt - INFO - recording started
2026-07-19 21:18:06.537 - RealTimeSTT: realtimestt - INFO - State changed from 'listening' to 'recording'
2026-07-19 21:18:06.537 - RealTimeSTT: realtimestt - DEBUG - Waiting for recording stop
2026-07-19 21:18:07.306 - RealTimeSTT: realtimestt - INFO - recording stopped
2026-07-19 21:18:07.307 - RealTimeSTT: realtimestt - DEBUG - No samples removed, final audio length: 25088
2026-07-19 21:18:07.307 - RealTimeSTT: realtimestt - INFO - State changed from 'recording' to 'inactive'
2026-07-19 21:18:07.307 - RealTimeSTT: realtimestt - INFO - State changed from 'inactive' to 'transcribing'
2026-07-19 21:18:07.307 - RealTimeSTT: realtimestt - DEBUG - Adding transcription request, no early transcription started
2026-07-19 21:18:07.307 - RealTimeSTT: realtimestt - DEBUG - Receive from parent_transcription_pipe after sendiung transcription request, transcribe_count: 1
2026-07-19 21:18:07.408 - RealTimeSTT: realtimestt - DEBUG - Receive from parent_transcription_pipe after sendiung transcription request, transcribe_count: 1
2026-07-19 21:18:07.447 - RealTimeSTT: realtimestt - INFO - State changed from 'transcribing' to 'inactive'
2026-07-19 21:18:07.447 - RealTimeSTT: realtimestt - DEBUG - Model tiny.en completed transcription in 0.14 seconds
2026-07-19 21:18:07.448 - RealTimeSTT: realtimestt - INFO - Setting listen time
2026-07-19 21:18:07.448 - RealTimeSTT: realtimestt - INFO - State changed from 'inactive' to 'listening'
2026-07-19 21:18:07.448 - RealTimeSTT: realtimestt - DEBUG - Waiting for recording start
2026-07-19 21:18:07.756 - RealTimeSTT: realtimestt - INFO - voice activity detected
2026-07-19 21:18:07.756 - RealTimeSTT: realtimestt - INFO - recording started
2026-07-19 21:18:07.756 - RealTimeSTT: realtimestt - INFO - State changed from 'listening' to 'recording'
2026-07-19 21:18:07.757 - RealTimeSTT: realtimestt - DEBUG - Waiting for recording stop
2026-07-19 21:18:10.956 - RealTimeSTT: realtimestt - INFO - recording stopped
2026-07-19 21:18:10.957 - RealTimeSTT: realtimestt - DEBUG - No samples removed, final audio length: 58880
2026-07-19 21:18:10.957 - RealTimeSTT: realtimestt - INFO - State changed from 'recording' to 'inactive'
2026-07-19 21:18:10.957 - RealTimeSTT: realtimestt - INFO - State changed from 'inactive' to 'transcribing'
2026-07-19 21:18:10.957 - RealTimeSTT: realtimestt - DEBUG - Adding transcription request, no early transcription started
2026-07-19 21:18:10.963 - RealTimeSTT: realtimestt - DEBUG - Receive from parent_transcription_pipe after sendiung transcription request, transcribe_count: 1
2026-07-19 21:18:11.064 - RealTimeSTT: realtimestt - DEBUG - Receive from parent_transcription_pipe after sendiung transcription request, transcribe_count: 1
2026-07-19 21:18:11.140 - RealTimeSTT: realtimestt - INFO - State changed from 'transcribing' to 'inactive'
2026-07-19 21:18:11.141 - RealTimeSTT: realtimestt - DEBUG - Model tiny.en completed transcription in 0.18 seconds
2026-07-19 21:18:11.141 - RealTimeSTT: realtimestt - INFO - Setting listen time
2026-07-19 21:18:11.141 - RealTimeSTT: realtimestt - INFO - State changed from 'inactive' to 'listening'
2026-07-19 21:18:11.141 - RealTimeSTT: realtimestt - DEBUG - Waiting for recording start
2026-07-19 21:18:12.366 - RealTimeSTT: realtimestt - INFO - voice activity detected
2026-07-19 21:18:12.366 - RealTimeSTT: realtimestt - INFO - recording started
2026-07-19 21:18:12.366 - RealTimeSTT: realtimestt - INFO - State changed from 'listening' to 'recording'
2026-07-19 21:18:12.366 - RealTimeSTT: realtimestt - DEBUG - Waiting for recording stop
2026-07-19 21:18:16.646 - RealTimeSTT: realtimestt - INFO - recording stopped
2026-07-19 21:18:16.647 - RealTimeSTT: realtimestt - DEBUG - No samples removed, final audio length: 84992
2026-07-19 21:18:16.647 - RealTimeSTT: realtimestt - INFO - State changed from 'recording' to 'inactive'
2026-07-19 21:18:16.648 - RealTimeSTT: realtimestt - INFO - State changed from 'inactive' to 'transcribing'
2026-07-19 21:18:16.648 - RealTimeSTT: realtimestt - DEBUG - Adding transcription request, no early transcription started
2026-07-19 21:18:16.648 - RealTimeSTT: realtimestt - DEBUG - Receive from parent_transcription_pipe after sendiung transcription request, transcribe_count: 1
2026-07-19 21:18:16.749 - RealTimeSTT: realtimestt - DEBUG - Receive from parent_transcription_pipe after sendiung transcription request, transcribe_count: 1
2026-07-19 21:18:16.823 - RealTimeSTT: realtimestt - INFO - State changed from 'transcribing' to 'inactive'
2026-07-19 21:18:16.824 - RealTimeSTT: realtimestt - DEBUG - Model tiny.en completed transcription in 0.18 seconds
2026-07-19 21:18:16.824 - RealTimeSTT: realtimestt - INFO - Setting listen time
2026-07-19 21:18:16.824 - RealTimeSTT: realtimestt - INFO - State changed from 'inactive' to 'listening'
2026-07-19 21:18:16.824 - RealTimeSTT: realtimestt - DEBUG - Waiting for recording start
2026-07-19 21:18:18.316 - RealTimeSTT: realtimestt - INFO - voice activity detected
2026-07-19 21:18:18.316 - RealTimeSTT: realtimestt - INFO - recording started
2026-07-19 21:18:18.316 - RealTimeSTT: realtimestt - INFO - State changed from 'listening' to 'recording'
2026-07-19 21:18:18.316 - RealTimeSTT: realtimestt - DEBUG - Waiting for recording stop
2026-07-19 21:18:19.276 - RealTimeSTT: realtimestt - INFO - recording stopped
2026-07-19 21:18:19.277 - RealTimeSTT: realtimestt - DEBUG - No samples removed, final audio length: 31744
2026-07-19 21:18:19.277 - RealTimeSTT: realtimestt - INFO - State changed from 'recording' to 'inactive'
2026-07-19 21:18:19.277 - RealTimeSTT: realtimestt - INFO - State changed from 'inactive' to 'transcribing'
2026-07-19 21:18:19.277 - RealTimeSTT: realtimestt - DEBUG - Adding transcription request, no early transcription started
2026-07-19 21:18:19.277 - RealTimeSTT: realtimestt - DEBUG - Receive from parent_transcription_pipe after sendiung transcription request, transcribe_count: 1
2026-07-19 21:18:19.377 - RealTimeSTT: realtimestt - DEBUG - Receive from parent_transcription_pipe after sendiung transcription request, transcribe_count: 1
2026-07-19 21:18:19.415 - RealTimeSTT: realtimestt - INFO - State changed from 'transcribing' to 'inactive'
2026-07-19 21:18:19.415 - RealTimeSTT: realtimestt - DEBUG - Model tiny.en completed transcription in 0.14 seconds
2026-07-19 21:18:19.416 - RealTimeSTT: realtimestt - INFO - recording stopped
2026-07-19 21:18:22.156 - RealTimeSTT: realtimestt - INFO - voice activity detected
2026-07-19 21:18:22.156 - RealTimeSTT: realtimestt - INFO - recording started
2026-07-19 21:18:22.156 - RealTimeSTT: realtimestt - INFO - State changed from 'inactive' to 'recording'
2026-07-19 21:18:23.246 - RealTimeSTT: realtimestt - INFO - recording stopped
2026-07-19 21:18:25.996 - RealTimeSTT: realtimestt - INFO - voice activity detected
2026-07-19 21:18:25.996 - RealTimeSTT: realtimestt - INFO - recording started
2026-07-19 21:18:27.726 - RealTimeSTT: realtimestt - INFO - recording stopped
2026-07-19 21:18:28.875 - RealTimeSTT: realtimestt - INFO - voice activity detected
2026-07-19 21:18:28.876 - RealTimeSTT: realtimestt - INFO - recording started
2026-07-19 21:18:29.965 - RealTimeSTT: realtimestt - INFO - recording stopped
2026-07-19 21:18:30.344 - RealTimeSTT: realtimestt - INFO - Setting listen time
2026-07-19 21:18:30.344 - RealTimeSTT: realtimestt - DEBUG - No samples removed, final audio length: 33792
2026-07-19 21:18:30.344 - RealTimeSTT: realtimestt - INFO - State changed from 'recording' to 'inactive'
2026-07-19 21:18:30.344 - RealTimeSTT: realtimestt - INFO - State changed from 'inactive' to 'transcribing'
2026-07-19 21:18:30.344 - RealTimeSTT: realtimestt - DEBUG - Adding transcription request, no early transcription started
2026-07-19 21:18:30.352 - RealTimeSTT: realtimestt - DEBUG - Receive from parent_transcription_pipe after sendiung transcription request, transcribe_count: 1
2026-07-19 21:18:30.453 - RealTimeSTT: realtimestt - DEBUG - Receive from parent_transcription_pipe after sendiung transcription request, transcribe_count: 1
2026-07-19 21:18:30.501 - RealTimeSTT: realtimestt - INFO - State changed from 'transcribing' to 'inactive'
2026-07-19 21:18:30.502 - RealTimeSTT: realtimestt - DEBUG - Model tiny.en completed transcription in 0.16 seconds
2026-07-19 21:18:30.502 - RealTimeSTT: realtimestt - INFO - recording stopped
2026-07-19 21:18:35.335 - RealTimeSTT: realtimestt - INFO - voice activity detected
2026-07-19 21:18:35.335 - RealTimeSTT: realtimestt - INFO - recording started
2026-07-19 21:18:35.335 - RealTimeSTT: realtimestt - INFO - State changed from 'inactive' to 'recording'
2026-07-19 21:18:41.805 - RealTimeSTT: realtimestt - INFO - recording stopped
2026-07-19 21:18:42.635 - RealTimeSTT: realtimestt - INFO - voice activity detected
2026-07-19 21:18:42.635 - RealTimeSTT: realtimestt - INFO - recording started
2026-07-19 21:18:43.275 - RealTimeSTT: realtimestt - INFO - recording stopped
2026-07-19 21:18:43.830 - RealTimeSTT: realtimestt - INFO - Setting listen time
2026-07-19 21:18:43.831 - RealTimeSTT: realtimestt - DEBUG - No samples removed, final audio length: 44032
2026-07-19 21:18:43.831 - RealTimeSTT: realtimestt - INFO - State changed from 'recording' to 'inactive'
2026-07-19 21:18:43.831 - RealTimeSTT: realtimestt - INFO - State changed from 'inactive' to 'transcribing'
2026-07-19 21:18:43.831 - RealTimeSTT: realtimestt - DEBUG - Adding transcription request, no early transcription started
2026-07-19 21:18:43.831 - RealTimeSTT: realtimestt - DEBUG - Receive from parent_transcription_pipe after sendiung transcription request, transcribe_count: 1
2026-07-19 21:18:43.931 - RealTimeSTT: realtimestt - DEBUG - Receive from parent_transcription_pipe after sendiung transcription request, transcribe_count: 1
2026-07-19 21:18:43.993 - RealTimeSTT: realtimestt - INFO - State changed from 'transcribing' to 'inactive'
2026-07-19 21:18:43.993 - RealTimeSTT: realtimestt - DEBUG - Model tiny.en completed transcription in 0.16 seconds
2026-07-19 21:18:43.994 - RealTimeSTT: realtimestt - INFO - Setting listen time
2026-07-19 21:18:43.994 - RealTimeSTT: realtimestt - DEBUG - No samples removed, final audio length: 33792
2026-07-19 21:18:43.994 - RealTimeSTT: realtimestt - INFO - State changed from 'inactive' to 'transcribing'
2026-07-19 21:18:43.994 - RealTimeSTT: realtimestt - DEBUG - Adding transcription request, no early transcription started
2026-07-19 21:18:44.015 - RealTimeSTT: realtimestt - DEBUG - Receive from parent_transcription_pipe after sendiung transcription request, transcribe_count: 1
2026-07-19 21:18:44.115 - RealTimeSTT: realtimestt - DEBUG - Receive from parent_transcription_pipe after sendiung transcription request, transcribe_count: 1
2026-07-19 21:18:44.177 - RealTimeSTT: realtimestt - INFO - State changed from 'transcribing' to 'inactive'
2026-07-19 21:18:44.177 - RealTimeSTT: realtimestt - DEBUG - Model tiny.en completed transcription in 0.18 seconds
2026-07-19 21:18:44.177 - RealTimeSTT: realtimestt - INFO - Setting listen time
2026-07-19 21:18:44.178 - RealTimeSTT: realtimestt - DEBUG - No samples removed, final audio length: 119808
2026-07-19 21:18:44.178 - RealTimeSTT: realtimestt - INFO - State changed from 'inactive' to 'transcribing'
2026-07-19 21:18:44.178 - RealTimeSTT: realtimestt - DEBUG - Adding transcription request, no early transcription started
2026-07-19 21:18:44.198 - RealTimeSTT: realtimestt - DEBUG - Receive from parent_transcription_pipe after sendiung transcription request, transcribe_count: 1
2026-07-19 21:18:44.298 - RealTimeSTT: realtimestt - DEBUG - Receive from parent_transcription_pipe after sendiung transcription request, transcribe_count: 1
2026-07-19 21:18:44.399 - RealTimeSTT: realtimestt - DEBUG - Receive from parent_transcription_pipe after sendiung transcription request, transcribe_count: 1
2026-07-19 21:18:44.476 - RealTimeSTT: realtimestt - INFO - State changed from 'transcribing' to 'inactive'
2026-07-19 21:18:44.478 - RealTimeSTT: realtimestt - DEBUG - Model tiny.en completed transcription in 0.30 seconds
2026-07-19 21:18:44.478 - RealTimeSTT: realtimestt - INFO - Setting listen time
2026-07-19 21:18:44.478 - RealTimeSTT: realtimestt - DEBUG - No samples removed, final audio length: 24064
2026-07-19 21:18:44.478 - RealTimeSTT: realtimestt - INFO - State changed from 'inactive' to 'transcribing'
2026-07-19 21:18:44.478 - RealTimeSTT: realtimestt - DEBUG - Adding transcription request, no early transcription started
2026-07-19 21:18:44.479 - RealTimeSTT: realtimestt - DEBUG - Receive from parent_transcription_pipe after sendiung transcription request, transcribe_count: 1
2026-07-19 21:18:44.579 - RealTimeSTT: realtimestt - DEBUG - Receive from parent_transcription_pipe after sendiung transcription request, transcribe_count: 1
2026-07-19 21:18:44.628 - RealTimeSTT: realtimestt - INFO - State changed from 'transcribing' to 'inactive'
2026-07-19 21:18:44.628 - RealTimeSTT: realtimestt - DEBUG - Model tiny.en completed transcription in 0.15 seconds
2026-07-19 21:18:44.628 - RealTimeSTT: realtimestt - INFO - Setting listen time
2026-07-19 21:18:44.629 - RealTimeSTT: realtimestt - INFO - State changed from 'inactive' to 'listening'
2026-07-19 21:18:44.629 - RealTimeSTT: realtimestt - DEBUG - Waiting for recording start
2026-07-19 21:18:46.154 - RealTimeSTT: realtimestt - INFO - voice activity detected
2026-07-19 21:18:46.155 - RealTimeSTT: realtimestt - INFO - recording started
2026-07-19 21:18:46.155 - RealTimeSTT: realtimestt - INFO - State changed from 'listening' to 'recording'
2026-07-19 21:18:46.155 - RealTimeSTT: realtimestt - DEBUG - Waiting for recording stop
2026-07-19 21:18:47.564 - RealTimeSTT: realtimestt - INFO - recording stopped
2026-07-19 21:18:47.565 - RealTimeSTT: realtimestt - DEBUG - No samples removed, final audio length: 38912
2026-07-19 21:18:47.565 - RealTimeSTT: realtimestt - INFO - State changed from 'recording' to 'inactive'
2026-07-19 21:18:47.565 - RealTimeSTT: realtimestt - INFO - State changed from 'inactive' to 'transcribing'
2026-07-19 21:18:47.565 - RealTimeSTT: realtimestt - DEBUG - Adding transcription request, no early transcription started
2026-07-19 21:18:47.578 - RealTimeSTT: realtimestt - DEBUG - Receive from parent_transcription_pipe after sendiung transcription request, transcribe_count: 1
2026-07-19 21:18:47.678 - RealTimeSTT: realtimestt - DEBUG - Receive from parent_transcription_pipe after sendiung transcription request, transcribe_count: 1
2026-07-19 21:18:47.737 - RealTimeSTT: realtimestt - INFO - State changed from 'transcribing' to 'inactive'
2026-07-19 21:18:47.737 - RealTimeSTT: realtimestt - DEBUG - Model tiny.en completed transcription in 0.17 seconds
2026-07-19 21:18:47.737 - RealTimeSTT: realtimestt - INFO - recording stopped
2026-07-19 21:18:48.644 - RealTimeSTT: realtimestt - INFO - voice activity detected
2026-07-19 21:18:48.644 - RealTimeSTT: realtimestt - INFO - recording started
2026-07-19 21:18:48.644 - RealTimeSTT: realtimestt - INFO - State changed from 'inactive' to 'recording'
2026-07-19 21:18:51.915 - RealTimeSTT: realtimestt - INFO - recording stopped
2026-07-19 21:18:52.934 - RealTimeSTT: realtimestt - INFO - voice activity detected
2026-07-19 21:18:52.934 - RealTimeSTT: realtimestt - INFO - recording started
2026-07-19 21:18:56.645 - RealTimeSTT: realtimestt - INFO - recording stopped
2026-07-19 21:18:56.964 - RealTimeSTT: realtimestt - INFO - voice activity detected
2026-07-19 21:18:56.964 - RealTimeSTT: realtimestt - INFO - recording started
2026-07-19 21:18:59.525 - RealTimeSTT: realtimestt - INFO - recording stopped
2026-07-19 21:18:59.914 - RealTimeSTT: realtimestt - INFO - voice activity detected
2026-07-19 21:18:59.914 - RealTimeSTT: realtimestt - INFO - recording started
2026-07-19 21:19:01.064 - RealTimeSTT: realtimestt - INFO - recording stopped
2026-07-19 21:19:01.082 - RealTimeSTT: realtimestt - INFO - Setting listen time
2026-07-19 21:19:01.082 - RealTimeSTT: realtimestt - DEBUG - No samples removed, final audio length: 68608
2026-07-19 21:19:01.082 - RealTimeSTT: realtimestt - INFO - State changed from 'recording' to 'inactive'
2026-07-19 21:19:01.082 - RealTimeSTT: realtimestt - INFO - State changed from 'inactive' to 'transcribing'
2026-07-19 21:19:01.082 - RealTimeSTT: realtimestt - DEBUG - Adding transcription request, no early transcription started
2026-07-19 21:19:01.083 - RealTimeSTT: realtimestt - DEBUG - Receive from parent_transcription_pipe after sendiung transcription request, transcribe_count: 1
2026-07-19 21:19:01.183 - RealTimeSTT: realtimestt - DEBUG - Receive from parent_transcription_pipe after sendiung transcription request, transcribe_count: 1
2026-07-19 21:19:01.258 - RealTimeSTT: realtimestt - INFO - State changed from 'transcribing' to 'inactive'
2026-07-19 21:19:01.259 - RealTimeSTT: realtimestt - DEBUG - Model tiny.en completed transcription in 0.18 seconds
2026-07-19 21:19:01.259 - RealTimeSTT: realtimestt - INFO - recording stopped
2026-07-19 21:19:02.285 - RealTimeSTT: realtimestt - INFO - voice activity detected
2026-07-19 21:19:02.285 - RealTimeSTT: realtimestt - INFO - recording started
2026-07-19 21:19:02.285 - RealTimeSTT: realtimestt - INFO - State changed from 'inactive' to 'recording'
2026-07-19 21:19:03.244 - RealTimeSTT: realtimestt - INFO - recording stopped
2026-07-19 21:19:05.604 - RealTimeSTT: realtimestt - INFO - voice activity detected
2026-07-19 21:19:05.604 - RealTimeSTT: realtimestt - INFO - recording started
2026-07-19 21:19:08.103 - RealTimeSTT: realtimestt - INFO - recording stopped
2026-07-19 21:19:10.603 - RealTimeSTT: realtimestt - INFO - voice activity detected
2026-07-19 21:19:10.603 - RealTimeSTT: realtimestt - INFO - recording started
2026-07-19 21:19:13.603 - RealTimeSTT: realtimestt - INFO - recording stopped
2026-07-19 21:19:14.183 - RealTimeSTT: realtimestt - INFO - voice activity detected
2026-07-19 21:19:14.183 - RealTimeSTT: realtimestt - INFO - recording started
2026-07-19 21:19:15.723 - RealTimeSTT: realtimestt - INFO - recording stopped
2026-07-19 21:19:16.363 - RealTimeSTT: realtimestt - INFO - voice activity detected
2026-07-19 21:19:16.363 - RealTimeSTT: realtimestt - INFO - recording started
2026-07-19 21:19:17.003 - RealTimeSTT: realtimestt - INFO - recording stopped
2026-07-19 21:19:17.418 - RealTimeSTT: realtimestt - INFO - Setting listen time
2026-07-19 21:19:17.418 - RealTimeSTT: realtimestt - DEBUG - No samples removed, final audio length: 75776
2026-07-19 21:19:17.418 - RealTimeSTT: realtimestt - INFO - State changed from 'recording' to 'inactive'
2026-07-19 21:19:17.418 - RealTimeSTT: realtimestt - INFO - State changed from 'inactive' to 'transcribing'
2026-07-19 21:19:17.418 - RealTimeSTT: realtimestt - DEBUG - Adding transcription request, no early transcription started
2026-07-19 21:19:17.431 - RealTimeSTT: realtimestt - DEBUG - Receive from parent_transcription_pipe after sendiung transcription request, transcribe_count: 1
2026-07-19 21:19:17.531 - RealTimeSTT: realtimestt - DEBUG - Receive from parent_transcription_pipe after sendiung transcription request, transcribe_count: 1
2026-07-19 21:19:17.632 - RealTimeSTT: realtimestt - DEBUG - Receive from parent_transcription_pipe after sendiung transcription request, transcribe_count: 1
2026-07-19 21:19:17.638 - RealTimeSTT: realtimestt - INFO - State changed from 'transcribing' to 'inactive'
2026-07-19 21:19:17.639 - RealTimeSTT: realtimestt - DEBUG - Model tiny.en completed transcription in 0.22 seconds
2026-07-19 21:19:17.640 - RealTimeSTT: realtimestt - INFO - recording stopped
2026-07-19 21:19:24.553 - RealTimeSTT: realtimestt - INFO - voice activity detected
2026-07-19 21:19:24.553 - RealTimeSTT: realtimestt - INFO - recording started
2026-07-19 21:19:24.553 - RealTimeSTT: realtimestt - INFO - State changed from 'inactive' to 'recording'
2026-07-19 21:19:27.882 - RealTimeSTT: realtimestt - INFO - recording stopped
2026-07-19 21:19:28.308 - RealTimeSTT: realtimestt - DEBUG - Receive from stdout pipe
2026-07-19 21:19:28.308 - RealTimeSTT: realtimestt - INFO - None
2026-07-20 20:52:42.332 - RealTimeSTT: realtimestt - INFO - Starting RealTimeSTT
2026-07-20 20:52:42.337 - RealTimeSTT: realtimestt - INFO - Initializing audio recording (creating pyAudio input stream, sample rate: 16000 buffer size: 512
2026-07-20 20:52:42.340 - RealTimeSTT: realtimestt - INFO - Initializing WebRTC voice with Sensitivity 3
2026-07-20 20:52:42.340 - RealTimeSTT: realtimestt - DEBUG - WebRTC VAD voice activity detection engine initialized successfully
2026-07-20 20:52:42.401 - RealTimeSTT: realtimestt - DEBUG - Silero VAD voice activity detection engine initialized successfully with backend raw_onnx_ifless
2026-07-20 20:52:42.403 - RealTimeSTT: realtimestt - DEBUG - Starting realtime worker
2026-07-20 20:52:42.403 - RealTimeSTT: realtimestt - DEBUG - Waiting for main transcription model to start
2026-07-20 20:52:42.403 - RealTimeSTT: realtimestt - DEBUG - Realtime transcription disabled; realtime worker exits
2026-07-20 20:52:46.385 - RealTimeSTT: realtimestt - INFO - Starting RealTimeSTT
2026-07-20 20:52:46.395 - RealTimeSTT: realtimestt - INFO - Initializing audio recording (creating pyAudio input stream, sample rate: 16000 buffer size: 512
2026-07-20 20:52:46.400 - RealTimeSTT: realtimestt - INFO - Initializing WebRTC voice with Sensitivity 3
2026-07-20 20:52:46.400 - RealTimeSTT: realtimestt - DEBUG - WebRTC VAD voice activity detection engine initialized successfully
2026-07-20 20:52:46.483 - RealTimeSTT: realtimestt - DEBUG - Silero VAD voice activity detection engine initialized successfully with backend raw_onnx_ifless
2026-07-20 20:52:46.484 - RealTimeSTT: realtimestt - DEBUG - Starting realtime worker
2026-07-20 20:52:46.484 - RealTimeSTT: realtimestt - DEBUG - Waiting for main transcription model to start
2026-07-20 20:52:46.484 - RealTimeSTT: realtimestt - DEBUG - Realtime transcription disabled; realtime worker exits
2026-07-20 20:52:46.705 - RealTimeSTT: realtimestt - DEBUG - Main transcription model ready
2026-07-20 20:52:46.706 - RealTimeSTT: realtimestt - DEBUG - RealtimeSTT initialization completed successfully
2026-07-20 20:52:46.706 - RealTimeSTT: realtimestt - INFO - Setting listen time
2026-07-20 20:52:46.706 - RealTimeSTT: realtimestt - INFO - State changed from 'inactive' to 'listening'
2026-07-20 20:52:46.706 - RealTimeSTT: realtimestt - DEBUG - Waiting for recording start
2026-07-20 20:52:49.957 - RealTimeSTT: realtimestt - DEBUG - Receive from stdout pipe
2026-07-20 20:52:49.957 - RealTimeSTT: realtimestt - INFO - None
2026-07-20 20:52:50.832 - RealTimeSTT: realtimestt - DEBUG - Main transcription model ready
2026-07-20 20:52:50.833 - RealTimeSTT: realtimestt - DEBUG - RealtimeSTT initialization completed successfully
2026-07-20 20:52:50.833 - RealTimeSTT: realtimestt - INFO - Setting listen time
2026-07-20 20:52:50.833 - RealTimeSTT: realtimestt - INFO - State changed from 'inactive' to 'listening'
2026-07-20 20:52:50.833 - RealTimeSTT: realtimestt - DEBUG - Waiting for recording start
2026-07-20 20:52:57.206 - RealTimeSTT: realtimestt - INFO - voice activity detected
2026-07-20 20:52:57.206 - RealTimeSTT: realtimestt - INFO - recording started
2026-07-20 20:52:57.207 - RealTimeSTT: realtimestt - INFO - State changed from 'listening' to 'recording'
2026-07-20 20:52:57.207 - RealTimeSTT: realtimestt - DEBUG - Waiting for recording stop
2026-07-20 20:52:58.356 - RealTimeSTT: realtimestt - INFO - recording stopped
2026-07-20 20:52:58.357 - RealTimeSTT: realtimestt - DEBUG - No samples removed, final audio length: 34816
2026-07-20 20:52:58.357 - RealTimeSTT: realtimestt - INFO - State changed from 'recording' to 'inactive'
2026-07-20 20:52:58.357 - RealTimeSTT: realtimestt - INFO - State changed from 'inactive' to 'transcribing'
2026-07-20 20:52:58.357 - RealTimeSTT: realtimestt - DEBUG - Adding transcription request, no early transcription started
2026-07-20 20:52:58.371 - RealTimeSTT: realtimestt - DEBUG - Receive from parent_transcription_pipe after sendiung transcription request, transcribe_count: 1
2026-07-20 20:52:58.471 - RealTimeSTT: realtimestt - DEBUG - Receive from parent_transcription_pipe after sendiung transcription request, transcribe_count: 1
2026-07-20 20:52:58.516 - RealTimeSTT: realtimestt - INFO - State changed from 'transcribing' to 'inactive'
2026-07-20 20:52:58.517 - RealTimeSTT: realtimestt - DEBUG - Model tiny.en completed transcription in 0.16 seconds
2026-07-20 20:52:58.517 - RealTimeSTT: realtimestt - INFO - recording stopped
2026-07-20 20:53:05.017 - RealTimeSTT: realtimestt - INFO - voice activity detected
2026-07-20 20:53:05.017 - RealTimeSTT: realtimestt - INFO - recording started
2026-07-20 20:53:05.017 - RealTimeSTT: realtimestt - INFO - State changed from 'inactive' to 'recording'
2026-07-20 20:53:05.786 - RealTimeSTT: realtimestt - INFO - recording stopped
2026-07-20 20:53:07.186 - RealTimeSTT: realtimestt - INFO - voice activity detected
2026-07-20 20:53:07.186 - RealTimeSTT: realtimestt - INFO - recording started
2026-07-20 20:53:08.666 - RealTimeSTT: realtimestt - INFO - recording stopped
2026-07-20 20:53:09.306 - RealTimeSTT: realtimestt - INFO - voice activity detected
2026-07-20 20:53:09.306 - RealTimeSTT: realtimestt - INFO - recording started
2026-07-20 20:53:09.447 - RealTimeSTT: realtimestt - INFO - Setting listen time
2026-07-20 20:53:09.448 - RealTimeSTT: realtimestt - DEBUG - No samples removed, final audio length: 28672
2026-07-20 20:53:09.448 - RealTimeSTT: realtimestt - INFO - State changed from 'recording' to 'transcribing'
2026-07-20 20:53:09.448 - RealTimeSTT: realtimestt - DEBUG - Adding transcription request, no early transcription started
2026-07-20 20:53:09.460 - RealTimeSTT: realtimestt - DEBUG - Receive from parent_transcription_pipe after sendiung transcription request, transcribe_count: 1
2026-07-20 20:53:09.561 - RealTimeSTT: realtimestt - DEBUG - Receive from parent_transcription_pipe after sendiung transcription request, transcribe_count: 1
2026-07-20 20:53:09.633 - RealTimeSTT: realtimestt - INFO - State changed from 'transcribing' to 'recording'
2026-07-20 20:53:09.633 - RealTimeSTT: realtimestt - DEBUG - Model tiny.en completed transcription in 0.19 seconds
2026-07-20 20:53:09.633 - RealTimeSTT: realtimestt - INFO - Attempted to stop recording too soon after starting.
2026-07-20 20:53:10.386 - RealTimeSTT: realtimestt - INFO - recording stopped
2026-07-20 20:53:16.346 - RealTimeSTT: realtimestt - INFO - voice activity detected
2026-07-20 20:53:16.346 - RealTimeSTT: realtimestt - INFO - recording started
2026-07-20 20:53:17.236 - RealTimeSTT: realtimestt - INFO - recording stopped
2026-07-20 20:53:18.136 - RealTimeSTT: realtimestt - INFO - voice activity detected
2026-07-20 20:53:18.136 - RealTimeSTT: realtimestt - INFO - recording started
2026-07-20 20:53:19.546 - RealTimeSTT: realtimestt - INFO - recording stopped
2026-07-20 20:53:19.797 - RealTimeSTT: realtimestt - INFO - voice activity detected
2026-07-20 20:53:19.797 - RealTimeSTT: realtimestt - INFO - recording started
2026-07-20 20:53:20.696 - RealTimeSTT: realtimestt - INFO - recording stopped
2026-07-20 20:53:21.206 - RealTimeSTT: realtimestt - INFO - voice activity detected
2026-07-20 20:53:21.206 - RealTimeSTT: realtimestt - INFO - recording started
2026-07-20 20:53:21.976 - RealTimeSTT: realtimestt - INFO - recording stopped
2026-07-20 20:53:22.746 - RealTimeSTT: realtimestt - INFO - voice activity detected
2026-07-20 20:53:22.746 - RealTimeSTT: realtimestt - INFO - recording started
2026-07-20 20:53:22.800 - RealTimeSTT: realtimestt - INFO - Setting listen time
2026-07-20 20:53:22.800 - RealTimeSTT: realtimestt - DEBUG - No samples removed, final audio length: 39936
2026-07-20 20:53:22.800 - RealTimeSTT: realtimestt - INFO - State changed from 'recording' to 'transcribing'
2026-07-20 20:53:22.800 - RealTimeSTT: realtimestt - DEBUG - Adding transcription request, no early transcription started
2026-07-20 20:53:22.814 - RealTimeSTT: realtimestt - DEBUG - Receive from parent_transcription_pipe after sendiung transcription request, transcribe_count: 1
2026-07-20 20:53:22.915 - RealTimeSTT: realtimestt - DEBUG - Receive from parent_transcription_pipe after sendiung transcription request, transcribe_count: 1
2026-07-20 20:53:22.972 - RealTimeSTT: realtimestt - INFO - State changed from 'transcribing' to 'recording'
2026-07-20 20:53:22.973 - RealTimeSTT: realtimestt - DEBUG - Model tiny.en completed transcription in 0.17 seconds
2026-07-20 20:53:22.973 - RealTimeSTT: realtimestt - INFO - Setting listen time
2026-07-20 20:53:22.973 - RealTimeSTT: realtimestt - DEBUG - No samples removed, final audio length: 28160
2026-07-20 20:53:22.973 - RealTimeSTT: realtimestt - INFO - State changed from 'recording' to 'transcribing'
2026-07-20 20:53:22.973 - RealTimeSTT: realtimestt - DEBUG - Adding transcription request, no early transcription started
2026-07-20 20:53:22.973 - RealTimeSTT: realtimestt - DEBUG - Receive from parent_transcription_pipe after sendiung transcription request, transcribe_count: 1
2026-07-20 20:53:23.074 - RealTimeSTT: realtimestt - DEBUG - Receive from parent_transcription_pipe after sendiung transcription request, transcribe_count: 1
2026-07-20 20:53:23.123 - RealTimeSTT: realtimestt - INFO - State changed from 'transcribing' to 'recording'
2026-07-20 20:53:23.123 - RealTimeSTT: realtimestt - DEBUG - Model tiny.en completed transcription in 0.15 seconds
2026-07-20 20:53:23.123 - RealTimeSTT: realtimestt - INFO - Setting listen time
2026-07-20 20:53:23.124 - RealTimeSTT: realtimestt - DEBUG - No samples removed, final audio length: 30720
2026-07-20 20:53:23.124 - RealTimeSTT: realtimestt - INFO - State changed from 'recording' to 'transcribing'
2026-07-20 20:53:23.124 - RealTimeSTT: realtimestt - DEBUG - Adding transcription request, no early transcription started
2026-07-20 20:53:23.128 - RealTimeSTT: realtimestt - DEBUG - Receive from parent_transcription_pipe after sendiung transcription request, transcribe_count: 1
2026-07-20 20:53:23.229 - RealTimeSTT: realtimestt - DEBUG - Receive from parent_transcription_pipe after sendiung transcription request, transcribe_count: 1
2026-07-20 20:53:23.272 - RealTimeSTT: realtimestt - INFO - State changed from 'transcribing' to 'recording'
2026-07-20 20:53:23.273 - RealTimeSTT: realtimestt - DEBUG - Model tiny.en completed transcription in 0.15 seconds
2026-07-20 20:53:23.273 - RealTimeSTT: realtimestt - INFO - Setting listen time
2026-07-20 20:53:23.273 - RealTimeSTT: realtimestt - DEBUG - No samples removed, final audio length: 37376
2026-07-20 20:53:23.273 - RealTimeSTT: realtimestt - INFO - State changed from 'recording' to 'transcribing'
2026-07-20 20:53:23.273 - RealTimeSTT: realtimestt - DEBUG - Adding transcription request, no early transcription started
2026-07-20 20:53:23.283 - RealTimeSTT: realtimestt - DEBUG - Receive from parent_transcription_pipe after sendiung transcription request, transcribe_count: 1
2026-07-20 20:53:23.384 - RealTimeSTT: realtimestt - DEBUG - Receive from parent_transcription_pipe after sendiung transcription request, transcribe_count: 1
2026-07-20 20:53:23.440 - RealTimeSTT: realtimestt - INFO - State changed from 'transcribing' to 'recording'
2026-07-20 20:53:23.441 - RealTimeSTT: realtimestt - DEBUG - Model tiny.en completed transcription in 0.17 seconds
2026-07-20 20:53:23.441 - RealTimeSTT: realtimestt - INFO - Setting listen time
2026-07-20 20:53:23.441 - RealTimeSTT: realtimestt - DEBUG - No samples removed, final audio length: 18944
2026-07-20 20:53:23.441 - RealTimeSTT: realtimestt - INFO - State changed from 'recording' to 'transcribing'
2026-07-20 20:53:23.441 - RealTimeSTT: realtimestt - DEBUG - Adding transcription request, no early transcription started
2026-07-20 20:53:23.442 - RealTimeSTT: realtimestt - DEBUG - Receive from parent_transcription_pipe after sendiung transcription request, transcribe_count: 1
2026-07-20 20:53:23.541 - RealTimeSTT: realtimestt - DEBUG - Receive from parent_transcription_pipe after sendiung transcription request, transcribe_count: 1
2026-07-20 20:53:23.589 - RealTimeSTT: realtimestt - INFO - State changed from 'transcribing' to 'recording'
2026-07-20 20:53:23.590 - RealTimeSTT: realtimestt - DEBUG - Model tiny.en completed transcription in 0.15 seconds
2026-07-20 20:53:23.590 - RealTimeSTT: realtimestt - INFO - Setting listen time
2026-07-20 20:53:23.590 - RealTimeSTT: realtimestt - DEBUG - No samples removed, final audio length: 20992
2026-07-20 20:53:23.590 - RealTimeSTT: realtimestt - INFO - State changed from 'recording' to 'transcribing'
2026-07-20 20:53:23.590 - RealTimeSTT: realtimestt - DEBUG - Adding transcription request, no early transcription started
2026-07-20 20:53:23.596 - RealTimeSTT: realtimestt - DEBUG - Receive from parent_transcription_pipe after sendiung transcription request, transcribe_count: 1
2026-07-20 20:53:23.696 - RealTimeSTT: realtimestt - DEBUG - Receive from parent_transcription_pipe after sendiung transcription request, transcribe_count: 1
2026-07-20 20:53:23.741 - RealTimeSTT: realtimestt - INFO - State changed from 'transcribing' to 'recording'
2026-07-20 20:53:23.741 - RealTimeSTT: realtimestt - DEBUG - Model tiny.en completed transcription in 0.15 seconds
2026-07-20 20:53:23.741 - RealTimeSTT: realtimestt - INFO - Setting listen time
2026-07-20 20:53:23.741 - RealTimeSTT: realtimestt - DEBUG - Waiting for recording stop
2026-07-20 20:53:24.726 - RealTimeSTT: realtimestt - INFO - recording stopped
2026-07-20 20:53:24.727 - RealTimeSTT: realtimestt - DEBUG - No samples removed, final audio length: 44544
2026-07-20 20:53:24.727 - RealTimeSTT: realtimestt - INFO - State changed from 'recording' to 'inactive'
2026-07-20 20:53:24.727 - RealTimeSTT: realtimestt - INFO - State changed from 'inactive' to 'transcribing'
2026-07-20 20:53:24.727 - RealTimeSTT: realtimestt - DEBUG - Adding transcription request, no early transcription started
2026-07-20 20:53:24.742 - RealTimeSTT: realtimestt - DEBUG - Receive from parent_transcription_pipe after sendiung transcription request, transcribe_count: 1
2026-07-20 20:53:24.843 - RealTimeSTT: realtimestt - DEBUG - Receive from parent_transcription_pipe after sendiung transcription request, transcribe_count: 1
2026-07-20 20:53:24.910 - RealTimeSTT: realtimestt - INFO - State changed from 'transcribing' to 'inactive'
2026-07-20 20:53:24.911 - RealTimeSTT: realtimestt - DEBUG - Model tiny.en completed transcription in 0.18 seconds
2026-07-20 20:53:24.911 - RealTimeSTT: realtimestt - INFO - Setting listen time
2026-07-20 20:53:24.911 - RealTimeSTT: realtimestt - INFO - State changed from 'inactive' to 'listening'
2026-07-20 20:53:24.911 - RealTimeSTT: realtimestt - DEBUG - Waiting for recording start
2026-07-20 20:53:38.546 - RealTimeSTT: realtimestt - INFO - voice activity detected
2026-07-20 20:53:38.546 - RealTimeSTT: realtimestt - INFO - recording started
2026-07-20 20:53:38.546 - RealTimeSTT: realtimestt - INFO - State changed from 'listening' to 'recording'
2026-07-20 20:53:38.546 - RealTimeSTT: realtimestt - DEBUG - Waiting for recording stop
2026-07-20 20:53:39.826 - RealTimeSTT: realtimestt - INFO - recording stopped
2026-07-20 20:53:39.827 - RealTimeSTT: realtimestt - DEBUG - No samples removed, final audio length: 36864
2026-07-20 20:53:39.827 - RealTimeSTT: realtimestt - INFO - State changed from 'recording' to 'inactive'
2026-07-20 20:53:39.827 - RealTimeSTT: realtimestt - INFO - State changed from 'inactive' to 'transcribing'
2026-07-20 20:53:39.827 - RealTimeSTT: realtimestt - DEBUG - Adding transcription request, no early transcription started
2026-07-20 20:53:39.835 - RealTimeSTT: realtimestt - DEBUG - Receive from parent_transcription_pipe after sendiung transcription request, transcribe_count: 1
2026-07-20 20:53:39.936 - RealTimeSTT: realtimestt - DEBUG - Receive from parent_transcription_pipe after sendiung transcription request, transcribe_count: 1
2026-07-20 20:53:39.980 - RealTimeSTT: realtimestt - INFO - State changed from 'transcribing' to 'inactive'
2026-07-20 20:53:39.980 - RealTimeSTT: realtimestt - DEBUG - Model tiny.en completed transcription in 0.15 seconds
2026-07-20 20:53:39.981 - RealTimeSTT: realtimestt - INFO - Setting listen time
2026-07-20 20:53:39.981 - RealTimeSTT: realtimestt - INFO - State changed from 'inactive' to 'listening'
2026-07-20 20:53:39.981 - RealTimeSTT: realtimestt - DEBUG - Waiting for recording start
2026-07-20 20:53:46.296 - RealTimeSTT: realtimestt - INFO - voice activity detected
2026-07-20 20:53:46.296 - RealTimeSTT: realtimestt - INFO - recording started
2026-07-20 20:53:46.296 - RealTimeSTT: realtimestt - INFO - State changed from 'listening' to 'recording'
2026-07-20 20:53:46.296 - RealTimeSTT: realtimestt - DEBUG - Waiting for recording stop
2026-07-20 20:53:47.186 - RealTimeSTT: realtimestt - INFO - recording stopped
2026-07-20 20:53:47.187 - RealTimeSTT: realtimestt - DEBUG - No samples removed, final audio length: 30720
2026-07-20 20:53:47.187 - RealTimeSTT: realtimestt - INFO - State changed from 'recording' to 'inactive'
2026-07-20 20:53:47.187 - RealTimeSTT: realtimestt - INFO - State changed from 'inactive' to 'transcribing'
2026-07-20 20:53:47.187 - RealTimeSTT: realtimestt - DEBUG - Adding transcription request, no early transcription started
2026-07-20 20:53:47.192 - RealTimeSTT: realtimestt - DEBUG - Receive from parent_transcription_pipe after sendiung transcription request, transcribe_count: 1
2026-07-20 20:53:47.293 - RealTimeSTT: realtimestt - DEBUG - Receive from parent_transcription_pipe after sendiung transcription request, transcribe_count: 1
2026-07-20 20:53:47.344 - RealTimeSTT: realtimestt - INFO - State changed from 'transcribing' to 'inactive'
2026-07-20 20:53:47.345 - RealTimeSTT: realtimestt - DEBUG - Model tiny.en completed transcription in 0.16 seconds
2026-07-20 20:53:47.345 - RealTimeSTT: realtimestt - INFO - Setting listen time
2026-07-20 20:53:47.345 - RealTimeSTT: realtimestt - INFO - State changed from 'inactive' to 'listening'
2026-07-20 20:53:47.345 - RealTimeSTT: realtimestt - DEBUG - Waiting for recording start
2026-07-20 20:53:49.306 - RealTimeSTT: realtimestt - INFO - voice activity detected
2026-07-20 20:53:49.306 - RealTimeSTT: realtimestt - INFO - recording started
2026-07-20 20:53:49.306 - RealTimeSTT: realtimestt - INFO - State changed from 'listening' to 'recording'
2026-07-20 20:53:49.306 - RealTimeSTT: realtimestt - DEBUG - Waiting for recording stop
2026-07-20 20:53:50.326 - RealTimeSTT: realtimestt - INFO - recording stopped
2026-07-20 20:53:50.327 - RealTimeSTT: realtimestt - DEBUG - No samples removed, final audio length: 32768
2026-07-20 20:53:50.327 - RealTimeSTT: realtimestt - INFO - State changed from 'recording' to 'inactive'
2026-07-20 20:53:50.327 - RealTimeSTT: realtimestt - INFO - State changed from 'inactive' to 'transcribing'
2026-07-20 20:53:50.327 - RealTimeSTT: realtimestt - DEBUG - Adding transcription request, no early transcription started
2026-07-20 20:53:50.346 - RealTimeSTT: realtimestt - DEBUG - Receive from parent_transcription_pipe after sendiung transcription request, transcribe_count: 1
2026-07-20 20:53:50.446 - RealTimeSTT: realtimestt - DEBUG - Receive from parent_transcription_pipe after sendiung transcription request, transcribe_count: 1
2026-07-20 20:53:50.489 - RealTimeSTT: realtimestt - INFO - State changed from 'transcribing' to 'inactive'
2026-07-20 20:53:50.489 - RealTimeSTT: realtimestt - DEBUG - Model tiny.en completed transcription in 0.16 seconds
2026-07-20 20:53:50.490 - RealTimeSTT: realtimestt - INFO - recording stopped
2026-07-20 20:53:51.346 - RealTimeSTT: realtimestt - INFO - voice activity detected
2026-07-20 20:53:51.346 - RealTimeSTT: realtimestt - INFO - recording started
2026-07-20 20:53:51.346 - RealTimeSTT: realtimestt - INFO - State changed from 'inactive' to 'recording'
2026-07-20 20:53:52.376 - RealTimeSTT: realtimestt - INFO - recording stopped
2026-07-20 20:53:58.006 - RealTimeSTT: realtimestt - INFO - voice activity detected
2026-07-20 20:53:58.006 - RealTimeSTT: realtimestt - INFO - recording started
2026-07-20 20:54:00.116 - RealTimeSTT: realtimestt - INFO - recording stopped
2026-07-20 20:54:01.206 - RealTimeSTT: realtimestt - INFO - voice activity detected
2026-07-20 20:54:01.206 - RealTimeSTT: realtimestt - INFO - recording started
2026-07-20 20:54:01.480 - RealTimeSTT: realtimestt - INFO - Setting listen time
2026-07-20 20:54:01.480 - RealTimeSTT: realtimestt - DEBUG - No samples removed, final audio length: 32768
2026-07-20 20:54:01.480 - RealTimeSTT: realtimestt - INFO - State changed from 'recording' to 'transcribing'
2026-07-20 20:54:01.480 - RealTimeSTT: realtimestt - DEBUG - Adding transcription request, no early transcription started
2026-07-20 20:54:01.500 - RealTimeSTT: realtimestt - DEBUG - Receive from parent_transcription_pipe after sendiung transcription request, transcribe_count: 1
2026-07-20 20:54:01.600 - RealTimeSTT: realtimestt - DEBUG - Receive from parent_transcription_pipe after sendiung transcription request, transcribe_count: 1
2026-07-20 20:54:01.644 - RealTimeSTT: realtimestt - INFO - State changed from 'transcribing' to 'recording'
2026-07-20 20:54:01.645 - RealTimeSTT: realtimestt - DEBUG - Model tiny.en completed transcription in 0.16 seconds
2026-07-20 20:54:01.645 - RealTimeSTT: realtimestt - INFO - Attempted to stop recording too soon after starting.
2026-07-20 20:54:02.426 - RealTimeSTT: realtimestt - INFO - recording stopped
2026-07-20 20:54:11.186 - RealTimeSTT: realtimestt - INFO - voice activity detected
2026-07-20 20:54:11.186 - RealTimeSTT: realtimestt - INFO - recording started
2026-07-20 20:54:12.026 - RealTimeSTT: realtimestt - INFO - recording stopped
2026-07-20 20:54:15.796 - RealTimeSTT: realtimestt - INFO - voice activity detected
2026-07-20 20:54:15.796 - RealTimeSTT: realtimestt - INFO - recording started
2026-07-20 20:54:16.436 - RealTimeSTT: realtimestt - INFO - recording stopped
2026-07-20 20:54:16.438 - RealTimeSTT: realtimestt - INFO - Setting listen time
2026-07-20 20:54:16.438 - RealTimeSTT: realtimestt - DEBUG - No samples removed, final audio length: 50176
2026-07-20 20:54:16.438 - RealTimeSTT: realtimestt - INFO - State changed from 'recording' to 'inactive'
2026-07-20 20:54:16.438 - RealTimeSTT: realtimestt - INFO - State changed from 'inactive' to 'transcribing'
2026-07-20 20:54:16.438 - RealTimeSTT: realtimestt - DEBUG - Adding transcription request, no early transcription started
2026-07-20 20:54:16.438 - RealTimeSTT: realtimestt - DEBUG - Receive from parent_transcription_pipe after sendiung transcription request, transcribe_count: 1
2026-07-20 20:54:16.539 - RealTimeSTT: realtimestt - DEBUG - Receive from parent_transcription_pipe after sendiung transcription request, transcribe_count: 1
2026-07-20 20:54:16.601 - RealTimeSTT: realtimestt - INFO - State changed from 'transcribing' to 'inactive'
2026-07-20 20:54:16.602 - RealTimeSTT: realtimestt - DEBUG - Model tiny.en completed transcription in 0.16 seconds
2026-07-20 20:54:16.602 - RealTimeSTT: realtimestt - INFO - recording stopped
2026-07-20 20:54:18.936 - RealTimeSTT: realtimestt - INFO - voice activity detected
2026-07-20 20:54:18.936 - RealTimeSTT: realtimestt - INFO - recording started
2026-07-20 20:54:18.936 - RealTimeSTT: realtimestt - INFO - State changed from 'inactive' to 'recording'
2026-07-20 20:54:20.216 - RealTimeSTT: realtimestt - INFO - recording stopped
2026-07-20 20:54:21.426 - RealTimeSTT: realtimestt - INFO - voice activity detected
2026-07-20 20:54:21.426 - RealTimeSTT: realtimestt - INFO - recording started
2026-07-20 20:54:22.646 - RealTimeSTT: realtimestt - INFO - recording stopped
2026-07-20 20:54:23.736 - RealTimeSTT: realtimestt - INFO - voice activity detected
2026-07-20 20:54:23.736 - RealTimeSTT: realtimestt - INFO - recording started
2026-07-20 20:54:24.886 - RealTimeSTT: realtimestt - INFO - recording stopped
2026-07-20 20:54:25.206 - RealTimeSTT: realtimestt - INFO - voice activity detected
2026-07-20 20:54:25.206 - RealTimeSTT: realtimestt - INFO - recording started
2026-07-20 20:54:26.996 - RealTimeSTT: realtimestt - INFO - recording stopped
2026-07-20 20:54:28.026 - RealTimeSTT: realtimestt - INFO - voice activity detected
2026-07-20 20:54:28.026 - RealTimeSTT: realtimestt - INFO - recording started
2026-07-20 20:54:31.249 - RealTimeSTT: realtimestt - INFO - Setting listen time
2026-07-20 20:54:31.249 - RealTimeSTT: realtimestt - DEBUG - No samples removed, final audio length: 35840
2026-07-20 20:54:31.249 - RealTimeSTT: realtimestt - INFO - State changed from 'recording' to 'transcribing'
2026-07-20 20:54:31.249 - RealTimeSTT: realtimestt - DEBUG - Adding transcription request, no early transcription started
2026-07-20 20:54:31.259 - RealTimeSTT: realtimestt - DEBUG - Receive from parent_transcription_pipe after sendiung transcription request, transcribe_count: 1
2026-07-20 20:54:31.360 - RealTimeSTT: realtimestt - DEBUG - Receive from parent_transcription_pipe after sendiung transcription request, transcribe_count: 1
2026-07-20 20:54:31.401 - RealTimeSTT: realtimestt - INFO - State changed from 'transcribing' to 'recording'
2026-07-20 20:54:31.402 - RealTimeSTT: realtimestt - DEBUG - Model tiny.en completed transcription in 0.15 seconds
2026-07-20 20:54:31.402 - RealTimeSTT: realtimestt - INFO - recording stopped
2026-07-20 20:54:31.606 - RealTimeSTT: realtimestt - INFO - voice activity detected
2026-07-20 20:54:31.606 - RealTimeSTT: realtimestt - INFO - recording started
2026-07-20 20:54:32.946 - RealTimeSTT: realtimestt - INFO - recording stopped
2026-07-20 20:54:38.456 - RealTimeSTT: realtimestt - INFO - voice activity detected
2026-07-20 20:54:38.456 - RealTimeSTT: realtimestt - INFO - recording started
2026-07-20 20:54:40.307 - RealTimeSTT: realtimestt - INFO - recording stopped
2026-07-20 20:54:40.946 - RealTimeSTT: realtimestt - INFO - voice activity detected
2026-07-20 20:54:40.946 - RealTimeSTT: realtimestt - INFO - recording started
2026-07-20 20:54:42.486 - RealTimeSTT: realtimestt - INFO - recording stopped
2026-07-20 20:54:55.156 - RealTimeSTT: realtimestt - INFO - voice activity detected
2026-07-20 20:54:55.156 - RealTimeSTT: realtimestt - INFO - recording started
2026-07-20 20:54:56.886 - RealTimeSTT: realtimestt - INFO - recording stopped
2026-07-20 20:54:57.846 - RealTimeSTT: realtimestt - INFO - Setting listen time
2026-07-20 20:54:57.846 - RealTimeSTT: realtimestt - DEBUG - No samples removed, final audio length: 29696
2026-07-20 20:54:57.846 - RealTimeSTT: realtimestt - INFO - State changed from 'recording' to 'inactive'
2026-07-20 20:54:57.846 - RealTimeSTT: realtimestt - INFO - State changed from 'inactive' to 'transcribing'
2026-07-20 20:54:57.846 - RealTimeSTT: realtimestt - DEBUG - Adding transcription request, no early transcription started
2026-07-20 20:54:57.866 - RealTimeSTT: realtimestt - DEBUG - Receive from parent_transcription_pipe after sendiung transcription request, transcribe_count: 1
2026-07-20 20:54:57.967 - RealTimeSTT: realtimestt - DEBUG - Receive from parent_transcription_pipe after sendiung transcription request, transcribe_count: 1
2026-07-20 20:54:58.014 - RealTimeSTT: realtimestt - INFO - State changed from 'transcribing' to 'inactive'
2026-07-20 20:54:58.015 - RealTimeSTT: realtimestt - DEBUG - Model tiny.en completed transcription in 0.17 seconds
2026-07-20 20:54:58.015 - RealTimeSTT: realtimestt - INFO - recording stopped
2026-07-20 20:54:59.066 - RealTimeSTT: realtimestt - INFO - voice activity detected
2026-07-20 20:54:59.066 - RealTimeSTT: realtimestt - INFO - recording started
2026-07-20 20:54:59.066 - RealTimeSTT: realtimestt - INFO - State changed from 'inactive' to 'recording'
2026-07-20 20:55:01.686 - RealTimeSTT: realtimestt - INFO - recording stopped
2026-07-20 20:55:04.436 - RealTimeSTT: realtimestt - INFO - voice activity detected
2026-07-20 20:55:04.436 - RealTimeSTT: realtimestt - INFO - recording started
2026-07-20 20:55:08.666 - RealTimeSTT: realtimestt - INFO - recording stopped
2026-07-20 20:55:10.040 - RealTimeSTT: realtimestt - INFO - Setting listen time
2026-07-20 20:55:10.040 - RealTimeSTT: realtimestt - DEBUG - No samples removed, final audio length: 26624
2026-07-20 20:55:10.040 - RealTimeSTT: realtimestt - INFO - State changed from 'recording' to 'inactive'
2026-07-20 20:55:10.040 - RealTimeSTT: realtimestt - INFO - State changed from 'inactive' to 'transcribing'
2026-07-20 20:55:10.040 - RealTimeSTT: realtimestt - DEBUG - Adding transcription request, no early transcription started
2026-07-20 20:55:10.047 - RealTimeSTT: realtimestt - DEBUG - Receive from parent_transcription_pipe after sendiung transcription request, transcribe_count: 1
2026-07-20 20:55:10.148 - RealTimeSTT: realtimestt - DEBUG - Receive from parent_transcription_pipe after sendiung transcription request, transcribe_count: 1
2026-07-20 20:55:10.191 - RealTimeSTT: realtimestt - INFO - State changed from 'transcribing' to 'inactive'
2026-07-20 20:55:10.191 - RealTimeSTT: realtimestt - DEBUG - Model tiny.en completed transcription in 0.15 seconds
2026-07-20 20:55:10.191 - RealTimeSTT: realtimestt - INFO - Setting listen time
2026-07-20 20:55:10.191 - RealTimeSTT: realtimestt - DEBUG - No samples removed, final audio length: 36864
2026-07-20 20:55:10.192 - RealTimeSTT: realtimestt - INFO - State changed from 'inactive' to 'transcribing'
2026-07-20 20:55:10.192 - RealTimeSTT: realtimestt - DEBUG - Adding transcription request, no early transcription started
2026-07-20 20:55:10.201 - RealTimeSTT: realtimestt - DEBUG - Receive from parent_transcription_pipe after sendiung transcription request, transcribe_count: 1
2026-07-20 20:55:10.267 - RealTimeSTT: realtimestt - INFO - voice activity detected
2026-07-20 20:55:10.267 - RealTimeSTT: realtimestt - INFO - recording started
2026-07-20 20:55:10.267 - RealTimeSTT: realtimestt - INFO - State changed from 'transcribing' to 'recording'
2026-07-20 20:55:10.301 - RealTimeSTT: realtimestt - DEBUG - Receive from parent_transcription_pipe after sendiung transcription request, transcribe_count: 1
2026-07-20 20:55:10.365 - RealTimeSTT: realtimestt - DEBUG - Model tiny.en completed transcription in 0.17 seconds
2026-07-20 20:55:10.365 - RealTimeSTT: realtimestt - INFO - Setting listen time
2026-07-20 20:55:10.365 - RealTimeSTT: realtimestt - DEBUG - No samples removed, final audio length: 35840
2026-07-20 20:55:10.365 - RealTimeSTT: realtimestt - INFO - State changed from 'recording' to 'transcribing'
2026-07-20 20:55:10.365 - RealTimeSTT: realtimestt - DEBUG - Adding transcription request, no early transcription started
2026-07-20 20:55:10.366 - RealTimeSTT: realtimestt - DEBUG - Receive from parent_transcription_pipe after sendiung transcription request, transcribe_count: 1
2026-07-20 20:55:10.467 - RealTimeSTT: realtimestt - DEBUG - Receive from parent_transcription_pipe after sendiung transcription request, transcribe_count: 1
2026-07-20 20:55:10.521 - RealTimeSTT: realtimestt - INFO - State changed from 'transcribing' to 'recording'
2026-07-20 20:55:10.522 - RealTimeSTT: realtimestt - DEBUG - Model tiny.en completed transcription in 0.16 seconds
2026-07-20 20:55:10.522 - RealTimeSTT: realtimestt - INFO - Setting listen time
2026-07-20 20:55:10.522 - RealTimeSTT: realtimestt - DEBUG - No samples removed, final audio length: 34816
2026-07-20 20:55:10.522 - RealTimeSTT: realtimestt - INFO - State changed from 'recording' to 'transcribing'
2026-07-20 20:55:10.522 - RealTimeSTT: realtimestt - DEBUG - Adding transcription request, no early transcription started
2026-07-20 20:55:10.522 - RealTimeSTT: realtimestt - DEBUG - Receive from parent_transcription_pipe after sendiung transcription request, transcribe_count: 1
2026-07-20 20:55:10.622 - RealTimeSTT: realtimestt - DEBUG - Receive from parent_transcription_pipe after sendiung transcription request, transcribe_count: 1
2026-07-20 20:55:10.677 - RealTimeSTT: realtimestt - INFO - State changed from 'transcribing' to 'recording'
2026-07-20 20:55:10.677 - RealTimeSTT: realtimestt - DEBUG - Model tiny.en completed transcription in 0.16 seconds
2026-07-20 20:55:10.678 - RealTimeSTT: realtimestt - INFO - Setting listen time
2026-07-20 20:55:10.678 - RealTimeSTT: realtimestt - DEBUG - No samples removed, final audio length: 34304
2026-07-20 20:55:10.678 - RealTimeSTT: realtimestt - INFO - State changed from 'recording' to 'transcribing'
2026-07-20 20:55:10.678 - RealTimeSTT: realtimestt - DEBUG - Adding transcription request, no early transcription started
2026-07-20 20:55:10.678 - RealTimeSTT: realtimestt - DEBUG - Receive from parent_transcription_pipe after sendiung transcription request, transcribe_count: 1
2026-07-20 20:55:10.777 - RealTimeSTT: realtimestt - DEBUG - Receive from parent_transcription_pipe after sendiung transcription request, transcribe_count: 1
2026-07-20 20:55:10.844 - RealTimeSTT: realtimestt - INFO - State changed from 'transcribing' to 'recording'
2026-07-20 20:55:10.845 - RealTimeSTT: realtimestt - DEBUG - Model tiny.en completed transcription in 0.17 seconds
2026-07-20 20:55:10.845 - RealTimeSTT: realtimestt - INFO - Setting listen time
2026-07-20 20:55:10.845 - RealTimeSTT: realtimestt - DEBUG - No samples removed, final audio length: 70144
2026-07-20 20:55:10.845 - RealTimeSTT: realtimestt - INFO - State changed from 'recording' to 'transcribing'
2026-07-20 20:55:10.845 - RealTimeSTT: realtimestt - DEBUG - Adding transcription request, no early transcription started
2026-07-20 20:55:10.862 - RealTimeSTT: realtimestt - DEBUG - Receive from parent_transcription_pipe after sendiung transcription request, transcribe_count: 1
2026-07-20 20:55:10.963 - RealTimeSTT: realtimestt - DEBUG - Receive from parent_transcription_pipe after sendiung transcription request, transcribe_count: 1
2026-07-20 20:55:11.064 - RealTimeSTT: realtimestt - DEBUG - Receive from parent_transcription_pipe after sendiung transcription request, transcribe_count: 1
2026-07-20 20:55:11.067 - RealTimeSTT: realtimestt - INFO - State changed from 'transcribing' to 'recording'
2026-07-20 20:55:11.068 - RealTimeSTT: realtimestt - DEBUG - Model tiny.en completed transcription in 0.22 seconds
2026-07-20 20:55:11.068 - RealTimeSTT: realtimestt - INFO - Setting listen time
2026-07-20 20:55:11.068 - RealTimeSTT: realtimestt - DEBUG - No samples removed, final audio length: 25088
2026-07-20 20:55:11.068 - RealTimeSTT: realtimestt - INFO - State changed from 'recording' to 'transcribing'
2026-07-20 20:55:11.068 - RealTimeSTT: realtimestt - DEBUG - Adding transcription request, no early transcription started
2026-07-20 20:55:11.077 - RealTimeSTT: realtimestt - DEBUG - Receive from parent_transcription_pipe after sendiung transcription request, transcribe_count: 1
2026-07-20 20:55:11.177 - RealTimeSTT: realtimestt - DEBUG - Receive from parent_transcription_pipe after sendiung transcription request, transcribe_count: 1
2026-07-20 20:55:11.223 - RealTimeSTT: realtimestt - INFO - State changed from 'transcribing' to 'recording'
2026-07-20 20:55:11.223 - RealTimeSTT: realtimestt - DEBUG - Model tiny.en completed transcription in 0.16 seconds
2026-07-20 20:55:11.224 - RealTimeSTT: realtimestt - INFO - Setting listen time
2026-07-20 20:55:11.224 - RealTimeSTT: realtimestt - DEBUG - No samples removed, final audio length: 46080
2026-07-20 20:55:11.224 - RealTimeSTT: realtimestt - INFO - State changed from 'recording' to 'transcribing'
2026-07-20 20:55:11.224 - RealTimeSTT: realtimestt - DEBUG - Adding transcription request, no early transcription started
2026-07-20 20:55:11.231 - RealTimeSTT: realtimestt - DEBUG - Receive from parent_transcription_pipe after sendiung transcription request, transcribe_count: 1
2026-07-20 20:55:11.331 - RealTimeSTT: realtimestt - DEBUG - Receive from parent_transcription_pipe after sendiung transcription request, transcribe_count: 1
2026-07-20 20:55:11.391 - RealTimeSTT: realtimestt - INFO - State changed from 'transcribing' to 'recording'
2026-07-20 20:55:11.392 - RealTimeSTT: realtimestt - DEBUG - Model tiny.en completed transcription in 0.17 seconds
2026-07-20 20:55:11.392 - RealTimeSTT: realtimestt - INFO - Setting listen time
2026-07-20 20:55:11.392 - RealTimeSTT: realtimestt - DEBUG - No samples removed, final audio length: 35328
2026-07-20 20:55:11.392 - RealTimeSTT: realtimestt - INFO - State changed from 'recording' to 'transcribing'
2026-07-20 20:55:11.392 - RealTimeSTT: realtimestt - DEBUG - Adding transcription request, no early transcription started
2026-07-20 20:55:11.393 - RealTimeSTT: realtimestt - DEBUG - Receive from parent_transcription_pipe after sendiung transcription request, transcribe_count: 1
2026-07-20 20:55:11.493 - RealTimeSTT: realtimestt - DEBUG - Receive from parent_transcription_pipe after sendiung transcription request, transcribe_count: 1
2026-07-20 20:55:11.541 - RealTimeSTT: realtimestt - INFO - State changed from 'transcribing' to 'recording'
2026-07-20 20:55:11.542 - RealTimeSTT: realtimestt - DEBUG - Model tiny.en completed transcription in 0.15 seconds
2026-07-20 20:55:11.542 - RealTimeSTT: realtimestt - INFO - Setting listen time
2026-07-20 20:55:11.542 - RealTimeSTT: realtimestt - DEBUG - No samples removed, final audio length: 44032
2026-07-20 20:55:11.542 - RealTimeSTT: realtimestt - INFO - State changed from 'recording' to 'transcribing'
2026-07-20 20:55:11.542 - RealTimeSTT: realtimestt - DEBUG - Adding transcription request, no early transcription started
2026-07-20 20:55:11.546 - RealTimeSTT: realtimestt - DEBUG - Receive from parent_transcription_pipe after sendiung transcription request, transcribe_count: 1
2026-07-20 20:55:11.647 - RealTimeSTT: realtimestt - DEBUG - Receive from parent_transcription_pipe after sendiung transcription request, transcribe_count: 1
2026-07-20 20:55:11.715 - RealTimeSTT: realtimestt - INFO - State changed from 'transcribing' to 'recording'
2026-07-20 20:55:11.716 - RealTimeSTT: realtimestt - DEBUG - Model tiny.en completed transcription in 0.17 seconds
2026-07-20 20:55:11.716 - RealTimeSTT: realtimestt - INFO - Setting listen time
2026-07-20 20:55:11.717 - RealTimeSTT: realtimestt - DEBUG - No samples removed, final audio length: 58368
2026-07-20 20:55:11.717 - RealTimeSTT: realtimestt - INFO - State changed from 'recording' to 'transcribing'
2026-07-20 20:55:11.717 - RealTimeSTT: realtimestt - DEBUG - Adding transcription request, no early transcription started
2026-07-20 20:55:11.732 - RealTimeSTT: realtimestt - DEBUG - Receive from parent_transcription_pipe after sendiung transcription request, transcribe_count: 1
2026-07-20 20:55:11.833 - RealTimeSTT: realtimestt - DEBUG - Receive from parent_transcription_pipe after sendiung transcription request, transcribe_count: 1
2026-07-20 20:55:11.925 - RealTimeSTT: realtimestt - INFO - State changed from 'transcribing' to 'recording'
2026-07-20 20:55:11.926 - RealTimeSTT: realtimestt - DEBUG - Model tiny.en completed transcription in 0.21 seconds
2026-07-20 20:55:11.926 - RealTimeSTT: realtimestt - INFO - Setting listen time
2026-07-20 20:55:11.926 - RealTimeSTT: realtimestt - DEBUG - No samples removed, final audio length: 83968
2026-07-20 20:55:11.926 - RealTimeSTT: realtimestt - INFO - State changed from 'recording' to 'transcribing'
2026-07-20 20:55:11.926 - RealTimeSTT: realtimestt - DEBUG - Adding transcription request, no early transcription started
2026-07-20 20:55:11.926 - RealTimeSTT: realtimestt - DEBUG - Receive from parent_transcription_pipe after sendiung transcription request, transcribe_count: 1
2026-07-20 20:55:12.026 - RealTimeSTT: realtimestt - DEBUG - Receive from parent_transcription_pipe after sendiung transcription request, transcribe_count: 1
2026-07-20 20:55:12.127 - RealTimeSTT: realtimestt - DEBUG - Receive from parent_transcription_pipe after sendiung transcription request, transcribe_count: 1
2026-07-20 20:55:12.135 - RealTimeSTT: realtimestt - INFO - State changed from 'transcribing' to 'recording'
2026-07-20 20:55:12.136 - RealTimeSTT: realtimestt - DEBUG - Model tiny.en completed transcription in 0.21 seconds
2026-07-20 20:55:12.136 - RealTimeSTT: realtimestt - INFO - Setting listen time
2026-07-20 20:55:12.136 - RealTimeSTT: realtimestt - DEBUG - Waiting for recording stop
2026-07-20 20:55:14.356 - RealTimeSTT: realtimestt - INFO - recording stopped
2026-07-20 20:55:14.358 - RealTimeSTT: realtimestt - DEBUG - No samples removed, final audio length: 81920
2026-07-20 20:55:14.358 - RealTimeSTT: realtimestt - INFO - State changed from 'recording' to 'inactive'
2026-07-20 20:55:14.358 - RealTimeSTT: realtimestt - INFO - State changed from 'inactive' to 'transcribing'
2026-07-20 20:55:14.358 - RealTimeSTT: realtimestt - DEBUG - Adding transcription request, no early transcription started
2026-07-20 20:55:14.365 - RealTimeSTT: realtimestt - DEBUG - Receive from parent_transcription_pipe after sendiung transcription request, transcribe_count: 1
2026-07-20 20:55:14.465 - RealTimeSTT: realtimestt - DEBUG - Receive from parent_transcription_pipe after sendiung transcription request, transcribe_count: 1
2026-07-20 20:55:14.557 - RealTimeSTT: realtimestt - INFO - State changed from 'transcribing' to 'inactive'
2026-07-20 20:55:14.558 - RealTimeSTT: realtimestt - DEBUG - Model tiny.en completed transcription in 0.20 seconds
2026-07-20 20:55:14.558 - RealTimeSTT: realtimestt - INFO - Setting listen time
2026-07-20 20:55:14.558 - RealTimeSTT: realtimestt - INFO - State changed from 'inactive' to 'listening'
2026-07-20 20:55:14.558 - RealTimeSTT: realtimestt - DEBUG - Waiting for recording start
2026-07-20 20:55:15.446 - RealTimeSTT: realtimestt - INFO - voice activity detected
2026-07-20 20:55:15.446 - RealTimeSTT: realtimestt - INFO - recording started
2026-07-20 20:55:15.446 - RealTimeSTT: realtimestt - INFO - State changed from 'listening' to 'recording'
2026-07-20 20:55:15.446 - RealTimeSTT: realtimestt - DEBUG - Waiting for recording stop
2026-07-20 20:55:18.776 - RealTimeSTT: realtimestt - INFO - recording stopped
2026-07-20 20:55:18.777 - RealTimeSTT: realtimestt - DEBUG - No samples removed, final audio length: 69632
2026-07-20 20:55:18.777 - RealTimeSTT: realtimestt - INFO - State changed from 'recording' to 'inactive'
2026-07-20 20:55:18.777 - RealTimeSTT: realtimestt - INFO - State changed from 'inactive' to 'transcribing'
2026-07-20 20:55:18.777 - RealTimeSTT: realtimestt - DEBUG - Adding transcription request, no early transcription started
2026-07-20 20:55:18.780 - RealTimeSTT: realtimestt - DEBUG - Receive from parent_transcription_pipe after sendiung transcription request, transcribe_count: 1
2026-07-20 20:55:18.881 - RealTimeSTT: realtimestt - DEBUG - Receive from parent_transcription_pipe after sendiung transcription request, transcribe_count: 1
2026-07-20 20:55:18.953 - RealTimeSTT: realtimestt - INFO - State changed from 'transcribing' to 'inactive'
2026-07-20 20:55:18.954 - RealTimeSTT: realtimestt - DEBUG - Model tiny.en completed transcription in 0.18 seconds
2026-07-20 20:55:18.954 - RealTimeSTT: realtimestt - INFO - Setting listen time
2026-07-20 20:55:18.954 - RealTimeSTT: realtimestt - INFO - State changed from 'inactive' to 'listening'
2026-07-20 20:55:18.954 - RealTimeSTT: realtimestt - DEBUG - Waiting for recording start
2026-07-20 20:55:33.426 - RealTimeSTT: realtimestt - INFO - voice activity detected
2026-07-20 20:55:33.426 - RealTimeSTT: realtimestt - INFO - recording started
2026-07-20 20:55:33.426 - RealTimeSTT: realtimestt - INFO - State changed from 'listening' to 'recording'
2026-07-20 20:55:33.426 - RealTimeSTT: realtimestt - DEBUG - Waiting for recording stop
2026-07-20 20:55:34.776 - RealTimeSTT: realtimestt - INFO - recording stopped
2026-07-20 20:55:34.777 - RealTimeSTT: realtimestt - DEBUG - No samples removed, final audio length: 37888
2026-07-20 20:55:34.777 - RealTimeSTT: realtimestt - INFO - State changed from 'recording' to 'inactive'
2026-07-20 20:55:34.777 - RealTimeSTT: realtimestt - INFO - State changed from 'inactive' to 'transcribing'
2026-07-20 20:55:34.777 - RealTimeSTT: realtimestt - DEBUG - Adding transcription request, no early transcription started
2026-07-20 20:55:34.780 - RealTimeSTT: realtimestt - DEBUG - Receive from parent_transcription_pipe after sendiung transcription request, transcribe_count: 1
2026-07-20 20:55:34.880 - RealTimeSTT: realtimestt - DEBUG - Receive from parent_transcription_pipe after sendiung transcription request, transcribe_count: 1
2026-07-20 20:55:34.927 - RealTimeSTT: realtimestt - INFO - State changed from 'transcribing' to 'inactive'
2026-07-20 20:55:34.928 - RealTimeSTT: realtimestt - DEBUG - Model tiny.en completed transcription in 0.15 seconds
2026-07-20 20:55:34.928 - RealTimeSTT: realtimestt - INFO - Setting listen time
2026-07-20 20:55:34.928 - RealTimeSTT: realtimestt - INFO - State changed from 'inactive' to 'listening'
2026-07-20 20:55:34.928 - RealTimeSTT: realtimestt - DEBUG - Waiting for recording start
2026-07-20 20:56:37.686 - RealTimeSTT: realtimestt - INFO - voice activity detected
2026-07-20 20:56:37.686 - RealTimeSTT: realtimestt - INFO - recording started
2026-07-20 20:56:37.686 - RealTimeSTT: realtimestt - INFO - State changed from 'listening' to 'recording'
2026-07-20 20:56:37.686 - RealTimeSTT: realtimestt - DEBUG - Waiting for recording stop
2026-07-20 20:56:38.706 - RealTimeSTT: realtimestt - INFO - recording stopped
2026-07-20 20:56:38.707 - RealTimeSTT: realtimestt - DEBUG - No samples removed, final audio length: 32768
2026-07-20 20:56:38.707 - RealTimeSTT: realtimestt - INFO - State changed from 'recording' to 'inactive'
2026-07-20 20:56:38.707 - RealTimeSTT: realtimestt - INFO - State changed from 'inactive' to 'transcribing'
2026-07-20 20:56:38.707 - RealTimeSTT: realtimestt - DEBUG - Adding transcription request, no early transcription started
2026-07-20 20:56:38.726 - RealTimeSTT: realtimestt - DEBUG - Receive from parent_transcription_pipe after sendiung transcription request, transcribe_count: 1
2026-07-20 20:56:38.827 - RealTimeSTT: realtimestt - DEBUG - Receive from parent_transcription_pipe after sendiung transcription request, transcribe_count: 1
2026-07-20 20:56:38.857 - RealTimeSTT: realtimestt - INFO - State changed from 'transcribing' to 'inactive'
2026-07-20 20:56:38.858 - RealTimeSTT: realtimestt - DEBUG - Model tiny.en completed transcription in 0.15 seconds
2026-07-20 20:56:38.858 - RealTimeSTT: realtimestt - INFO - recording stopped
2026-07-20 20:56:41.147 - RealTimeSTT: realtimestt - INFO - voice activity detected
2026-07-20 20:56:41.147 - RealTimeSTT: realtimestt - INFO - recording started
2026-07-20 20:56:41.147 - RealTimeSTT: realtimestt - INFO - State changed from 'inactive' to 'recording'
2026-07-20 20:56:44.726 - RealTimeSTT: realtimestt - INFO - recording stopped
2026-07-20 20:56:50.226 - RealTimeSTT: realtimestt - INFO - voice activity detected
2026-07-20 20:56:50.226 - RealTimeSTT: realtimestt - INFO - recording started
2026-07-20 20:56:53.496 - RealTimeSTT: realtimestt - INFO - recording stopped
2026-07-20 20:56:53.814 - RealTimeSTT: realtimestt - INFO - Setting listen time
2026-07-20 20:56:53.814 - RealTimeSTT: realtimestt - DEBUG - No samples removed, final audio length: 73728
2026-07-20 20:56:53.814 - RealTimeSTT: realtimestt - INFO - State changed from 'recording' to 'inactive'
2026-07-20 20:56:53.814 - RealTimeSTT: realtimestt - INFO - State changed from 'inactive' to 'transcribing'
2026-07-20 20:56:53.814 - RealTimeSTT: realtimestt - DEBUG - Adding transcription request, no early transcription started
2026-07-20 20:56:53.821 - RealTimeSTT: realtimestt - DEBUG - Receive from parent_transcription_pipe after sendiung transcription request, transcribe_count: 1
2026-07-20 20:56:53.922 - RealTimeSTT: realtimestt - DEBUG - Receive from parent_transcription_pipe after sendiung transcription request, transcribe_count: 1
2026-07-20 20:56:54.008 - RealTimeSTT: realtimestt - INFO - State changed from 'transcribing' to 'inactive'
2026-07-20 20:56:54.009 - RealTimeSTT: realtimestt - DEBUG - Model tiny.en completed transcription in 0.19 seconds
2026-07-20 20:56:54.010 - RealTimeSTT: realtimestt - INFO - recording stopped
2026-07-20 20:57:00.086 - RealTimeSTT: realtimestt - INFO - voice activity detected
2026-07-20 20:57:00.086 - RealTimeSTT: realtimestt - INFO - recording started
2026-07-20 20:57:00.086 - RealTimeSTT: realtimestt - INFO - State changed from 'inactive' to 'recording'
2026-07-20 20:57:02.136 - RealTimeSTT: realtimestt - INFO - recording stopped
2026-07-20 20:57:03.666 - RealTimeSTT: realtimestt - INFO - voice activity detected
2026-07-20 20:57:03.666 - RealTimeSTT: realtimestt - INFO - recording started
2026-07-20 20:57:04.886 - RealTimeSTT: realtimestt - INFO - recording stopped
2026-07-20 20:57:05.526 - RealTimeSTT: realtimestt - INFO - voice activity detected
2026-07-20 20:57:05.526 - RealTimeSTT: realtimestt - INFO - recording started
2026-07-20 20:57:06.461 - RealTimeSTT: realtimestt - INFO - Setting listen time
2026-07-20 20:57:06.461 - RealTimeSTT: realtimestt - DEBUG - No samples removed, final audio length: 68608
2026-07-20 20:57:06.461 - RealTimeSTT: realtimestt - INFO - State changed from 'recording' to 'transcribing'
2026-07-20 20:57:06.462 - RealTimeSTT: realtimestt - DEBUG - Adding transcription request, no early transcription started
2026-07-20 20:57:06.478 - RealTimeSTT: realtimestt - DEBUG - Receive from parent_transcription_pipe after sendiung transcription request, transcribe_count: 1
2026-07-20 20:57:06.578 - RealTimeSTT: realtimestt - DEBUG - Receive from parent_transcription_pipe after sendiung transcription request, transcribe_count: 1
2026-07-20 20:57:06.678 - RealTimeSTT: realtimestt - DEBUG - Receive from parent_transcription_pipe after sendiung transcription request, transcribe_count: 1
2026-07-20 20:57:06.693 - RealTimeSTT: realtimestt - INFO - State changed from 'transcribing' to 'recording'
2026-07-20 20:57:06.694 - RealTimeSTT: realtimestt - DEBUG - Model tiny.en completed transcription in 0.23 seconds
2026-07-20 20:57:06.694 - RealTimeSTT: realtimestt - INFO - recording stopped
2026-07-20 20:57:07.067 - RealTimeSTT: realtimestt - INFO - voice activity detected
2026-07-20 20:57:07.067 - RealTimeSTT: realtimestt - INFO - recording started
2026-07-20 20:57:08.987 - RealTimeSTT: realtimestt - INFO - recording stopped
2026-07-20 20:57:13.016 - RealTimeSTT: realtimestt - INFO - voice activity detected
2026-07-20 20:57:13.016 - RealTimeSTT: realtimestt - INFO - recording started
2026-07-20 20:57:15.576 - RealTimeSTT: realtimestt - INFO - recording stopped
2026-07-20 20:57:17.106 - RealTimeSTT: realtimestt - INFO - voice activity detected
2026-07-20 20:57:17.106 - RealTimeSTT: realtimestt - INFO - recording started
2026-07-20 20:57:20.116 - RealTimeSTT: realtimestt - INFO - recording stopped
2026-07-20 20:57:21.101 - RealTimeSTT: realtimestt - INFO - Setting listen time
2026-07-20 20:57:21.101 - RealTimeSTT: realtimestt - DEBUG - No samples removed, final audio length: 49152
2026-07-20 20:57:21.101 - RealTimeSTT: realtimestt - INFO - State changed from 'recording' to 'inactive'
2026-07-20 20:57:21.101 - RealTimeSTT: realtimestt - INFO - State changed from 'inactive' to 'transcribing'
2026-07-20 20:57:21.101 - RealTimeSTT: realtimestt - DEBUG - Adding transcription request, no early transcription started
2026-07-20 20:57:21.108 - RealTimeSTT: realtimestt - DEBUG - Receive from parent_transcription_pipe after sendiung transcription request, transcribe_count: 1
2026-07-20 20:57:21.209 - RealTimeSTT: realtimestt - DEBUG - Receive from parent_transcription_pipe after sendiung transcription request, transcribe_count: 1
2026-07-20 20:57:21.302 - RealTimeSTT: realtimestt - INFO - State changed from 'transcribing' to 'inactive'
2026-07-20 20:57:21.303 - RealTimeSTT: realtimestt - DEBUG - Model tiny.en completed transcription in 0.20 seconds
2026-07-20 20:57:21.303 - RealTimeSTT: realtimestt - INFO - Setting listen time
2026-07-20 20:57:21.303 - RealTimeSTT: realtimestt - DEBUG - No samples removed, final audio length: 35840
2026-07-20 20:57:21.303 - RealTimeSTT: realtimestt - INFO - State changed from 'inactive' to 'transcribing'
2026-07-20 20:57:21.303 - RealTimeSTT: realtimestt - DEBUG - Adding transcription request, no early transcription started
2026-07-20 20:57:21.323 - RealTimeSTT: realtimestt - DEBUG - Receive from parent_transcription_pipe after sendiung transcription request, transcribe_count: 1
2026-07-20 20:57:21.424 - RealTimeSTT: realtimestt - DEBUG - Receive from parent_transcription_pipe after sendiung transcription request, transcribe_count: 1
2026-07-20 20:57:21.520 - RealTimeSTT: realtimestt - INFO - State changed from 'transcribing' to 'inactive'
2026-07-20 20:57:21.520 - RealTimeSTT: realtimestt - DEBUG - Model tiny.en completed transcription in 0.22 seconds
2026-07-20 20:57:21.520 - RealTimeSTT: realtimestt - INFO - Setting listen time
2026-07-20 20:57:21.521 - RealTimeSTT: realtimestt - DEBUG - No samples removed, final audio length: 29696
2026-07-20 20:57:21.521 - RealTimeSTT: realtimestt - INFO - State changed from 'inactive' to 'transcribing'
2026-07-20 20:57:21.521 - RealTimeSTT: realtimestt - DEBUG - Adding transcription request, no early transcription started
2026-07-20 20:57:21.540 - RealTimeSTT: realtimestt - DEBUG - Receive from parent_transcription_pipe after sendiung transcription request, transcribe_count: 1
2026-07-20 20:57:21.640 - RealTimeSTT: realtimestt - DEBUG - Receive from parent_transcription_pipe after sendiung transcription request, transcribe_count: 1
2026-07-20 20:57:21.700 - RealTimeSTT: realtimestt - INFO - State changed from 'transcribing' to 'inactive'
2026-07-20 20:57:21.700 - RealTimeSTT: realtimestt - DEBUG - Model tiny.en completed transcription in 0.18 seconds
2026-07-20 20:57:21.700 - RealTimeSTT: realtimestt - INFO - Setting listen time
2026-07-20 20:57:21.701 - RealTimeSTT: realtimestt - DEBUG - No samples removed, final audio length: 36352
2026-07-20 20:57:21.701 - RealTimeSTT: realtimestt - INFO - State changed from 'inactive' to 'transcribing'
2026-07-20 20:57:21.701 - RealTimeSTT: realtimestt - DEBUG - Adding transcription request, no early transcription started
2026-07-20 20:57:21.701 - RealTimeSTT: realtimestt - DEBUG - Receive from parent_transcription_pipe after sendiung transcription request, transcribe_count: 1
2026-07-20 20:57:21.801 - RealTimeSTT: realtimestt - DEBUG - Receive from parent_transcription_pipe after sendiung transcription request, transcribe_count: 1
2026-07-20 20:57:21.874 - RealTimeSTT: realtimestt - INFO - State changed from 'transcribing' to 'inactive'
2026-07-20 20:57:21.874 - RealTimeSTT: realtimestt - DEBUG - Model tiny.en completed transcription in 0.17 seconds
2026-07-20 20:57:21.874 - RealTimeSTT: realtimestt - INFO - Setting listen time
2026-07-20 20:57:21.875 - RealTimeSTT: realtimestt - DEBUG - No samples removed, final audio length: 57344
2026-07-20 20:57:21.875 - RealTimeSTT: realtimestt - INFO - State changed from 'inactive' to 'transcribing'
2026-07-20 20:57:21.875 - RealTimeSTT: realtimestt - DEBUG - Adding transcription request, no early transcription started
2026-07-20 20:57:21.885 - RealTimeSTT: realtimestt - DEBUG - Receive from parent_transcription_pipe after sendiung transcription request, transcribe_count: 1
2026-07-20 20:57:21.986 - RealTimeSTT: realtimestt - DEBUG - Receive from parent_transcription_pipe after sendiung transcription request, transcribe_count: 1
2026-07-20 20:57:22.086 - RealTimeSTT: realtimestt - DEBUG - Receive from parent_transcription_pipe after sendiung transcription request, transcribe_count: 1
2026-07-20 20:57:22.091 - RealTimeSTT: realtimestt - INFO - State changed from 'transcribing' to 'inactive'
2026-07-20 20:57:22.092 - RealTimeSTT: realtimestt - DEBUG - Model tiny.en completed transcription in 0.22 seconds
2026-07-20 20:57:22.092 - RealTimeSTT: realtimestt - INFO - Setting listen time
2026-07-20 20:57:22.092 - RealTimeSTT: realtimestt - DEBUG - No samples removed, final audio length: 64512
2026-07-20 20:57:22.092 - RealTimeSTT: realtimestt - INFO - State changed from 'inactive' to 'transcribing'
2026-07-20 20:57:22.092 - RealTimeSTT: realtimestt - DEBUG - Adding transcription request, no early transcription started
2026-07-20 20:57:22.106 - RealTimeSTT: realtimestt - DEBUG - Receive from parent_transcription_pipe after sendiung transcription request, transcribe_count: 1
2026-07-20 20:57:22.207 - RealTimeSTT: realtimestt - DEBUG - Receive from parent_transcription_pipe after sendiung transcription request, transcribe_count: 1
2026-07-20 20:57:22.308 - RealTimeSTT: realtimestt - DEBUG - Receive from parent_transcription_pipe after sendiung transcription request, transcribe_count: 1
2026-07-20 20:57:22.362 - RealTimeSTT: realtimestt - INFO - State changed from 'transcribing' to 'inactive'
2026-07-20 20:57:22.363 - RealTimeSTT: realtimestt - DEBUG - Model tiny.en completed transcription in 0.27 seconds
2026-07-20 20:57:22.363 - RealTimeSTT: realtimestt - INFO - Setting listen time
2026-07-20 20:57:22.363 - RealTimeSTT: realtimestt - INFO - State changed from 'inactive' to 'listening'
2026-07-20 20:57:22.363 - RealTimeSTT: realtimestt - DEBUG - Waiting for recording start
2026-07-20 20:57:43.346 - RealTimeSTT: realtimestt - INFO - voice activity detected
2026-07-20 20:57:43.346 - RealTimeSTT: realtimestt - INFO - recording started
2026-07-20 20:57:43.346 - RealTimeSTT: realtimestt - INFO - State changed from 'listening' to 'recording'
2026-07-20 20:57:43.346 - RealTimeSTT: realtimestt - DEBUG - Waiting for recording stop
2026-07-20 20:57:44.116 - RealTimeSTT: realtimestt - INFO - recording stopped
2026-07-20 20:57:44.117 - RealTimeSTT: realtimestt - DEBUG - No samples removed, final audio length: 28672
2026-07-20 20:57:44.117 - RealTimeSTT: realtimestt - INFO - State changed from 'recording' to 'inactive'
2026-07-20 20:57:44.117 - RealTimeSTT: realtimestt - INFO - State changed from 'inactive' to 'transcribing'
2026-07-20 20:57:44.117 - RealTimeSTT: realtimestt - DEBUG - Adding transcription request, no early transcription started
2026-07-20 20:57:44.118 - RealTimeSTT: realtimestt - DEBUG - Receive from parent_transcription_pipe after sendiung transcription request, transcribe_count: 1
2026-07-20 20:57:44.219 - RealTimeSTT: realtimestt - DEBUG - Receive from parent_transcription_pipe after sendiung transcription request, transcribe_count: 1
2026-07-20 20:57:44.276 - RealTimeSTT: realtimestt - INFO - State changed from 'transcribing' to 'inactive'
2026-07-20 20:57:44.276 - RealTimeSTT: realtimestt - DEBUG - Model tiny.en completed transcription in 0.16 seconds
2026-07-20 20:57:44.277 - RealTimeSTT: realtimestt - INFO - Setting listen time
2026-07-20 20:57:44.277 - RealTimeSTT: realtimestt - INFO - State changed from 'inactive' to 'listening'
2026-07-20 20:57:44.277 - RealTimeSTT: realtimestt - DEBUG - Waiting for recording start
2026-07-20 20:57:45.846 - RealTimeSTT: realtimestt - INFO - voice activity detected
2026-07-20 20:57:45.846 - RealTimeSTT: realtimestt - INFO - recording started
2026-07-20 20:57:45.846 - RealTimeSTT: realtimestt - INFO - State changed from 'listening' to 'recording'
2026-07-20 20:57:45.846 - RealTimeSTT: realtimestt - DEBUG - Waiting for recording stop
2026-07-20 20:57:57.107 - RealTimeSTT: realtimestt - INFO - recording stopped
2026-07-20 20:57:57.111 - RealTimeSTT: realtimestt - DEBUG - No samples removed, final audio length: 196608
2026-07-20 20:57:57.111 - RealTimeSTT: realtimestt - INFO - State changed from 'recording' to 'inactive'
2026-07-20 20:57:57.111 - RealTimeSTT: realtimestt - INFO - State changed from 'inactive' to 'transcribing'
2026-07-20 20:57:57.111 - RealTimeSTT: realtimestt - DEBUG - Adding transcription request, no early transcription started
2026-07-20 20:57:57.129 - RealTimeSTT: realtimestt - DEBUG - Receive from parent_transcription_pipe after sendiung transcription request, transcribe_count: 1
2026-07-20 20:57:57.229 - RealTimeSTT: realtimestt - DEBUG - Receive from parent_transcription_pipe after sendiung transcription request, transcribe_count: 1
2026-07-20 20:57:57.330 - RealTimeSTT: realtimestt - DEBUG - Receive from parent_transcription_pipe after sendiung transcription request, transcribe_count: 1
2026-07-20 20:57:57.399 - RealTimeSTT: realtimestt - INFO - State changed from 'transcribing' to 'inactive'
2026-07-20 20:57:57.401 - RealTimeSTT: realtimestt - DEBUG - Model tiny.en completed transcription in 0.29 seconds
2026-07-20 20:57:57.402 - RealTimeSTT: realtimestt - INFO - Setting listen time
2026-07-20 20:57:57.402 - RealTimeSTT: realtimestt - INFO - State changed from 'inactive' to 'listening'
2026-07-20 20:57:57.402 - RealTimeSTT: realtimestt - DEBUG - Waiting for recording start
2026-07-20 20:58:00.947 - RealTimeSTT: realtimestt - INFO - voice activity detected
2026-07-20 20:58:00.947 - RealTimeSTT: realtimestt - INFO - recording started
2026-07-20 20:58:00.947 - RealTimeSTT: realtimestt - INFO - State changed from 'listening' to 'recording'
2026-07-20 20:58:00.947 - RealTimeSTT: realtimestt - DEBUG - Waiting for recording stop
2026-07-20 20:58:02.226 - RealTimeSTT: realtimestt - INFO - recording stopped
2026-07-20 20:58:02.227 - RealTimeSTT: realtimestt - DEBUG - No samples removed, final audio length: 36864
2026-07-20 20:58:02.227 - RealTimeSTT: realtimestt - INFO - State changed from 'recording' to 'inactive'
2026-07-20 20:58:02.227 - RealTimeSTT: realtimestt - INFO - State changed from 'inactive' to 'transcribing'
2026-07-20 20:58:02.227 - RealTimeSTT: realtimestt - DEBUG - Adding transcription request, no early transcription started
2026-07-20 20:58:02.234 - RealTimeSTT: realtimestt - DEBUG - Receive from parent_transcription_pipe after sendiung transcription request, transcribe_count: 1
2026-07-20 20:58:02.335 - RealTimeSTT: realtimestt - DEBUG - Receive from parent_transcription_pipe after sendiung transcription request, transcribe_count: 1
2026-07-20 20:58:02.400 - RealTimeSTT: realtimestt - INFO - State changed from 'transcribing' to 'inactive'
2026-07-20 20:58:02.401 - RealTimeSTT: realtimestt - DEBUG - Model tiny.en completed transcription in 0.17 seconds
2026-07-20 20:58:02.401 - RealTimeSTT: realtimestt - INFO - Setting listen time
2026-07-20 20:58:02.401 - RealTimeSTT: realtimestt - INFO - State changed from 'inactive' to 'listening'
2026-07-20 20:58:02.401 - RealTimeSTT: realtimestt - DEBUG - Waiting for recording start
2026-07-20 20:58:04.596 - RealTimeSTT: realtimestt - INFO - voice activity detected
2026-07-20 20:58:04.596 - RealTimeSTT: realtimestt - INFO - recording started
2026-07-20 20:58:04.596 - RealTimeSTT: realtimestt - INFO - State changed from 'listening' to 'recording'
2026-07-20 20:58:04.596 - RealTimeSTT: realtimestt - DEBUG - Waiting for recording stop
2026-07-20 20:58:25.336 - RealTimeSTT: realtimestt - INFO - recording stopped
2026-07-20 20:58:25.341 - RealTimeSTT: realtimestt - DEBUG - No samples removed, final audio length: 348160
2026-07-20 20:58:25.341 - RealTimeSTT: realtimestt - INFO - State changed from 'recording' to 'inactive'
2026-07-20 20:58:25.341 - RealTimeSTT: realtimestt - INFO - State changed from 'inactive' to 'transcribing'
2026-07-20 20:58:25.341 - RealTimeSTT: realtimestt - DEBUG - Adding transcription request, no early transcription started
2026-07-20 20:58:25.342 - RealTimeSTT: realtimestt - DEBUG - Receive from parent_transcription_pipe after sendiung transcription request, transcribe_count: 1
2026-07-20 20:58:25.443 - RealTimeSTT: realtimestt - DEBUG - Receive from parent_transcription_pipe after sendiung transcription request, transcribe_count: 1
2026-07-20 20:58:25.543 - RealTimeSTT: realtimestt - DEBUG - Receive from parent_transcription_pipe after sendiung transcription request, transcribe_count: 1
2026-07-20 20:58:25.643 - RealTimeSTT: realtimestt - DEBUG - Receive from parent_transcription_pipe after sendiung transcription request, transcribe_count: 1
2026-07-20 20:58:25.703 - RealTimeSTT: realtimestt - INFO - State changed from 'transcribing' to 'inactive'
2026-07-20 20:58:25.708 - RealTimeSTT: realtimestt - DEBUG - Model tiny.en completed transcription in 0.37 seconds
2026-07-20 20:58:25.708 - RealTimeSTT: realtimestt - INFO - recording stopped
2026-07-20 20:58:27.636 - RealTimeSTT: realtimestt - INFO - voice activity detected
2026-07-20 20:58:27.636 - RealTimeSTT: realtimestt - INFO - recording started
2026-07-20 20:58:27.636 - RealTimeSTT: realtimestt - INFO - State changed from 'inactive' to 'recording'
2026-07-20 20:58:28.666 - RealTimeSTT: realtimestt - INFO - recording stopped
2026-07-20 20:58:30.196 - RealTimeSTT: realtimestt - INFO - voice activity detected
2026-07-20 20:58:30.196 - RealTimeSTT: realtimestt - INFO - recording started
2026-07-20 20:58:31.546 - RealTimeSTT: realtimestt - INFO - recording stopped
2026-07-20 20:58:35.896 - RealTimeSTT: realtimestt - INFO - voice activity detected
2026-07-20 20:58:35.896 - RealTimeSTT: realtimestt - INFO - recording started
2026-07-20 20:58:37.496 - RealTimeSTT: realtimestt - INFO - recording stopped
2026-07-20 20:58:38.906 - RealTimeSTT: realtimestt - INFO - voice activity detected
2026-07-20 20:58:38.906 - RealTimeSTT: realtimestt - INFO - recording started
2026-07-20 20:58:42.616 - RealTimeSTT: realtimestt - INFO - recording stopped
2026-07-20 20:58:44.263 - RealTimeSTT: realtimestt - INFO - Setting listen time
2026-07-20 20:58:44.263 - RealTimeSTT: realtimestt - DEBUG - No samples removed, final audio length: 32768
2026-07-20 20:58:44.263 - RealTimeSTT: realtimestt - INFO - State changed from 'recording' to 'inactive'
2026-07-20 20:58:44.263 - RealTimeSTT: realtimestt - INFO - State changed from 'inactive' to 'transcribing'
2026-07-20 20:58:44.263 - RealTimeSTT: realtimestt - DEBUG - Adding transcription request, no early transcription started
2026-07-20 20:58:44.263 - RealTimeSTT: realtimestt - DEBUG - Receive from parent_transcription_pipe after sendiung transcription request, transcribe_count: 1
2026-07-20 20:58:44.363 - RealTimeSTT: realtimestt - DEBUG - Receive from parent_transcription_pipe after sendiung transcription request, transcribe_count: 1
2026-07-20 20:58:44.414 - RealTimeSTT: realtimestt - INFO - State changed from 'transcribing' to 'inactive'
2026-07-20 20:58:44.415 - RealTimeSTT: realtimestt - DEBUG - Model tiny.en completed transcription in 0.15 seconds
2026-07-20 20:58:44.415 - RealTimeSTT: realtimestt - INFO - Setting listen time
2026-07-20 20:58:44.415 - RealTimeSTT: realtimestt - DEBUG - No samples removed, final audio length: 37888
2026-07-20 20:58:44.415 - RealTimeSTT: realtimestt - INFO - State changed from 'inactive' to 'transcribing'
2026-07-20 20:58:44.416 - RealTimeSTT: realtimestt - DEBUG - Adding transcription request, no early transcription started
2026-07-20 20:58:44.418 - RealTimeSTT: realtimestt - DEBUG - Receive from parent_transcription_pipe after sendiung transcription request, transcribe_count: 1
2026-07-20 20:58:44.518 - RealTimeSTT: realtimestt - DEBUG - Receive from parent_transcription_pipe after sendiung transcription request, transcribe_count: 1
2026-07-20 20:58:44.563 - RealTimeSTT: realtimestt - INFO - State changed from 'transcribing' to 'inactive'
2026-07-20 20:58:44.564 - RealTimeSTT: realtimestt - DEBUG - Model tiny.en completed transcription in 0.15 seconds
2026-07-20 20:58:44.564 - RealTimeSTT: realtimestt - INFO - Setting listen time
2026-07-20 20:58:44.564 - RealTimeSTT: realtimestt - DEBUG - No samples removed, final audio length: 41984
2026-07-20 20:58:44.564 - RealTimeSTT: realtimestt - INFO - State changed from 'inactive' to 'transcribing'
2026-07-20 20:58:44.564 - RealTimeSTT: realtimestt - DEBUG - Adding transcription request, no early transcription started
2026-07-20 20:58:44.573 - RealTimeSTT: realtimestt - DEBUG - Receive from parent_transcription_pipe after sendiung transcription request, transcribe_count: 1
2026-07-20 20:58:44.674 - RealTimeSTT: realtimestt - DEBUG - Receive from parent_transcription_pipe after sendiung transcription request, transcribe_count: 1
2026-07-20 20:58:44.732 - RealTimeSTT: realtimestt - INFO - State changed from 'transcribing' to 'inactive'
2026-07-20 20:58:44.733 - RealTimeSTT: realtimestt - DEBUG - Model tiny.en completed transcription in 0.17 seconds
2026-07-20 20:58:44.733 - RealTimeSTT: realtimestt - INFO - Setting listen time
2026-07-20 20:58:44.733 - RealTimeSTT: realtimestt - DEBUG - No samples removed, final audio length: 75776
2026-07-20 20:58:44.733 - RealTimeSTT: realtimestt - INFO - State changed from 'inactive' to 'transcribing'
2026-07-20 20:58:44.733 - RealTimeSTT: realtimestt - DEBUG - Adding transcription request, no early transcription started
2026-07-20 20:58:44.734 - RealTimeSTT: realtimestt - DEBUG - Receive from parent_transcription_pipe after sendiung transcription request, transcribe_count: 1
2026-07-20 20:58:44.833 - RealTimeSTT: realtimestt - DEBUG - Receive from parent_transcription_pipe after sendiung transcription request, transcribe_count: 1
2026-07-20 20:58:44.934 - RealTimeSTT: realtimestt - DEBUG - Receive from parent_transcription_pipe after sendiung transcription request, transcribe_count: 1
2026-07-20 20:58:44.945 - RealTimeSTT: realtimestt - INFO - State changed from 'transcribing' to 'inactive'
2026-07-20 20:58:44.946 - RealTimeSTT: realtimestt - DEBUG - Model tiny.en completed transcription in 0.21 seconds
2026-07-20 20:58:44.947 - RealTimeSTT: realtimestt - INFO - Setting listen time
2026-07-20 20:58:44.947 - RealTimeSTT: realtimestt - INFO - State changed from 'inactive' to 'listening'
2026-07-20 20:58:44.947 - RealTimeSTT: realtimestt - DEBUG - Waiting for recording start
2026-07-20 21:03:23.636 - RealTimeSTT: realtimestt - INFO - voice activity detected
2026-07-20 21:03:23.636 - RealTimeSTT: realtimestt - INFO - recording started
2026-07-20 21:03:23.636 - RealTimeSTT: realtimestt - INFO - State changed from 'listening' to 'recording'
2026-07-20 21:03:23.636 - RealTimeSTT: realtimestt - DEBUG - Waiting for recording stop
2026-07-20 21:03:24.536 - RealTimeSTT: realtimestt - INFO - recording stopped
2026-07-20 21:03:24.537 - RealTimeSTT: realtimestt - DEBUG - No samples removed, final audio length: 30720
2026-07-20 21:03:24.537 - RealTimeSTT: realtimestt - INFO - State changed from 'recording' to 'inactive'
2026-07-20 21:03:24.537 - RealTimeSTT: realtimestt - INFO - State changed from 'inactive' to 'transcribing'
2026-07-20 21:03:24.537 - RealTimeSTT: realtimestt - DEBUG - Adding transcription request, no early transcription started
2026-07-20 21:03:24.537 - RealTimeSTT: realtimestt - DEBUG - Receive from parent_transcription_pipe after sendiung transcription request, transcribe_count: 1
2026-07-20 21:03:24.637 - RealTimeSTT: realtimestt - DEBUG - Receive from parent_transcription_pipe after sendiung transcription request, transcribe_count: 1
2026-07-20 21:03:24.674 - RealTimeSTT: realtimestt - INFO - State changed from 'transcribing' to 'inactive'
2026-07-20 21:03:24.674 - RealTimeSTT: realtimestt - DEBUG - Model tiny.en completed transcription in 0.14 seconds
2026-07-20 21:03:24.675 - RealTimeSTT: realtimestt - INFO - recording stopped
2026-07-20 21:03:29.396 - RealTimeSTT: realtimestt - INFO - voice activity detected
2026-07-20 21:03:29.396 - RealTimeSTT: realtimestt - INFO - recording started
2026-07-20 21:03:29.397 - RealTimeSTT: realtimestt - INFO - State changed from 'inactive' to 'recording'
2026-07-20 21:03:31.386 - RealTimeSTT: realtimestt - INFO - recording stopped
2026-07-20 21:03:33.556 - RealTimeSTT: realtimestt - INFO - voice activity detected
2026-07-20 21:03:33.556 - RealTimeSTT: realtimestt - INFO - recording started
2026-07-20 21:03:34.836 - RealTimeSTT: realtimestt - INFO - recording stopped
2026-07-20 21:03:36.405 - RealTimeSTT: realtimestt - INFO - Setting listen time
2026-07-20 21:03:36.405 - RealTimeSTT: realtimestt - DEBUG - No samples removed, final audio length: 48128
2026-07-20 21:03:36.405 - RealTimeSTT: realtimestt - INFO - State changed from 'recording' to 'inactive'
2026-07-20 21:03:36.405 - RealTimeSTT: realtimestt - INFO - State changed from 'inactive' to 'transcribing'
2026-07-20 21:03:36.405 - RealTimeSTT: realtimestt - DEBUG - Adding transcription request, no early transcription started
2026-07-20 21:03:36.406 - RealTimeSTT: realtimestt - DEBUG - Receive from parent_transcription_pipe after sendiung transcription request, transcribe_count: 1
2026-07-20 21:03:36.506 - RealTimeSTT: realtimestt - DEBUG - Receive from parent_transcription_pipe after sendiung transcription request, transcribe_count: 1
2026-07-20 21:03:36.572 - RealTimeSTT: realtimestt - INFO - State changed from 'transcribing' to 'inactive'
2026-07-20 21:03:36.573 - RealTimeSTT: realtimestt - DEBUG - Model tiny.en completed transcription in 0.17 seconds
2026-07-20 21:03:36.573 - RealTimeSTT: realtimestt - INFO - recording stopped
2026-07-20 21:03:43.546 - RealTimeSTT: realtimestt - INFO - voice activity detected
2026-07-20 21:03:43.546 - RealTimeSTT: realtimestt - INFO - recording started
2026-07-20 21:03:43.546 - RealTimeSTT: realtimestt - INFO - State changed from 'inactive' to 'recording'
2026-07-20 21:03:45.396 - RealTimeSTT: realtimestt - INFO - recording stopped
2026-07-20 21:03:45.716 - RealTimeSTT: realtimestt - INFO - voice activity detected
2026-07-20 21:03:45.716 - RealTimeSTT: realtimestt - INFO - recording started
2026-07-20 21:03:53.073 - RealTimeSTT: realtimestt - INFO - Setting listen time
2026-07-20 21:03:53.073 - RealTimeSTT: realtimestt - DEBUG - No samples removed, final audio length: 36864
2026-07-20 21:03:53.073 - RealTimeSTT: realtimestt - INFO - State changed from 'recording' to 'transcribing'
2026-07-20 21:03:53.073 - RealTimeSTT: realtimestt - DEBUG - Adding transcription request, no early transcription started
2026-07-20 21:03:53.078 - RealTimeSTT: realtimestt - DEBUG - Receive from parent_transcription_pipe after sendiung transcription request, transcribe_count: 1
2026-07-20 21:03:53.178 - RealTimeSTT: realtimestt - DEBUG - Receive from parent_transcription_pipe after sendiung transcription request, transcribe_count: 1
2026-07-20 21:03:53.279 - RealTimeSTT: realtimestt - DEBUG - Receive from parent_transcription_pipe after sendiung transcription request, transcribe_count: 1
2026-07-20 21:03:53.286 - RealTimeSTT: realtimestt - INFO - State changed from 'transcribing' to 'recording'
2026-07-20 21:03:53.287 - RealTimeSTT: realtimestt - DEBUG - Model tiny.en completed transcription in 0.21 seconds
2026-07-20 21:03:53.288 - RealTimeSTT: realtimestt - INFO - recording stopped
2026-07-20 21:03:54.356 - RealTimeSTT: realtimestt - INFO - voice activity detected
2026-07-20 21:03:54.356 - RealTimeSTT: realtimestt - INFO - recording started
2026-07-20 21:03:56.726 - RealTimeSTT: realtimestt - INFO - recording stopped
2026-07-20 21:03:58.386 - RealTimeSTT: realtimestt - INFO - voice activity detected
2026-07-20 21:03:58.386 - RealTimeSTT: realtimestt - INFO - recording started
2026-07-20 21:04:02.546 - RealTimeSTT: realtimestt - INFO - recording stopped
2026-07-20 21:04:02.996 - RealTimeSTT: realtimestt - INFO - voice activity detected
2026-07-20 21:04:02.996 - RealTimeSTT: realtimestt - INFO - recording started
2026-07-20 21:04:07.416 - RealTimeSTT: realtimestt - INFO - recording stopped
2026-07-20 21:04:07.879 - RealTimeSTT: realtimestt - INFO - Setting listen time
2026-07-20 21:04:07.879 - RealTimeSTT: realtimestt - DEBUG - No samples removed, final audio length: 46080
2026-07-20 21:04:07.879 - RealTimeSTT: realtimestt - INFO - State changed from 'recording' to 'inactive'
2026-07-20 21:04:07.879 - RealTimeSTT: realtimestt - INFO - State changed from 'inactive' to 'transcribing'
2026-07-20 21:04:07.879 - RealTimeSTT: realtimestt - DEBUG - Adding transcription request, no early transcription started
2026-07-20 21:04:07.880 - RealTimeSTT: realtimestt - DEBUG - Receive from parent_transcription_pipe after sendiung transcription request, transcribe_count: 1
2026-07-20 21:04:07.980 - RealTimeSTT: realtimestt - DEBUG - Receive from parent_transcription_pipe after sendiung transcription request, transcribe_count: 1
2026-07-20 21:04:08.075 - RealTimeSTT: realtimestt - INFO - State changed from 'transcribing' to 'inactive'
2026-07-20 21:04:08.076 - RealTimeSTT: realtimestt - DEBUG - Model tiny.en completed transcription in 0.20 seconds
2026-07-20 21:04:08.076 - RealTimeSTT: realtimestt - INFO - Setting listen time
2026-07-20 21:04:08.076 - RealTimeSTT: realtimestt - DEBUG - No samples removed, final audio length: 126976
2026-07-20 21:04:08.076 - RealTimeSTT: realtimestt - INFO - State changed from 'inactive' to 'transcribing'
2026-07-20 21:04:08.076 - RealTimeSTT: realtimestt - DEBUG - Adding transcription request, no early transcription started
2026-07-20 21:04:08.096 - RealTimeSTT: realtimestt - DEBUG - Receive from parent_transcription_pipe after sendiung transcription request, transcribe_count: 1
2026-07-20 21:04:08.116 - RealTimeSTT: realtimestt - INFO - voice activity detected
2026-07-20 21:04:08.116 - RealTimeSTT: realtimestt - INFO - recording started
2026-07-20 21:04:08.116 - RealTimeSTT: realtimestt - INFO - State changed from 'transcribing' to 'recording'
2026-07-20 21:04:08.197 - RealTimeSTT: realtimestt - DEBUG - Receive from parent_transcription_pipe after sendiung transcription request, transcribe_count: 1
2026-07-20 21:04:08.298 - RealTimeSTT: realtimestt - DEBUG - Receive from parent_transcription_pipe after sendiung transcription request, transcribe_count: 1
2026-07-20 21:04:08.379 - RealTimeSTT: realtimestt - DEBUG - Model tiny.en completed transcription in 0.30 seconds
2026-07-20 21:04:08.379 - RealTimeSTT: realtimestt - INFO - Setting listen time
2026-07-20 21:04:08.379 - RealTimeSTT: realtimestt - DEBUG - No samples removed, final audio length: 54272
2026-07-20 21:04:08.379 - RealTimeSTT: realtimestt - INFO - State changed from 'recording' to 'transcribing'
2026-07-20 21:04:08.379 - RealTimeSTT: realtimestt - DEBUG - Adding transcription request, no early transcription started
2026-07-20 21:04:08.380 - RealTimeSTT: realtimestt - DEBUG - Receive from parent_transcription_pipe after sendiung transcription request, transcribe_count: 1
2026-07-20 21:04:08.481 - RealTimeSTT: realtimestt - DEBUG - Receive from parent_transcription_pipe after sendiung transcription request, transcribe_count: 1
2026-07-20 21:04:08.576 - RealTimeSTT: realtimestt - INFO - State changed from 'transcribing' to 'recording'
2026-07-20 21:04:08.577 - RealTimeSTT: realtimestt - DEBUG - Model tiny.en completed transcription in 0.20 seconds
2026-07-20 21:04:08.577 - RealTimeSTT: realtimestt - INFO - Setting listen time
2026-07-20 21:04:08.577 - RealTimeSTT: realtimestt - DEBUG - No samples removed, final audio length: 82944
2026-07-20 21:04:08.577 - RealTimeSTT: realtimestt - INFO - State changed from 'recording' to 'transcribing'
2026-07-20 21:04:08.577 - RealTimeSTT: realtimestt - DEBUG - Adding transcription request, no early transcription started
2026-07-20 21:04:08.594 - RealTimeSTT: realtimestt - DEBUG - Receive from parent_transcription_pipe after sendiung transcription request, transcribe_count: 1
2026-07-20 21:04:08.694 - RealTimeSTT: realtimestt - DEBUG - Receive from parent_transcription_pipe after sendiung transcription request, transcribe_count: 1
2026-07-20 21:04:08.795 - RealTimeSTT: realtimestt - DEBUG - Receive from parent_transcription_pipe after sendiung transcription request, transcribe_count: 1
2026-07-20 21:04:08.813 - RealTimeSTT: realtimestt - INFO - State changed from 'transcribing' to 'recording'
2026-07-20 21:04:08.814 - RealTimeSTT: realtimestt - DEBUG - Model tiny.en completed transcription in 0.24 seconds
2026-07-20 21:04:08.814 - RealTimeSTT: realtimestt - INFO - Setting listen time
2026-07-20 21:04:08.814 - RealTimeSTT: realtimestt - DEBUG - No samples removed, final audio length: 78336
2026-07-20 21:04:08.814 - RealTimeSTT: realtimestt - INFO - State changed from 'recording' to 'transcribing'
2026-07-20 21:04:08.814 - RealTimeSTT: realtimestt - DEBUG - Adding transcription request, no early transcription started
2026-07-20 21:04:08.815 - RealTimeSTT: realtimestt - DEBUG - Receive from parent_transcription_pipe after sendiung transcription request, transcribe_count: 1
2026-07-20 21:04:08.915 - RealTimeSTT: realtimestt - DEBUG - Receive from parent_transcription_pipe after sendiung transcription request, transcribe_count: 1
2026-07-20 21:04:09.016 - RealTimeSTT: realtimestt - DEBUG - Receive from parent_transcription_pipe after sendiung transcription request, transcribe_count: 1
2026-07-20 21:04:09.040 - RealTimeSTT: realtimestt - INFO - State changed from 'transcribing' to 'recording'
2026-07-20 21:04:09.041 - RealTimeSTT: realtimestt - DEBUG - Model tiny.en completed transcription in 0.23 seconds
2026-07-20 21:04:09.041 - RealTimeSTT: realtimestt - INFO - Setting listen time
2026-07-20 21:04:09.041 - RealTimeSTT: realtimestt - DEBUG - Waiting for recording stop
2026-07-20 21:04:10.806 - RealTimeSTT: realtimestt - INFO - recording stopped
2026-07-20 21:04:10.807 - RealTimeSTT: realtimestt - DEBUG - No samples removed, final audio length: 54784
2026-07-20 21:04:10.807 - RealTimeSTT: realtimestt - INFO - State changed from 'recording' to 'inactive'
2026-07-20 21:04:10.807 - RealTimeSTT: realtimestt - INFO - State changed from 'inactive' to 'transcribing'
2026-07-20 21:04:10.807 - RealTimeSTT: realtimestt - DEBUG - Adding transcription request, no early transcription started
2026-07-20 21:04:10.814 - RealTimeSTT: realtimestt - DEBUG - Receive from parent_transcription_pipe after sendiung transcription request, transcribe_count: 1
2026-07-20 21:04:10.915 - RealTimeSTT: realtimestt - DEBUG - Receive from parent_transcription_pipe after sendiung transcription request, transcribe_count: 1
2026-07-20 21:04:10.993 - RealTimeSTT: realtimestt - INFO - State changed from 'transcribing' to 'inactive'
2026-07-20 21:04:10.994 - RealTimeSTT: realtimestt - DEBUG - Model tiny.en completed transcription in 0.19 seconds
2026-07-20 21:04:10.994 - RealTimeSTT: realtimestt - INFO - Setting listen time
2026-07-20 21:04:10.994 - RealTimeSTT: realtimestt - INFO - State changed from 'inactive' to 'listening'
2026-07-20 21:04:10.994 - RealTimeSTT: realtimestt - DEBUG - Waiting for recording start
2026-07-20 21:04:17.396 - RealTimeSTT: realtimestt - INFO - voice activity detected
2026-07-20 21:04:17.396 - RealTimeSTT: realtimestt - INFO - recording started
2026-07-20 21:04:17.396 - RealTimeSTT: realtimestt - INFO - State changed from 'listening' to 'recording'
2026-07-20 21:04:17.396 - RealTimeSTT: realtimestt - DEBUG - Waiting for recording stop
2026-07-20 21:04:18.486 - RealTimeSTT: realtimestt - INFO - recording stopped
2026-07-20 21:04:18.487 - RealTimeSTT: realtimestt - DEBUG - No samples removed, final audio length: 33792
2026-07-20 21:04:18.487 - RealTimeSTT: realtimestt - INFO - State changed from 'recording' to 'inactive'
2026-07-20 21:04:18.487 - RealTimeSTT: realtimestt - INFO - State changed from 'inactive' to 'transcribing'
2026-07-20 21:04:18.487 - RealTimeSTT: realtimestt - DEBUG - Adding transcription request, no early transcription started
2026-07-20 21:04:18.487 - RealTimeSTT: realtimestt - DEBUG - Receive from parent_transcription_pipe after sendiung transcription request, transcribe_count: 1
2026-07-20 21:04:18.587 - RealTimeSTT: realtimestt - DEBUG - Receive from parent_transcription_pipe after sendiung transcription request, transcribe_count: 1
2026-07-20 21:04:18.640 - RealTimeSTT: realtimestt - INFO - State changed from 'transcribing' to 'inactive'
2026-07-20 21:04:18.640 - RealTimeSTT: realtimestt - DEBUG - Model tiny.en completed transcription in 0.15 seconds
2026-07-20 21:04:18.640 - RealTimeSTT: realtimestt - INFO - recording stopped
2026-07-20 21:04:20.026 - RealTimeSTT: realtimestt - INFO - voice activity detected
2026-07-20 21:04:20.026 - RealTimeSTT: realtimestt - INFO - recording started
2026-07-20 21:04:20.026 - RealTimeSTT: realtimestt - INFO - State changed from 'inactive' to 'recording'
2026-07-20 21:04:21.626 - RealTimeSTT: realtimestt - INFO - recording stopped
2026-07-20 21:04:27.186 - RealTimeSTT: realtimestt - INFO - voice activity detected
2026-07-20 21:04:27.186 - RealTimeSTT: realtimestt - INFO - recording started
2026-07-20 21:04:29.306 - RealTimeSTT: realtimestt - INFO - recording stopped
2026-07-20 21:04:30.195 - RealTimeSTT: realtimestt - INFO - Setting listen time
2026-07-20 21:04:30.195 - RealTimeSTT: realtimestt - DEBUG - No samples removed, final audio length: 41984
2026-07-20 21:04:30.195 - RealTimeSTT: realtimestt - INFO - State changed from 'recording' to 'inactive'
2026-07-20 21:04:30.195 - RealTimeSTT: realtimestt - INFO - State changed from 'inactive' to 'transcribing'
2026-07-20 21:04:30.195 - RealTimeSTT: realtimestt - DEBUG - Adding transcription request, no early transcription started
2026-07-20 21:04:30.210 - RealTimeSTT: realtimestt - DEBUG - Receive from parent_transcription_pipe after sendiung transcription request, transcribe_count: 1
2026-07-20 21:04:30.266 - RealTimeSTT: realtimestt - INFO - voice activity detected
2026-07-20 21:04:30.266 - RealTimeSTT: realtimestt - INFO - recording started
2026-07-20 21:04:30.267 - RealTimeSTT: realtimestt - INFO - State changed from 'transcribing' to 'recording'
2026-07-20 21:04:30.310 - RealTimeSTT: realtimestt - DEBUG - Receive from parent_transcription_pipe after sendiung transcription request, transcribe_count: 1
2026-07-20 21:04:30.373 - RealTimeSTT: realtimestt - DEBUG - Model tiny.en completed transcription in 0.18 seconds
2026-07-20 21:04:30.373 - RealTimeSTT: realtimestt - INFO - Attempted to stop recording too soon after starting.
2026-07-20 21:04:31.416 - RealTimeSTT: realtimestt - INFO - recording stopped
2026-07-20 21:04:37.106 - RealTimeSTT: realtimestt - INFO - voice activity detected
2026-07-20 21:04:37.106 - RealTimeSTT: realtimestt - INFO - recording started
2026-07-20 21:04:46.701 - RealTimeSTT: realtimestt - INFO - Setting listen time
2026-07-20 21:04:46.702 - RealTimeSTT: realtimestt - DEBUG - No samples removed, final audio length: 50176
2026-07-20 21:04:46.702 - RealTimeSTT: realtimestt - INFO - State changed from 'recording' to 'transcribing'
2026-07-20 21:04:46.702 - RealTimeSTT: realtimestt - DEBUG - Adding transcription request, no early transcription started
2026-07-20 21:04:46.704 - RealTimeSTT: realtimestt - DEBUG - Receive from parent_transcription_pipe after sendiung transcription request, transcribe_count: 1
2026-07-20 21:04:46.805 - RealTimeSTT: realtimestt - DEBUG - Receive from parent_transcription_pipe after sendiung transcription request, transcribe_count: 1
2026-07-20 21:04:46.853 - RealTimeSTT: realtimestt - INFO - recording stopped
2026-07-20 21:04:46.906 - RealTimeSTT: realtimestt - DEBUG - Receive from parent_transcription_pipe after sendiung transcription request, transcribe_count: 1
2026-07-20 21:04:46.907 - RealTimeSTT: realtimestt - INFO - State changed from 'transcribing' to 'inactive'
2026-07-20 21:04:46.907 - RealTimeSTT: realtimestt - DEBUG - Model tiny.en completed transcription in 0.21 seconds
2026-07-20 21:04:46.908 - RealTimeSTT: realtimestt - INFO - Setting listen time
2026-07-20 21:04:46.908 - RealTimeSTT: realtimestt - DEBUG - No samples removed, final audio length: 34304
2026-07-20 21:04:46.908 - RealTimeSTT: realtimestt - INFO - State changed from 'inactive' to 'transcribing'
2026-07-20 21:04:46.908 - RealTimeSTT: realtimestt - DEBUG - Adding transcription request, no early transcription started
2026-07-20 21:04:46.922 - RealTimeSTT: realtimestt - DEBUG - Receive from parent_transcription_pipe after sendiung transcription request, transcribe_count: 1
2026-07-20 21:04:47.022 - RealTimeSTT: realtimestt - DEBUG - Receive from parent_transcription_pipe after sendiung transcription request, transcribe_count: 1
2026-07-20 21:04:47.098 - RealTimeSTT: realtimestt - INFO - State changed from 'transcribing' to 'inactive'
2026-07-20 21:04:47.099 - RealTimeSTT: realtimestt - DEBUG - Model tiny.en completed transcription in 0.19 seconds
2026-07-20 21:04:47.099 - RealTimeSTT: realtimestt - INFO - Setting listen time
2026-07-20 21:04:47.099 - RealTimeSTT: realtimestt - DEBUG - No samples removed, final audio length: 172032
2026-07-20 21:04:47.100 - RealTimeSTT: realtimestt - INFO - State changed from 'inactive' to 'transcribing'
2026-07-20 21:04:47.100 - RealTimeSTT: realtimestt - DEBUG - Adding transcription request, no early transcription started
2026-07-20 21:04:47.106 - RealTimeSTT: realtimestt - DEBUG - Receive from parent_transcription_pipe after sendiung transcription request, transcribe_count: 1
2026-07-20 21:04:47.207 - RealTimeSTT: realtimestt - DEBUG - Receive from parent_transcription_pipe after sendiung transcription request, transcribe_count: 1
2026-07-20 21:04:47.308 - RealTimeSTT: realtimestt - DEBUG - Receive from parent_transcription_pipe after sendiung transcription request, transcribe_count: 1
2026-07-20 21:04:47.409 - RealTimeSTT: realtimestt - DEBUG - Receive from parent_transcription_pipe after sendiung transcription request, transcribe_count: 1
2026-07-20 21:04:47.445 - RealTimeSTT: realtimestt - INFO - State changed from 'transcribing' to 'inactive'
2026-07-20 21:04:47.448 - RealTimeSTT: realtimestt - DEBUG - Model tiny.en completed transcription in 0.35 seconds
2026-07-20 21:04:47.448 - RealTimeSTT: realtimestt - INFO - Setting listen time
2026-07-20 21:04:47.448 - RealTimeSTT: realtimestt - INFO - State changed from 'inactive' to 'listening'
2026-07-20 21:04:47.448 - RealTimeSTT: realtimestt - DEBUG - Waiting for recording start
2026-07-20 21:04:53.306 - RealTimeSTT: realtimestt - INFO - voice activity detected
2026-07-20 21:04:53.306 - RealTimeSTT: realtimestt - INFO - recording started
2026-07-20 21:04:53.306 - RealTimeSTT: realtimestt - INFO - State changed from 'listening' to 'recording'
2026-07-20 21:04:53.306 - RealTimeSTT: realtimestt - DEBUG - Waiting for recording stop
2026-07-20 21:04:53.946 - RealTimeSTT: realtimestt - INFO - recording stopped
2026-07-20 21:04:53.947 - RealTimeSTT: realtimestt - DEBUG - No samples removed, final audio length: 26624
2026-07-20 21:04:53.947 - RealTimeSTT: realtimestt - INFO - State changed from 'recording' to 'inactive'
2026-07-20 21:04:53.947 - RealTimeSTT: realtimestt - INFO - State changed from 'inactive' to 'transcribing'
2026-07-20 21:04:53.947 - RealTimeSTT: realtimestt - DEBUG - Adding transcription request, no early transcription started
2026-07-20 21:04:53.951 - RealTimeSTT: realtimestt - DEBUG - Receive from parent_transcription_pipe after sendiung transcription request, transcribe_count: 1
2026-07-20 21:04:54.052 - RealTimeSTT: realtimestt - DEBUG - Receive from parent_transcription_pipe after sendiung transcription request, transcribe_count: 1
2026-07-20 21:04:54.138 - RealTimeSTT: realtimestt - INFO - State changed from 'transcribing' to 'inactive'
2026-07-20 21:04:54.138 - RealTimeSTT: realtimestt - DEBUG - Model tiny.en completed transcription in 0.19 seconds
2026-07-20 21:04:54.139 - RealTimeSTT: realtimestt - INFO - Setting listen time
2026-07-20 21:04:54.139 - RealTimeSTT: realtimestt - INFO - State changed from 'inactive' to 'listening'
2026-07-20 21:04:54.139 - RealTimeSTT: realtimestt - DEBUG - Waiting for recording start
2026-07-20 21:34:24.903 - RealTimeSTT: realtimestt - INFO - voice activity detected
2026-07-20 21:34:24.904 - RealTimeSTT: realtimestt - INFO - recording started
2026-07-20 21:34:24.904 - RealTimeSTT: realtimestt - INFO - State changed from 'listening' to 'recording'
2026-07-20 21:34:24.904 - RealTimeSTT: realtimestt - DEBUG - Waiting for recording stop
2026-07-20 21:34:25.543 - RealTimeSTT: realtimestt - INFO - recording stopped
2026-07-20 21:34:25.544 - RealTimeSTT: realtimestt - DEBUG - No samples removed, final audio length: 26624
2026-07-20 21:34:25.544 - RealTimeSTT: realtimestt - INFO - State changed from 'recording' to 'inactive'
2026-07-20 21:34:25.544 - RealTimeSTT: realtimestt - INFO - State changed from 'inactive' to 'transcribing'
2026-07-20 21:34:25.544 - RealTimeSTT: realtimestt - DEBUG - Adding transcription request, no early transcription started
2026-07-20 21:34:25.554 - RealTimeSTT: realtimestt - DEBUG - Receive from parent_transcription_pipe after sendiung transcription request, transcribe_count: 1
2026-07-20 21:34:25.654 - RealTimeSTT: realtimestt - DEBUG - Receive from parent_transcription_pipe after sendiung transcription request, transcribe_count: 1
2026-07-20 21:34:25.702 - RealTimeSTT: realtimestt - INFO - State changed from 'transcribing' to 'inactive'
2026-07-20 21:34:25.703 - RealTimeSTT: realtimestt - DEBUG - Model tiny.en completed transcription in 0.16 seconds
2026-07-20 21:34:25.703 - RealTimeSTT: realtimestt - INFO - Setting listen time
2026-07-20 21:34:25.703 - RealTimeSTT: realtimestt - INFO - State changed from 'inactive' to 'listening'
2026-07-20 21:34:25.703 - RealTimeSTT: realtimestt - DEBUG - Waiting for recording start
2026-07-20 21:34:26.314 - RealTimeSTT: realtimestt - INFO - voice activity detected
2026-07-20 21:34:26.314 - RealTimeSTT: realtimestt - INFO - recording started
2026-07-20 21:34:26.314 - RealTimeSTT: realtimestt - INFO - State changed from 'listening' to 'recording'
2026-07-20 21:34:26.314 - RealTimeSTT: realtimestt - DEBUG - Waiting for recording stop
2026-07-20 21:34:27.013 - RealTimeSTT: realtimestt - INFO - recording stopped
2026-07-20 21:34:27.014 - RealTimeSTT: realtimestt - DEBUG - No samples removed, final audio length: 24064
2026-07-20 21:34:27.014 - RealTimeSTT: realtimestt - INFO - State changed from 'recording' to 'inactive'
2026-07-20 21:34:27.014 - RealTimeSTT: realtimestt - INFO - State changed from 'inactive' to 'transcribing'
2026-07-20 21:34:27.014 - RealTimeSTT: realtimestt - DEBUG - Adding transcription request, no early transcription started
2026-07-20 21:34:27.033 - RealTimeSTT: realtimestt - DEBUG - Receive from parent_transcription_pipe after sendiung transcription request, transcribe_count: 1
2026-07-20 21:34:27.134 - RealTimeSTT: realtimestt - DEBUG - Receive from parent_transcription_pipe after sendiung transcription request, transcribe_count: 1
2026-07-20 21:34:27.200 - RealTimeSTT: realtimestt - INFO - State changed from 'transcribing' to 'inactive'
2026-07-20 21:34:27.200 - RealTimeSTT: realtimestt - DEBUG - Model tiny.en completed transcription in 0.19 seconds
2026-07-20 21:34:27.201 - RealTimeSTT: realtimestt - INFO - Setting listen time
2026-07-20 21:34:27.201 - RealTimeSTT: realtimestt - INFO - State changed from 'inactive' to 'listening'
2026-07-20 21:34:27.201 - RealTimeSTT: realtimestt - DEBUG - Waiting for recording start
2026-07-20 21:34:32.772 - RealTimeSTT: realtimestt - INFO - voice activity detected
2026-07-20 21:34:32.772 - RealTimeSTT: realtimestt - INFO - recording started
2026-07-20 21:34:32.772 - RealTimeSTT: realtimestt - INFO - State changed from 'listening' to 'recording'
2026-07-20 21:34:32.772 - RealTimeSTT: realtimestt - DEBUG - Waiting for recording stop
2026-07-20 21:34:35.592 - RealTimeSTT: realtimestt - INFO - recording stopped
2026-07-20 21:34:35.593 - RealTimeSTT: realtimestt - DEBUG - No samples removed, final audio length: 61440
2026-07-20 21:34:35.593 - RealTimeSTT: realtimestt - INFO - State changed from 'recording' to 'inactive'
2026-07-20 21:34:35.593 - RealTimeSTT: realtimestt - INFO - State changed from 'inactive' to 'transcribing'
2026-07-20 21:34:35.593 - RealTimeSTT: realtimestt - DEBUG - Adding transcription request, no early transcription started
2026-07-20 21:34:35.604 - RealTimeSTT: realtimestt - DEBUG - Receive from parent_transcription_pipe after sendiung transcription request, transcribe_count: 1
2026-07-20 21:34:35.705 - RealTimeSTT: realtimestt - DEBUG - Receive from parent_transcription_pipe after sendiung transcription request, transcribe_count: 1
2026-07-20 21:34:35.755 - RealTimeSTT: realtimestt - INFO - State changed from 'transcribing' to 'inactive'
2026-07-20 21:34:35.756 - RealTimeSTT: realtimestt - DEBUG - Model tiny.en completed transcription in 0.16 seconds
2026-07-20 21:34:35.756 - RealTimeSTT: realtimestt - INFO - Setting listen time
2026-07-20 21:34:35.756 - RealTimeSTT: realtimestt - INFO - State changed from 'inactive' to 'listening'
2026-07-20 21:34:35.756 - RealTimeSTT: realtimestt - DEBUG - Waiting for recording start
2026-07-20 21:39:10.428 - RealTimeSTT: realtimestt - INFO - voice activity detected
2026-07-20 21:39:10.428 - RealTimeSTT: realtimestt - INFO - recording started
2026-07-20 21:39:10.428 - RealTimeSTT: realtimestt - INFO - State changed from 'listening' to 'recording'
2026-07-20 21:39:10.428 - RealTimeSTT: realtimestt - DEBUG - Waiting for recording stop
2026-07-20 21:39:14.588 - RealTimeSTT: realtimestt - INFO - recording stopped
2026-07-20 21:39:14.589 - RealTimeSTT: realtimestt - DEBUG - No samples removed, final audio length: 82944
2026-07-20 21:39:14.589 - RealTimeSTT: realtimestt - INFO - State changed from 'recording' to 'inactive'
2026-07-20 21:39:14.589 - RealTimeSTT: realtimestt - INFO - State changed from 'inactive' to 'transcribing'
2026-07-20 21:39:14.589 - RealTimeSTT: realtimestt - DEBUG - Adding transcription request, no early transcription started
2026-07-20 21:39:14.602 - RealTimeSTT: realtimestt - DEBUG - Receive from parent_transcription_pipe after sendiung transcription request, transcribe_count: 1
2026-07-20 21:39:14.608 - RealTimeSTT: realtimestt - INFO - State changed from 'transcribing' to 'inactive'
2026-07-20 21:39:14.608 - RealTimeSTT: realtimestt - DEBUG - Model tiny.en completed transcription in 0.02 seconds
2026-07-20 21:39:14.608 - RealTimeSTT: realtimestt - INFO - Setting listen time
2026-07-20 21:39:14.609 - RealTimeSTT: realtimestt - INFO - State changed from 'inactive' to 'listening'
2026-07-20 21:39:14.609 - RealTimeSTT: realtimestt - DEBUG - Waiting for recording start
2026-07-20 21:39:36.024 - RealTimeSTT: realtimestt - INFO - voice activity detected
2026-07-20 21:39:36.024 - RealTimeSTT: realtimestt - INFO - recording started
2026-07-20 21:39:36.024 - RealTimeSTT: realtimestt - INFO - State changed from 'listening' to 'recording'
2026-07-20 21:39:36.024 - RealTimeSTT: realtimestt - DEBUG - Waiting for recording stop
2026-07-20 21:39:44.722 - RealTimeSTT: realtimestt - INFO - recording stopped
2026-07-20 21:39:44.724 - RealTimeSTT: realtimestt - DEBUG - No samples removed, final audio length: 155136
2026-07-20 21:39:44.724 - RealTimeSTT: realtimestt - INFO - State changed from 'recording' to 'inactive'
2026-07-20 21:39:44.725 - RealTimeSTT: realtimestt - INFO - State changed from 'inactive' to 'transcribing'
2026-07-20 21:39:44.725 - RealTimeSTT: realtimestt - DEBUG - Adding transcription request, no early transcription started
2026-07-20 21:39:44.725 - RealTimeSTT: realtimestt - DEBUG - Receive from parent_transcription_pipe after sendiung transcription request, transcribe_count: 1
2026-07-20 21:39:44.826 - RealTimeSTT: realtimestt - DEBUG - Receive from parent_transcription_pipe after sendiung transcription request, transcribe_count: 1
2026-07-20 21:39:44.926 - RealTimeSTT: realtimestt - DEBUG - Receive from parent_transcription_pipe after sendiung transcription request, transcribe_count: 1
2026-07-20 21:39:44.950 - RealTimeSTT: realtimestt - INFO - State changed from 'transcribing' to 'inactive'
2026-07-20 21:39:44.953 - RealTimeSTT: realtimestt - DEBUG - Model tiny.en completed transcription in 0.23 seconds
2026-07-20 21:39:44.953 - RealTimeSTT: realtimestt - INFO - Setting listen time
2026-07-20 21:39:44.953 - RealTimeSTT: realtimestt - INFO - State changed from 'inactive' to 'listening'
2026-07-20 21:39:44.953 - RealTimeSTT: realtimestt - DEBUG - Waiting for recording start
2026-07-20 21:39:51.311 - RealTimeSTT: realtimestt - INFO - voice activity detected
2026-07-20 21:39:51.311 - RealTimeSTT: realtimestt - INFO - recording started
2026-07-20 21:39:51.311 - RealTimeSTT: realtimestt - INFO - State changed from 'listening' to 'recording'
2026-07-20 21:39:51.311 - RealTimeSTT: realtimestt - DEBUG - Waiting for recording stop
2026-07-20 21:40:00.790 - RealTimeSTT: realtimestt - INFO - recording stopped
2026-07-20 21:40:00.792 - RealTimeSTT: realtimestt - DEBUG - No samples removed, final audio length: 167936
2026-07-20 21:40:00.792 - RealTimeSTT: realtimestt - INFO - State changed from 'recording' to 'inactive'
2026-07-20 21:40:00.792 - RealTimeSTT: realtimestt - INFO - State changed from 'inactive' to 'transcribing'
2026-07-20 21:40:00.792 - RealTimeSTT: realtimestt - DEBUG - Adding transcription request, no early transcription started
2026-07-20 21:40:00.793 - RealTimeSTT: realtimestt - DEBUG - Receive from parent_transcription_pipe after sendiung transcription request, transcribe_count: 1
2026-07-20 21:40:00.893 - RealTimeSTT: realtimestt - DEBUG - Receive from parent_transcription_pipe after sendiung transcription request, transcribe_count: 1
2026-07-20 21:40:00.994 - RealTimeSTT: realtimestt - DEBUG - Receive from parent_transcription_pipe after sendiung transcription request, transcribe_count: 1
2026-07-20 21:40:00.995 - RealTimeSTT: realtimestt - INFO - State changed from 'transcribing' to 'inactive'
2026-07-20 21:40:00.997 - RealTimeSTT: realtimestt - DEBUG - Model tiny.en completed transcription in 0.20 seconds
2026-07-20 21:40:00.998 - RealTimeSTT: realtimestt - INFO - Setting listen time
2026-07-20 21:40:00.998 - RealTimeSTT: realtimestt - INFO - State changed from 'inactive' to 'listening'
2026-07-20 21:40:00.998 - RealTimeSTT: realtimestt - DEBUG - Waiting for recording start
2026-07-20 21:40:11.348 - RealTimeSTT: realtimestt - INFO - voice activity detected
2026-07-20 21:40:11.348 - RealTimeSTT: realtimestt - INFO - recording started
2026-07-20 21:40:11.348 - RealTimeSTT: realtimestt - INFO - State changed from 'listening' to 'recording'
2026-07-20 21:40:11.348 - RealTimeSTT: realtimestt - DEBUG - Waiting for recording stop
2026-07-20 21:40:13.268 - RealTimeSTT: realtimestt - INFO - recording stopped
2026-07-20 21:40:13.269 - RealTimeSTT: realtimestt - DEBUG - No samples removed, final audio length: 47104
2026-07-20 21:40:13.269 - RealTimeSTT: realtimestt - INFO - State changed from 'recording' to 'inactive'
2026-07-20 21:40:13.269 - RealTimeSTT: realtimestt - INFO - State changed from 'inactive' to 'transcribing'
2026-07-20 21:40:13.269 - RealTimeSTT: realtimestt - DEBUG - Adding transcription request, no early transcription started
2026-07-20 21:40:13.285 - RealTimeSTT: realtimestt - DEBUG - Receive from parent_transcription_pipe after sendiung transcription request, transcribe_count: 1
2026-07-20 21:40:13.385 - RealTimeSTT: realtimestt - DEBUG - Receive from parent_transcription_pipe after sendiung transcription request, transcribe_count: 1
2026-07-20 21:40:13.464 - RealTimeSTT: realtimestt - INFO - State changed from 'transcribing' to 'inactive'
2026-07-20 21:40:13.464 - RealTimeSTT: realtimestt - DEBUG - Model tiny.en completed transcription in 0.20 seconds
2026-07-20 21:40:13.464 - RealTimeSTT: realtimestt - INFO - Setting listen time
2026-07-20 21:40:13.465 - RealTimeSTT: realtimestt - INFO - State changed from 'inactive' to 'listening'
2026-07-20 21:40:13.465 - RealTimeSTT: realtimestt - DEBUG - Waiting for recording start
2026-07-20 21:40:19.407 - RealTimeSTT: realtimestt - INFO - voice activity detected
2026-07-20 21:40:19.407 - RealTimeSTT: realtimestt - INFO - recording started
2026-07-20 21:40:19.407 - RealTimeSTT: realtimestt - INFO - State changed from 'listening' to 'recording'
2026-07-20 21:40:19.407 - RealTimeSTT: realtimestt - DEBUG - Waiting for recording stop
2026-07-20 21:40:22.736 - RealTimeSTT: realtimestt - INFO - recording stopped
2026-07-20 21:40:22.737 - RealTimeSTT: realtimestt - DEBUG - No samples removed, final audio length: 69632
2026-07-20 21:40:22.737 - RealTimeSTT: realtimestt - INFO - State changed from 'recording' to 'inactive'
2026-07-20 21:40:22.738 - RealTimeSTT: realtimestt - INFO - State changed from 'inactive' to 'transcribing'
2026-07-20 21:40:22.738 - RealTimeSTT: realtimestt - DEBUG - Adding transcription request, no early transcription started
2026-07-20 21:40:22.738 - RealTimeSTT: realtimestt - DEBUG - Receive from parent_transcription_pipe after sendiung transcription request, transcribe_count: 1
2026-07-20 21:40:22.839 - RealTimeSTT: realtimestt - DEBUG - Receive from parent_transcription_pipe after sendiung transcription request, transcribe_count: 1
2026-07-20 21:40:22.931 - RealTimeSTT: realtimestt - INFO - State changed from 'transcribing' to 'inactive'
2026-07-20 21:40:22.932 - RealTimeSTT: realtimestt - DEBUG - Model tiny.en completed transcription in 0.19 seconds
2026-07-20 21:40:22.932 - RealTimeSTT: realtimestt - INFO - Setting listen time
2026-07-20 21:40:22.932 - RealTimeSTT: realtimestt - INFO - State changed from 'inactive' to 'listening'
2026-07-20 21:40:22.932 - RealTimeSTT: realtimestt - DEBUG - Waiting for recording start
2026-07-20 21:40:30.285 - RealTimeSTT: realtimestt - INFO - voice activity detected
2026-07-20 21:40:30.285 - RealTimeSTT: realtimestt - INFO - recording started
2026-07-20 21:40:30.285 - RealTimeSTT: realtimestt - INFO - State changed from 'listening' to 'recording'
2026-07-20 21:40:30.285 - RealTimeSTT: realtimestt - DEBUG - Waiting for recording stop
2026-07-20 21:40:32.335 - RealTimeSTT: realtimestt - INFO - recording stopped
2026-07-20 21:40:32.336 - RealTimeSTT: realtimestt - DEBUG - No samples removed, final audio length: 49152
2026-07-20 21:40:32.336 - RealTimeSTT: realtimestt - INFO - State changed from 'recording' to 'inactive'
2026-07-20 21:40:32.336 - RealTimeSTT: realtimestt - INFO - State changed from 'inactive' to 'transcribing'
2026-07-20 21:40:32.336 - RealTimeSTT: realtimestt - DEBUG - Adding transcription request, no early transcription started
2026-07-20 21:40:32.340 - RealTimeSTT: realtimestt - DEBUG - Receive from parent_transcription_pipe after sendiung transcription request, transcribe_count: 1
2026-07-20 21:40:32.441 - RealTimeSTT: realtimestt - DEBUG - Receive from parent_transcription_pipe after sendiung transcription request, transcribe_count: 1
2026-07-20 21:40:32.516 - RealTimeSTT: realtimestt - INFO - State changed from 'transcribing' to 'inactive'
2026-07-20 21:40:32.516 - RealTimeSTT: realtimestt - DEBUG - Model tiny.en completed transcription in 0.18 seconds
2026-07-20 21:40:32.517 - RealTimeSTT: realtimestt - INFO - Setting listen time
2026-07-20 21:40:32.517 - RealTimeSTT: realtimestt - INFO - State changed from 'inactive' to 'listening'
2026-07-20 21:40:32.517 - RealTimeSTT: realtimestt - DEBUG - Waiting for recording start
2026-07-20 21:40:33.804 - RealTimeSTT: realtimestt - INFO - voice activity detected
2026-07-20 21:40:33.804 - RealTimeSTT: realtimestt - INFO - recording started
2026-07-20 21:40:33.804 - RealTimeSTT: realtimestt - INFO - State changed from 'listening' to 'recording'
2026-07-20 21:40:33.805 - RealTimeSTT: realtimestt - DEBUG - Waiting for recording stop
2026-07-20 21:40:37.134 - RealTimeSTT: realtimestt - INFO - recording stopped
2026-07-20 21:40:37.135 - RealTimeSTT: realtimestt - DEBUG - No samples removed, final audio length: 69632
2026-07-20 21:40:37.135 - RealTimeSTT: realtimestt - INFO - State changed from 'recording' to 'inactive'
2026-07-20 21:40:37.135 - RealTimeSTT: realtimestt - INFO - State changed from 'inactive' to 'transcribing'
2026-07-20 21:40:37.135 - RealTimeSTT: realtimestt - DEBUG - Adding transcription request, no early transcription started
2026-07-20 21:40:37.146 - RealTimeSTT: realtimestt - DEBUG - Receive from parent_transcription_pipe after sendiung transcription request, transcribe_count: 1
2026-07-20 21:40:37.246 - RealTimeSTT: realtimestt - DEBUG - Receive from parent_transcription_pipe after sendiung transcription request, transcribe_count: 1
2026-07-20 21:40:37.305 - RealTimeSTT: realtimestt - INFO - State changed from 'transcribing' to 'inactive'
2026-07-20 21:40:37.306 - RealTimeSTT: realtimestt - DEBUG - Model tiny.en completed transcription in 0.17 seconds
2026-07-20 21:40:37.306 - RealTimeSTT: realtimestt - INFO - Setting listen time
2026-07-20 21:40:37.306 - RealTimeSTT: realtimestt - INFO - State changed from 'inactive' to 'listening'
2026-07-20 21:40:37.307 - RealTimeSTT: realtimestt - DEBUG - Waiting for recording start
2026-07-20 21:40:38.224 - RealTimeSTT: realtimestt - INFO - voice activity detected
2026-07-20 21:40:38.224 - RealTimeSTT: realtimestt - INFO - recording started
2026-07-20 21:40:38.224 - RealTimeSTT: realtimestt - INFO - State changed from 'listening' to 'recording'
2026-07-20 21:40:38.224 - RealTimeSTT: realtimestt - DEBUG - Waiting for recording stop
2026-07-20 21:40:40.583 - RealTimeSTT: realtimestt - INFO - recording stopped
2026-07-20 21:40:40.584 - RealTimeSTT: realtimestt - DEBUG - No samples removed, final audio length: 54272
2026-07-20 21:40:40.584 - RealTimeSTT: realtimestt - INFO - State changed from 'recording' to 'inactive'
2026-07-20 21:40:40.584 - RealTimeSTT: realtimestt - INFO - State changed from 'inactive' to 'transcribing'
2026-07-20 21:40:40.585 - RealTimeSTT: realtimestt - DEBUG - Adding transcription request, no early transcription started
2026-07-20 21:40:40.597 - RealTimeSTT: realtimestt - DEBUG - Receive from parent_transcription_pipe after sendiung transcription request, transcribe_count: 1
2026-07-20 21:40:40.698 - RealTimeSTT: realtimestt - DEBUG - Receive from parent_transcription_pipe after sendiung transcription request, transcribe_count: 1
2026-07-20 21:40:40.745 - RealTimeSTT: realtimestt - INFO - State changed from 'transcribing' to 'inactive'
2026-07-20 21:40:40.746 - RealTimeSTT: realtimestt - DEBUG - Model tiny.en completed transcription in 0.16 seconds
2026-07-20 21:40:40.746 - RealTimeSTT: realtimestt - INFO - Setting listen time
2026-07-20 21:40:40.746 - RealTimeSTT: realtimestt - INFO - State changed from 'inactive' to 'listening'
2026-07-20 21:40:40.747 - RealTimeSTT: realtimestt - DEBUG - Waiting for recording start
2026-07-20 21:40:43.273 - RealTimeSTT: realtimestt - INFO - voice activity detected
2026-07-20 21:40:43.273 - RealTimeSTT: realtimestt - INFO - recording started
2026-07-20 21:40:43.273 - RealTimeSTT: realtimestt - INFO - State changed from 'listening' to 'recording'
2026-07-20 21:40:43.273 - RealTimeSTT: realtimestt - DEBUG - Waiting for recording stop
2026-07-20 21:40:44.233 - RealTimeSTT: realtimestt - INFO - recording stopped
2026-07-20 21:40:44.233 - RealTimeSTT: realtimestt - DEBUG - No samples removed, final audio length: 31744
2026-07-20 21:40:44.233 - RealTimeSTT: realtimestt - INFO - State changed from 'recording' to 'inactive'
2026-07-20 21:40:44.233 - RealTimeSTT: realtimestt - INFO - State changed from 'inactive' to 'transcribing'
2026-07-20 21:40:44.233 - RealTimeSTT: realtimestt - DEBUG - Adding transcription request, no early transcription started
2026-07-20 21:40:44.236 - RealTimeSTT: realtimestt - DEBUG - Receive from parent_transcription_pipe after sendiung transcription request, transcribe_count: 1
2026-07-20 21:40:44.336 - RealTimeSTT: realtimestt - DEBUG - Receive from parent_transcription_pipe after sendiung transcription request, transcribe_count: 1
2026-07-20 21:40:44.387 - RealTimeSTT: realtimestt - INFO - State changed from 'transcribing' to 'inactive'
2026-07-20 21:40:44.387 - RealTimeSTT: realtimestt - DEBUG - Model tiny.en completed transcription in 0.15 seconds
2026-07-20 21:40:44.387 - RealTimeSTT: realtimestt - INFO - Setting listen time
2026-07-20 21:40:44.387 - RealTimeSTT: realtimestt - INFO - State changed from 'inactive' to 'listening'
2026-07-20 21:40:44.387 - RealTimeSTT: realtimestt - DEBUG - Waiting for recording start
2026-07-20 21:40:47.692 - RealTimeSTT: realtimestt - INFO - voice activity detected
2026-07-20 21:40:47.692 - RealTimeSTT: realtimestt - INFO - recording started
2026-07-20 21:40:47.692 - RealTimeSTT: realtimestt - INFO - State changed from 'listening' to 'recording'
2026-07-20 21:40:47.692 - RealTimeSTT: realtimestt - DEBUG - Waiting for recording stop
2026-07-20 21:40:48.522 - RealTimeSTT: realtimestt - INFO - recording stopped
2026-07-20 21:40:48.523 - RealTimeSTT: realtimestt - DEBUG - No samples removed, final audio length: 29696
2026-07-20 21:40:48.523 - RealTimeSTT: realtimestt - INFO - State changed from 'recording' to 'inactive'
2026-07-20 21:40:48.523 - RealTimeSTT: realtimestt - INFO - State changed from 'inactive' to 'transcribing'
2026-07-20 21:40:48.523 - RealTimeSTT: realtimestt - DEBUG - Adding transcription request, no early transcription started
2026-07-20 21:40:48.528 - RealTimeSTT: realtimestt - DEBUG - Receive from parent_transcription_pipe after sendiung transcription request, transcribe_count: 1
2026-07-20 21:40:48.629 - RealTimeSTT: realtimestt - DEBUG - Receive from parent_transcription_pipe after sendiung transcription request, transcribe_count: 1
2026-07-20 21:40:48.687 - RealTimeSTT: realtimestt - INFO - State changed from 'transcribing' to 'inactive'
2026-07-20 21:40:48.687 - RealTimeSTT: realtimestt - DEBUG - Model tiny.en completed transcription in 0.16 seconds
2026-07-20 21:40:48.687 - RealTimeSTT: realtimestt - INFO - Setting listen time
2026-07-20 21:40:48.687 - RealTimeSTT: realtimestt - INFO - State changed from 'inactive' to 'listening'
2026-07-20 21:40:48.688 - RealTimeSTT: realtimestt - DEBUG - Waiting for recording start
2026-07-20 21:46:13.916 - RealTimeSTT: realtimestt - INFO - voice activity detected
2026-07-20 21:46:13.916 - RealTimeSTT: realtimestt - INFO - recording started
2026-07-20 21:46:13.916 - RealTimeSTT: realtimestt - INFO - State changed from 'listening' to 'recording'
2026-07-20 21:46:13.916 - RealTimeSTT: realtimestt - DEBUG - Waiting for recording stop
2026-07-20 21:46:14.556 - RealTimeSTT: realtimestt - INFO - recording stopped
2026-07-20 21:46:14.557 - RealTimeSTT: realtimestt - DEBUG - No samples removed, final audio length: 26624
2026-07-20 21:46:14.557 - RealTimeSTT: realtimestt - INFO - State changed from 'recording' to 'inactive'
2026-07-20 21:46:14.557 - RealTimeSTT: realtimestt - INFO - State changed from 'inactive' to 'transcribing'
2026-07-20 21:46:14.557 - RealTimeSTT: realtimestt - DEBUG - Adding transcription request, no early transcription started
2026-07-20 21:46:14.572 - RealTimeSTT: realtimestt - DEBUG - Receive from parent_transcription_pipe after sendiung transcription request, transcribe_count: 1
2026-07-20 21:46:14.575 - RealTimeSTT: realtimestt - INFO - State changed from 'transcribing' to 'inactive'
2026-07-20 21:46:14.575 - RealTimeSTT: realtimestt - DEBUG - Model tiny.en completed transcription in 0.02 seconds
2026-07-20 21:46:14.575 - RealTimeSTT: realtimestt - INFO - Setting listen time
2026-07-20 21:46:14.575 - RealTimeSTT: realtimestt - INFO - State changed from 'inactive' to 'listening'
2026-07-20 21:46:14.575 - RealTimeSTT: realtimestt - DEBUG - Waiting for recording start
2026-07-20 22:52:41.145 - RealTimeSTT: realtimestt - INFO - voice activity detected
2026-07-20 22:52:41.145 - RealTimeSTT: realtimestt - INFO - recording started
2026-07-20 22:52:41.145 - RealTimeSTT: realtimestt - INFO - State changed from 'listening' to 'recording'
2026-07-20 22:52:41.145 - RealTimeSTT: realtimestt - DEBUG - Waiting for recording stop
2026-07-20 22:52:42.165 - RealTimeSTT: realtimestt - INFO - recording stopped
2026-07-20 22:52:42.166 - RealTimeSTT: realtimestt - DEBUG - No samples removed, final audio length: 32768
2026-07-20 22:52:42.166 - RealTimeSTT: realtimestt - INFO - State changed from 'recording' to 'inactive'
2026-07-20 22:52:42.166 - RealTimeSTT: realtimestt - INFO - State changed from 'inactive' to 'transcribing'
2026-07-20 22:52:42.166 - RealTimeSTT: realtimestt - DEBUG - Adding transcription request, no early transcription started
2026-07-20 22:52:42.174 - RealTimeSTT: realtimestt - DEBUG - Receive from parent_transcription_pipe after sendiung transcription request, transcribe_count: 1
2026-07-20 22:52:42.177 - RealTimeSTT: realtimestt - INFO - State changed from 'transcribing' to 'inactive'
2026-07-20 22:52:42.177 - RealTimeSTT: realtimestt - DEBUG - Model tiny.en completed transcription in 0.01 seconds
2026-07-20 22:52:42.177 - RealTimeSTT: realtimestt - INFO - Setting listen time
2026-07-20 22:52:42.177 - RealTimeSTT: realtimestt - INFO - State changed from 'inactive' to 'listening'
2026-07-20 22:52:42.177 - RealTimeSTT: realtimestt - DEBUG - Waiting for recording start
2026-07-20 22:55:55.759 - RealTimeSTT: realtimestt - INFO - voice activity detected
2026-07-20 22:55:55.759 - RealTimeSTT: realtimestt - INFO - recording started
2026-07-20 22:55:55.759 - RealTimeSTT: realtimestt - INFO - State changed from 'listening' to 'recording'
2026-07-20 22:55:55.759 - RealTimeSTT: realtimestt - DEBUG - Waiting for recording stop
2026-07-20 22:55:57.749 - RealTimeSTT: realtimestt - INFO - recording stopped
2026-07-20 22:55:57.750 - RealTimeSTT: realtimestt - DEBUG - No samples removed, final audio length: 48128
2026-07-20 22:55:57.750 - RealTimeSTT: realtimestt - INFO - State changed from 'recording' to 'inactive'
2026-07-20 22:55:57.750 - RealTimeSTT: realtimestt - INFO - State changed from 'inactive' to 'transcribing'
2026-07-20 22:55:57.750 - RealTimeSTT: realtimestt - DEBUG - Adding transcription request, no early transcription started
2026-07-20 22:55:57.764 - RealTimeSTT: realtimestt - DEBUG - Receive from parent_transcription_pipe after sendiung transcription request, transcribe_count: 1
2026-07-20 22:55:57.865 - RealTimeSTT: realtimestt - DEBUG - Receive from parent_transcription_pipe after sendiung transcription request, transcribe_count: 1
2026-07-20 22:55:57.903 - RealTimeSTT: realtimestt - INFO - State changed from 'transcribing' to 'inactive'
2026-07-20 22:55:57.904 - RealTimeSTT: realtimestt - DEBUG - Model tiny.en completed transcription in 0.15 seconds
2026-07-20 22:55:57.904 - RealTimeSTT: realtimestt - INFO - Setting listen time
2026-07-20 22:55:57.904 - RealTimeSTT: realtimestt - INFO - State changed from 'inactive' to 'listening'
2026-07-20 22:55:57.904 - RealTimeSTT: realtimestt - DEBUG - Waiting for recording start
2026-07-20 22:59:16.713 - RealTimeSTT: realtimestt - INFO - voice activity detected
2026-07-20 22:59:16.713 - RealTimeSTT: realtimestt - INFO - recording started
2026-07-20 22:59:16.713 - RealTimeSTT: realtimestt - INFO - State changed from 'listening' to 'recording'
2026-07-20 22:59:16.713 - RealTimeSTT: realtimestt - DEBUG - Waiting for recording stop
2026-07-20 22:59:17.993 - RealTimeSTT: realtimestt - INFO - recording stopped
2026-07-20 22:59:17.993 - RealTimeSTT: realtimestt - DEBUG - No samples removed, final audio length: 36864
2026-07-20 22:59:17.994 - RealTimeSTT: realtimestt - INFO - State changed from 'recording' to 'inactive'
2026-07-20 22:59:17.994 - RealTimeSTT: realtimestt - INFO - State changed from 'inactive' to 'transcribing'
2026-07-20 22:59:17.994 - RealTimeSTT: realtimestt - DEBUG - Adding transcription request, no early transcription started
2026-07-20 22:59:17.994 - RealTimeSTT: realtimestt - DEBUG - Receive from parent_transcription_pipe after sendiung transcription request, transcribe_count: 1
2026-07-20 22:59:18.094 - RealTimeSTT: realtimestt - DEBUG - Receive from parent_transcription_pipe after sendiung transcription request, transcribe_count: 1
2026-07-20 22:59:18.124 - RealTimeSTT: realtimestt - INFO - State changed from 'transcribing' to 'inactive'
2026-07-20 22:59:18.124 - RealTimeSTT: realtimestt - DEBUG - Model tiny.en completed transcription in 0.13 seconds
2026-07-20 22:59:18.125 - RealTimeSTT: realtimestt - INFO - Setting listen time
2026-07-20 22:59:18.125 - RealTimeSTT: realtimestt - INFO - State changed from 'inactive' to 'listening'
2026-07-20 22:59:18.125 - RealTimeSTT: realtimestt - DEBUG - Waiting for recording start
2026-07-20 23:03:18.696 - RealTimeSTT: realtimestt - INFO - voice activity detected
2026-07-20 23:03:18.696 - RealTimeSTT: realtimestt - INFO - recording started
2026-07-20 23:03:18.696 - RealTimeSTT: realtimestt - INFO - State changed from 'listening' to 'recording'
2026-07-20 23:03:18.696 - RealTimeSTT: realtimestt - DEBUG - Waiting for recording stop
2026-07-20 23:03:21.315 - RealTimeSTT: realtimestt - INFO - recording stopped
2026-07-20 23:03:21.316 - RealTimeSTT: realtimestt - DEBUG - No samples removed, final audio length: 58368
2026-07-20 23:03:21.316 - RealTimeSTT: realtimestt - INFO - State changed from 'recording' to 'inactive'
2026-07-20 23:03:21.316 - RealTimeSTT: realtimestt - INFO - State changed from 'inactive' to 'transcribing'
2026-07-20 23:03:21.317 - RealTimeSTT: realtimestt - DEBUG - Adding transcription request, no early transcription started
2026-07-20 23:03:21.317 - RealTimeSTT: realtimestt - DEBUG - Receive from parent_transcription_pipe after sendiung transcription request, transcribe_count: 1
2026-07-20 23:03:21.417 - RealTimeSTT: realtimestt - DEBUG - Receive from parent_transcription_pipe after sendiung transcription request, transcribe_count: 1
2026-07-20 23:03:21.459 - RealTimeSTT: realtimestt - INFO - State changed from 'transcribing' to 'inactive'
2026-07-20 23:03:21.460 - RealTimeSTT: realtimestt - DEBUG - Model tiny.en completed transcription in 0.14 seconds
2026-07-20 23:03:21.461 - RealTimeSTT: realtimestt - INFO - Setting listen time
2026-07-20 23:03:21.461 - RealTimeSTT: realtimestt - INFO - State changed from 'inactive' to 'listening'
2026-07-20 23:03:21.461 - RealTimeSTT: realtimestt - DEBUG - Waiting for recording start
2026-07-20 23:05:34.051 - RealTimeSTT: realtimestt - INFO - voice activity detected
2026-07-20 23:05:34.051 - RealTimeSTT: realtimestt - INFO - recording started
2026-07-20 23:05:34.052 - RealTimeSTT: realtimestt - INFO - State changed from 'listening' to 'recording'
2026-07-20 23:05:34.052 - RealTimeSTT: realtimestt - DEBUG - Waiting for recording stop
2026-07-20 23:05:34.692 - RealTimeSTT: realtimestt - INFO - recording stopped
2026-07-20 23:05:34.693 - RealTimeSTT: realtimestt - DEBUG - No samples removed, final audio length: 26624
2026-07-20 23:05:34.693 - RealTimeSTT: realtimestt - INFO - State changed from 'recording' to 'inactive'
2026-07-20 23:05:34.693 - RealTimeSTT: realtimestt - INFO - State changed from 'inactive' to 'transcribing'
2026-07-20 23:05:34.693 - RealTimeSTT: realtimestt - DEBUG - Adding transcription request, no early transcription started
2026-07-20 23:05:34.711 - RealTimeSTT: realtimestt - DEBUG - Receive from parent_transcription_pipe after sendiung transcription request, transcribe_count: 1
2026-07-20 23:05:34.714 - RealTimeSTT: realtimestt - INFO - State changed from 'transcribing' to 'inactive'
2026-07-20 23:05:34.714 - RealTimeSTT: realtimestt - DEBUG - Model tiny.en completed transcription in 0.02 seconds
2026-07-20 23:05:34.714 - RealTimeSTT: realtimestt - INFO - Setting listen time
2026-07-20 23:05:34.714 - RealTimeSTT: realtimestt - INFO - State changed from 'inactive' to 'listening'
2026-07-20 23:05:34.714 - RealTimeSTT: realtimestt - DEBUG - Waiting for recording start
2026-07-20 23:05:47.101 - RealTimeSTT: realtimestt - INFO - voice activity detected
2026-07-20 23:05:47.101 - RealTimeSTT: realtimestt - INFO - recording started
2026-07-20 23:05:47.101 - RealTimeSTT: realtimestt - INFO - State changed from 'listening' to 'recording'
2026-07-20 23:05:47.101 - RealTimeSTT: realtimestt - DEBUG - Waiting for recording stop
2026-07-20 23:05:48.831 - RealTimeSTT: realtimestt - INFO - recording stopped
2026-07-20 23:05:48.832 - RealTimeSTT: realtimestt - DEBUG - No samples removed, final audio length: 44032
2026-07-20 23:05:48.832 - RealTimeSTT: realtimestt - INFO - State changed from 'recording' to 'inactive'
2026-07-20 23:05:48.832 - RealTimeSTT: realtimestt - INFO - State changed from 'inactive' to 'transcribing'
2026-07-20 23:05:48.832 - RealTimeSTT: realtimestt - DEBUG - Adding transcription request, no early transcription started
2026-07-20 23:05:48.832 - RealTimeSTT: realtimestt - DEBUG - Receive from parent_transcription_pipe after sendiung transcription request, transcribe_count: 1
2026-07-20 23:05:48.933 - RealTimeSTT: realtimestt - DEBUG - Receive from parent_transcription_pipe after sendiung transcription request, transcribe_count: 1
2026-07-20 23:05:48.973 - RealTimeSTT: realtimestt - INFO - State changed from 'transcribing' to 'inactive'
2026-07-20 23:05:48.973 - RealTimeSTT: realtimestt - DEBUG - Model tiny.en completed transcription in 0.14 seconds
2026-07-20 23:05:48.973 - RealTimeSTT: realtimestt - INFO - Setting listen time
2026-07-20 23:05:48.973 - RealTimeSTT: realtimestt - INFO - State changed from 'inactive' to 'listening'
2026-07-20 23:05:48.974 - RealTimeSTT: realtimestt - DEBUG - Waiting for recording start
2026-07-20 23:22:00.518 - RealTimeSTT: realtimestt - INFO - voice activity detected
2026-07-20 23:22:00.518 - RealTimeSTT: realtimestt - INFO - recording started
2026-07-20 23:22:00.518 - RealTimeSTT: realtimestt - INFO - State changed from 'listening' to 'recording'
2026-07-20 23:22:00.518 - RealTimeSTT: realtimestt - DEBUG - Waiting for recording stop
2026-07-20 23:22:01.160 - RealTimeSTT: realtimestt - INFO - recording stopped
2026-07-20 23:22:01.161 - RealTimeSTT: realtimestt - DEBUG - No samples removed, final audio length: 26624
2026-07-20 23:22:01.161 - RealTimeSTT: realtimestt - INFO - State changed from 'recording' to 'inactive'
2026-07-20 23:22:01.161 - RealTimeSTT: realtimestt - INFO - State changed from 'inactive' to 'transcribing'
2026-07-20 23:22:01.161 - RealTimeSTT: realtimestt - DEBUG - Adding transcription request, no early transcription started
2026-07-20 23:22:01.163 - RealTimeSTT: realtimestt - DEBUG - Receive from parent_transcription_pipe after sendiung transcription request, transcribe_count: 1
2026-07-20 23:22:01.166 - RealTimeSTT: realtimestt - INFO - State changed from 'transcribing' to 'inactive'
2026-07-20 23:22:01.166 - RealTimeSTT: realtimestt - DEBUG - Model tiny.en completed transcription in 0.01 seconds
2026-07-20 23:22:01.168 - RealTimeSTT: realtimestt - INFO - Setting listen time
2026-07-20 23:22:01.168 - RealTimeSTT: realtimestt - INFO - State changed from 'inactive' to 'listening'
2026-07-20 23:22:01.168 - RealTimeSTT: realtimestt - DEBUG - Waiting for recording start
2026-07-21 00:28:00.032 - RealTimeSTT: realtimestt - INFO - voice activity detected
2026-07-21 00:28:00.032 - RealTimeSTT: realtimestt - INFO - recording started
2026-07-21 00:28:00.032 - RealTimeSTT: realtimestt - INFO - State changed from 'listening' to 'recording'
2026-07-21 00:28:00.033 - RealTimeSTT: realtimestt - DEBUG - Waiting for recording stop
2026-07-21 00:28:00.992 - RealTimeSTT: realtimestt - INFO - recording stopped
2026-07-21 00:28:00.993 - RealTimeSTT: realtimestt - DEBUG - No samples removed, final audio length: 31744
2026-07-21 00:28:00.993 - RealTimeSTT: realtimestt - INFO - State changed from 'recording' to 'inactive'
2026-07-21 00:28:00.993 - RealTimeSTT: realtimestt - INFO - State changed from 'inactive' to 'transcribing'
2026-07-21 00:28:00.993 - RealTimeSTT: realtimestt - DEBUG - Adding transcription request, no early transcription started
2026-07-21 00:28:00.994 - RealTimeSTT: realtimestt - DEBUG - Receive from parent_transcription_pipe after sendiung transcription request, transcribe_count: 1
2026-07-21 00:28:01.094 - RealTimeSTT: realtimestt - DEBUG - Receive from parent_transcription_pipe after sendiung transcription request, transcribe_count: 1
2026-07-21 00:28:01.142 - RealTimeSTT: realtimestt - INFO - State changed from 'transcribing' to 'inactive'
2026-07-21 00:28:01.142 - RealTimeSTT: realtimestt - DEBUG - Model tiny.en completed transcription in 0.15 seconds
2026-07-21 00:28:01.142 - RealTimeSTT: realtimestt - INFO - Setting listen time
2026-07-21 00:28:01.143 - RealTimeSTT: realtimestt - INFO - State changed from 'inactive' to 'listening'
2026-07-21 00:28:01.143 - RealTimeSTT: realtimestt - DEBUG - Waiting for recording start
2026-07-21 01:01:06.703 - RealTimeSTT: realtimestt - INFO - voice activity detected
2026-07-21 01:01:06.704 - RealTimeSTT: realtimestt - INFO - recording started
2026-07-21 01:01:06.704 - RealTimeSTT: realtimestt - INFO - State changed from 'listening' to 'recording'
2026-07-21 01:01:06.704 - RealTimeSTT: realtimestt - DEBUG - Waiting for recording stop
2026-07-21 01:01:08.433 - RealTimeSTT: realtimestt - INFO - recording stopped
2026-07-21 01:01:08.434 - RealTimeSTT: realtimestt - DEBUG - No samples removed, final audio length: 44032
2026-07-21 01:01:08.434 - RealTimeSTT: realtimestt - INFO - State changed from 'recording' to 'inactive'
2026-07-21 01:01:08.434 - RealTimeSTT: realtimestt - INFO - State changed from 'inactive' to 'transcribing'
2026-07-21 01:01:08.434 - RealTimeSTT: realtimestt - DEBUG - Adding transcription request, no early transcription started
2026-07-21 01:01:08.435 - RealTimeSTT: realtimestt - DEBUG - Receive from parent_transcription_pipe after sendiung transcription request, transcribe_count: 1
2026-07-21 01:01:08.535 - RealTimeSTT: realtimestt - DEBUG - Receive from parent_transcription_pipe after sendiung transcription request, transcribe_count: 1
2026-07-21 01:01:08.585 - RealTimeSTT: realtimestt - INFO - State changed from 'transcribing' to 'inactive'
2026-07-21 01:01:08.586 - RealTimeSTT: realtimestt - DEBUG - Model tiny.en completed transcription in 0.15 seconds
2026-07-21 01:01:08.586 - RealTimeSTT: realtimestt - INFO - Setting listen time
2026-07-21 01:01:08.586 - RealTimeSTT: realtimestt - INFO - State changed from 'inactive' to 'listening'
2026-07-21 01:01:08.586 - RealTimeSTT: realtimestt - DEBUG - Waiting for recording start
2026-07-21 03:05:17.573 - RealTimeSTT: realtimestt - INFO - voice activity detected
2026-07-21 03:05:17.573 - RealTimeSTT: realtimestt - INFO - recording started
2026-07-21 03:05:17.573 - RealTimeSTT: realtimestt - INFO - State changed from 'listening' to 'recording'
2026-07-21 03:05:17.573 - RealTimeSTT: realtimestt - DEBUG - Waiting for recording stop
2026-07-21 03:05:18.213 - RealTimeSTT: realtimestt - INFO - recording stopped
2026-07-21 03:05:18.214 - RealTimeSTT: realtimestt - DEBUG - No samples removed, final audio length: 26624
2026-07-21 03:05:18.214 - RealTimeSTT: realtimestt - INFO - State changed from 'recording' to 'inactive'
2026-07-21 03:05:18.214 - RealTimeSTT: realtimestt - INFO - State changed from 'inactive' to 'transcribing'
2026-07-21 03:05:18.214 - RealTimeSTT: realtimestt - DEBUG - Adding transcription request, no early transcription started
2026-07-21 03:05:18.214 - RealTimeSTT: realtimestt - DEBUG - Receive from parent_transcription_pipe after sendiung transcription request, transcribe_count: 1
2026-07-21 03:05:18.315 - RealTimeSTT: realtimestt - DEBUG - Receive from parent_transcription_pipe after sendiung transcription request, transcribe_count: 1
2026-07-21 03:05:18.367 - RealTimeSTT: realtimestt - INFO - State changed from 'transcribing' to 'inactive'
2026-07-21 03:05:18.367 - RealTimeSTT: realtimestt - DEBUG - Model tiny.en completed transcription in 0.15 seconds
2026-07-21 03:05:18.368 - RealTimeSTT: realtimestt - INFO - Setting listen time
2026-07-21 03:05:18.368 - RealTimeSTT: realtimestt - INFO - State changed from 'inactive' to 'listening'
2026-07-21 03:05:18.368 - RealTimeSTT: realtimestt - DEBUG - Waiting for recording start
2026-07-21 03:23:40.932 - RealTimeSTT: realtimestt - INFO - voice activity detected
2026-07-21 03:23:40.932 - RealTimeSTT: realtimestt - INFO - recording started
2026-07-21 03:23:40.932 - RealTimeSTT: realtimestt - INFO - State changed from 'listening' to 'recording'
2026-07-21 03:23:40.932 - RealTimeSTT: realtimestt - DEBUG - Waiting for recording stop
2026-07-21 03:23:44.452 - RealTimeSTT: realtimestt - INFO - recording stopped
2026-07-21 03:23:44.453 - RealTimeSTT: realtimestt - DEBUG - No samples removed, final audio length: 72704
2026-07-21 03:23:44.453 - RealTimeSTT: realtimestt - INFO - State changed from 'recording' to 'inactive'
2026-07-21 03:23:44.453 - RealTimeSTT: realtimestt - INFO - State changed from 'inactive' to 'transcribing'
2026-07-21 03:23:44.453 - RealTimeSTT: realtimestt - DEBUG - Adding transcription request, no early transcription started
2026-07-21 03:23:44.464 - RealTimeSTT: realtimestt - DEBUG - Receive from parent_transcription_pipe after sendiung transcription request, transcribe_count: 1
2026-07-21 03:23:44.469 - RealTimeSTT: realtimestt - INFO - State changed from 'transcribing' to 'inactive'
2026-07-21 03:23:44.470 - RealTimeSTT: realtimestt - DEBUG - Model tiny.en completed transcription in 0.02 seconds
2026-07-21 03:23:44.470 - RealTimeSTT: realtimestt - INFO - Setting listen time
2026-07-21 03:23:44.470 - RealTimeSTT: realtimestt - INFO - State changed from 'inactive' to 'listening'
2026-07-21 03:23:44.470 - RealTimeSTT: realtimestt - DEBUG - Waiting for recording start
2026-07-21 04:05:16.491 - RealTimeSTT: realtimestt - INFO - voice activity detected
2026-07-21 04:05:16.491 - RealTimeSTT: realtimestt - INFO - recording started
2026-07-21 04:05:16.491 - RealTimeSTT: realtimestt - INFO - State changed from 'listening' to 'recording'
2026-07-21 04:05:16.491 - RealTimeSTT: realtimestt - DEBUG - Waiting for recording stop
2026-07-21 04:05:17.700 - RealTimeSTT: realtimestt - INFO - recording stopped
2026-07-21 04:05:17.701 - RealTimeSTT: realtimestt - DEBUG - No samples removed, final audio length: 35840
2026-07-21 04:05:17.701 - RealTimeSTT: realtimestt - INFO - State changed from 'recording' to 'inactive'
2026-07-21 04:05:17.701 - RealTimeSTT: realtimestt - INFO - State changed from 'inactive' to 'transcribing'
2026-07-21 04:05:17.701 - RealTimeSTT: realtimestt - DEBUG - Adding transcription request, no early transcription started
2026-07-21 04:05:17.707 - RealTimeSTT: realtimestt - DEBUG - Receive from parent_transcription_pipe after sendiung transcription request, transcribe_count: 1
2026-07-21 04:05:17.808 - RealTimeSTT: realtimestt - DEBUG - Receive from parent_transcription_pipe after sendiung transcription request, transcribe_count: 1
2026-07-21 04:05:17.862 - RealTimeSTT: realtimestt - INFO - State changed from 'transcribing' to 'inactive'
2026-07-21 04:05:17.862 - RealTimeSTT: realtimestt - DEBUG - Model tiny.en completed transcription in 0.16 seconds
2026-07-21 04:05:17.863 - RealTimeSTT: realtimestt - INFO - Setting listen time
2026-07-21 04:05:17.863 - RealTimeSTT: realtimestt - INFO - State changed from 'inactive' to 'listening'
2026-07-21 04:05:17.863 - RealTimeSTT: realtimestt - DEBUG - Waiting for recording start
2026-07-21 04:44:41.409 - RealTimeSTT: realtimestt - INFO - voice activity detected
2026-07-21 04:44:41.409 - RealTimeSTT: realtimestt - INFO - recording started
2026-07-21 04:44:41.409 - RealTimeSTT: realtimestt - INFO - State changed from 'listening' to 'recording'
2026-07-21 04:44:41.410 - RealTimeSTT: realtimestt - DEBUG - Waiting for recording stop
2026-07-21 04:44:42.049 - RealTimeSTT: realtimestt - INFO - recording stopped
2026-07-21 04:44:42.050 - RealTimeSTT: realtimestt - DEBUG - No samples removed, final audio length: 26624
2026-07-21 04:44:42.050 - RealTimeSTT: realtimestt - INFO - State changed from 'recording' to 'inactive'
2026-07-21 04:44:42.050 - RealTimeSTT: realtimestt - INFO - State changed from 'inactive' to 'transcribing'
2026-07-21 04:44:42.050 - RealTimeSTT: realtimestt - DEBUG - Adding transcription request, no early transcription started
2026-07-21 04:44:42.050 - RealTimeSTT: realtimestt - DEBUG - Receive from parent_transcription_pipe after sendiung transcription request, transcribe_count: 1
2026-07-21 04:44:42.151 - RealTimeSTT: realtimestt - DEBUG - Receive from parent_transcription_pipe after sendiung transcription request, transcribe_count: 1
2026-07-21 04:44:42.203 - RealTimeSTT: realtimestt - INFO - State changed from 'transcribing' to 'inactive'
2026-07-21 04:44:42.204 - RealTimeSTT: realtimestt - DEBUG - Model tiny.en completed transcription in 0.15 seconds
2026-07-21 04:44:42.204 - RealTimeSTT: realtimestt - INFO - Setting listen time
2026-07-21 04:44:42.204 - RealTimeSTT: realtimestt - INFO - State changed from 'inactive' to 'listening'
2026-07-21 04:44:42.204 - RealTimeSTT: realtimestt - DEBUG - Waiting for recording start
2026-07-21 04:47:42.279 - RealTimeSTT: realtimestt - INFO - voice activity detected
2026-07-21 04:47:42.279 - RealTimeSTT: realtimestt - INFO - recording started
2026-07-21 04:47:42.279 - RealTimeSTT: realtimestt - INFO - State changed from 'listening' to 'recording'
2026-07-21 04:47:42.280 - RealTimeSTT: realtimestt - DEBUG - Waiting for recording stop
2026-07-21 04:47:43.049 - RealTimeSTT: realtimestt - INFO - recording stopped
2026-07-21 04:47:43.050 - RealTimeSTT: realtimestt - DEBUG - No samples removed, final audio length: 28672
2026-07-21 04:47:43.050 - RealTimeSTT: realtimestt - INFO - State changed from 'recording' to 'inactive'
2026-07-21 04:47:43.050 - RealTimeSTT: realtimestt - INFO - State changed from 'inactive' to 'transcribing'
2026-07-21 04:47:43.050 - RealTimeSTT: realtimestt - DEBUG - Adding transcription request, no early transcription started
2026-07-21 04:47:43.059 - RealTimeSTT: realtimestt - DEBUG - Receive from parent_transcription_pipe after sendiung transcription request, transcribe_count: 1
2026-07-21 04:47:43.160 - RealTimeSTT: realtimestt - DEBUG - Receive from parent_transcription_pipe after sendiung transcription request, transcribe_count: 1
2026-07-21 04:47:43.191 - RealTimeSTT: realtimestt - INFO - State changed from 'transcribing' to 'inactive'
2026-07-21 04:47:43.191 - RealTimeSTT: realtimestt - DEBUG - Model tiny.en completed transcription in 0.14 seconds
2026-07-21 04:47:43.192 - RealTimeSTT: realtimestt - INFO - Setting listen time
2026-07-21 04:47:43.192 - RealTimeSTT: realtimestt - INFO - State changed from 'inactive' to 'listening'
2026-07-21 04:47:43.192 - RealTimeSTT: realtimestt - DEBUG - Waiting for recording start
2026-07-21 04:47:52.519 - RealTimeSTT: realtimestt - INFO - voice activity detected
2026-07-21 04:47:52.519 - RealTimeSTT: realtimestt - INFO - recording started
2026-07-21 04:47:52.519 - RealTimeSTT: realtimestt - INFO - State changed from 'listening' to 'recording'
2026-07-21 04:47:52.520 - RealTimeSTT: realtimestt - DEBUG - Waiting for recording stop
2026-07-21 04:47:53.930 - RealTimeSTT: realtimestt - INFO - recording stopped
2026-07-21 04:47:53.931 - RealTimeSTT: realtimestt - DEBUG - No samples removed, final audio length: 38912
2026-07-21 04:47:53.931 - RealTimeSTT: realtimestt - INFO - State changed from 'recording' to 'inactive'
2026-07-21 04:47:53.931 - RealTimeSTT: realtimestt - INFO - State changed from 'inactive' to 'transcribing'
2026-07-21 04:47:53.931 - RealTimeSTT: realtimestt - DEBUG - Adding transcription request, no early transcription started
2026-07-21 04:47:53.934 - RealTimeSTT: realtimestt - DEBUG - Receive from parent_transcription_pipe after sendiung transcription request, transcribe_count: 1
2026-07-21 04:47:54.035 - RealTimeSTT: realtimestt - DEBUG - Receive from parent_transcription_pipe after sendiung transcription request, transcribe_count: 1
2026-07-21 04:47:54.073 - RealTimeSTT: realtimestt - INFO - State changed from 'transcribing' to 'inactive'
2026-07-21 04:47:54.074 - RealTimeSTT: realtimestt - DEBUG - Model tiny.en completed transcription in 0.14 seconds
2026-07-21 04:47:54.074 - RealTimeSTT: realtimestt - INFO - Setting listen time
2026-07-21 04:47:54.074 - RealTimeSTT: realtimestt - INFO - State changed from 'inactive' to 'listening'
2026-07-21 04:47:54.074 - RealTimeSTT: realtimestt - DEBUG - Waiting for recording start
2026-07-21 05:11:37.859 - RealTimeSTT: realtimestt - INFO - voice activity detected
2026-07-21 05:11:37.859 - RealTimeSTT: realtimestt - INFO - recording started
2026-07-21 05:11:37.859 - RealTimeSTT: realtimestt - INFO - State changed from 'listening' to 'recording'
2026-07-21 05:11:37.859 - RealTimeSTT: realtimestt - DEBUG - Waiting for recording stop
2026-07-21 05:11:38.629 - RealTimeSTT: realtimestt - INFO - recording stopped
2026-07-21 05:11:38.630 - RealTimeSTT: realtimestt - DEBUG - No samples removed, final audio length: 28672
2026-07-21 05:11:38.630 - RealTimeSTT: realtimestt - INFO - State changed from 'recording' to 'inactive'
2026-07-21 05:11:38.630 - RealTimeSTT: realtimestt - INFO - State changed from 'inactive' to 'transcribing'
2026-07-21 05:11:38.630 - RealTimeSTT: realtimestt - DEBUG - Adding transcription request, no early transcription started
2026-07-21 05:11:38.640 - RealTimeSTT: realtimestt - DEBUG - Receive from parent_transcription_pipe after sendiung transcription request, transcribe_count: 1
2026-07-21 05:11:38.741 - RealTimeSTT: realtimestt - DEBUG - Receive from parent_transcription_pipe after sendiung transcription request, transcribe_count: 1
2026-07-21 05:11:38.796 - RealTimeSTT: realtimestt - INFO - State changed from 'transcribing' to 'inactive'
2026-07-21 05:11:38.797 - RealTimeSTT: realtimestt - DEBUG - Model tiny.en completed transcription in 0.17 seconds
2026-07-21 05:11:38.797 - RealTimeSTT: realtimestt - INFO - Setting listen time
2026-07-21 05:11:38.797 - RealTimeSTT: realtimestt - INFO - State changed from 'inactive' to 'listening'
2026-07-21 05:11:38.797 - RealTimeSTT: realtimestt - DEBUG - Waiting for recording start
2026-07-21 05:11:48.929 - RealTimeSTT: realtimestt - INFO - voice activity detected
2026-07-21 05:11:48.929 - RealTimeSTT: realtimestt - INFO - recording started
2026-07-21 05:11:48.929 - RealTimeSTT: realtimestt - INFO - State changed from 'listening' to 'recording'
2026-07-21 05:11:48.929 - RealTimeSTT: realtimestt - DEBUG - Waiting for recording stop
2026-07-21 05:11:49.829 - RealTimeSTT: realtimestt - INFO - recording stopped
2026-07-21 05:11:49.830 - RealTimeSTT: realtimestt - DEBUG - No samples removed, final audio length: 30720
2026-07-21 05:11:49.830 - RealTimeSTT: realtimestt - INFO - State changed from 'recording' to 'inactive'
2026-07-21 05:11:49.830 - RealTimeSTT: realtimestt - INFO - State changed from 'inactive' to 'transcribing'
2026-07-21 05:11:49.830 - RealTimeSTT: realtimestt - DEBUG - Adding transcription request, no early transcription started
2026-07-21 05:11:49.836 - RealTimeSTT: realtimestt - DEBUG - Receive from parent_transcription_pipe after sendiung transcription request, transcribe_count: 1
2026-07-21 05:11:49.936 - RealTimeSTT: realtimestt - DEBUG - Receive from parent_transcription_pipe after sendiung transcription request, transcribe_count: 1
2026-07-21 05:11:49.987 - RealTimeSTT: realtimestt - INFO - State changed from 'transcribing' to 'inactive'
2026-07-21 05:11:49.988 - RealTimeSTT: realtimestt - DEBUG - Model tiny.en completed transcription in 0.16 seconds
2026-07-21 05:11:49.988 - RealTimeSTT: realtimestt - INFO - Setting listen time
2026-07-21 05:11:49.988 - RealTimeSTT: realtimestt - INFO - State changed from 'inactive' to 'listening'
2026-07-21 05:11:49.988 - RealTimeSTT: realtimestt - DEBUG - Waiting for recording start
2026-07-21 05:11:50.469 - RealTimeSTT: realtimestt - INFO - voice activity detected
2026-07-21 05:11:50.470 - RealTimeSTT: realtimestt - INFO - recording started
2026-07-21 05:11:50.470 - RealTimeSTT: realtimestt - INFO - State changed from 'listening' to 'recording'
2026-07-21 05:11:50.470 - RealTimeSTT: realtimestt - DEBUG - Waiting for recording stop
2026-07-21 05:11:51.169 - RealTimeSTT: realtimestt - INFO - recording stopped
2026-07-21 05:11:51.169 - RealTimeSTT: realtimestt - DEBUG - No samples removed, final audio length: 22016
2026-07-21 05:11:51.170 - RealTimeSTT: realtimestt - INFO - State changed from 'recording' to 'inactive'
2026-07-21 05:11:51.170 - RealTimeSTT: realtimestt - INFO - State changed from 'inactive' to 'transcribing'
2026-07-21 05:11:51.170 - RealTimeSTT: realtimestt - DEBUG - Adding transcription request, no early transcription started
2026-07-21 05:11:51.170 - RealTimeSTT: realtimestt - DEBUG - Receive from parent_transcription_pipe after sendiung transcription request, transcribe_count: 1
2026-07-21 05:11:51.270 - RealTimeSTT: realtimestt - DEBUG - Receive from parent_transcription_pipe after sendiung transcription request, transcribe_count: 1
2026-07-21 05:11:51.318 - RealTimeSTT: realtimestt - INFO - State changed from 'transcribing' to 'inactive'
2026-07-21 05:11:51.319 - RealTimeSTT: realtimestt - DEBUG - Model tiny.en completed transcription in 0.15 seconds
2026-07-21 05:11:51.319 - RealTimeSTT: realtimestt - INFO - Setting listen time
2026-07-21 05:11:51.319 - RealTimeSTT: realtimestt - INFO - State changed from 'inactive' to 'listening'
2026-07-21 05:11:51.319 - RealTimeSTT: realtimestt - DEBUG - Waiting for recording start
2026-07-21 05:11:56.679 - RealTimeSTT: realtimestt - INFO - voice activity detected
2026-07-21 05:11:56.679 - RealTimeSTT: realtimestt - INFO - recording started
2026-07-21 05:11:56.679 - RealTimeSTT: realtimestt - INFO - State changed from 'listening' to 'recording'
2026-07-21 05:11:56.679 - RealTimeSTT: realtimestt - DEBUG - Waiting for recording stop
2026-07-21 05:11:57.829 - RealTimeSTT: realtimestt - INFO - recording stopped
2026-07-21 05:11:57.830 - RealTimeSTT: realtimestt - DEBUG - No samples removed, final audio length: 34816
2026-07-21 05:11:57.830 - RealTimeSTT: realtimestt - INFO - State changed from 'recording' to 'inactive'
2026-07-21 05:11:57.830 - RealTimeSTT: realtimestt - INFO - State changed from 'inactive' to 'transcribing'
2026-07-21 05:11:57.830 - RealTimeSTT: realtimestt - DEBUG - Adding transcription request, no early transcription started
2026-07-21 05:11:57.847 - RealTimeSTT: realtimestt - DEBUG - Receive from parent_transcription_pipe after sendiung transcription request, transcribe_count: 1
2026-07-21 05:11:57.948 - RealTimeSTT: realtimestt - DEBUG - Receive from parent_transcription_pipe after sendiung transcription request, transcribe_count: 1
2026-07-21 05:11:57.994 - RealTimeSTT: realtimestt - INFO - State changed from 'transcribing' to 'inactive'
2026-07-21 05:11:57.994 - RealTimeSTT: realtimestt - DEBUG - Model tiny.en completed transcription in 0.16 seconds
2026-07-21 05:11:57.995 - RealTimeSTT: realtimestt - INFO - Setting listen time
2026-07-21 05:11:57.995 - RealTimeSTT: realtimestt - INFO - State changed from 'inactive' to 'listening'
2026-07-21 05:11:57.995 - RealTimeSTT: realtimestt - DEBUG - Waiting for recording start
2026-07-21 05:11:59.939 - RealTimeSTT: realtimestt - INFO - voice activity detected
2026-07-21 05:11:59.939 - RealTimeSTT: realtimestt - INFO - recording started
2026-07-21 05:11:59.939 - RealTimeSTT: realtimestt - INFO - State changed from 'listening' to 'recording'
2026-07-21 05:11:59.940 - RealTimeSTT: realtimestt - DEBUG - Waiting for recording stop
2026-07-21 05:12:02.439 - RealTimeSTT: realtimestt - INFO - recording stopped
2026-07-21 05:12:02.440 - RealTimeSTT: realtimestt - DEBUG - No samples removed, final audio length: 56320
2026-07-21 05:12:02.440 - RealTimeSTT: realtimestt - INFO - State changed from 'recording' to 'inactive'
2026-07-21 05:12:02.440 - RealTimeSTT: realtimestt - INFO - State changed from 'inactive' to 'transcribing'
2026-07-21 05:12:02.440 - RealTimeSTT: realtimestt - DEBUG - Adding transcription request, no early transcription started
2026-07-21 05:12:02.440 - RealTimeSTT: realtimestt - DEBUG - Receive from parent_transcription_pipe after sendiung transcription request, transcribe_count: 1
2026-07-21 05:12:02.541 - RealTimeSTT: realtimestt - DEBUG - Receive from parent_transcription_pipe after sendiung transcription request, transcribe_count: 1
2026-07-21 05:12:02.608 - RealTimeSTT: realtimestt - INFO - State changed from 'transcribing' to 'inactive'
2026-07-21 05:12:02.609 - RealTimeSTT: realtimestt - DEBUG - Model tiny.en completed transcription in 0.17 seconds
2026-07-21 05:12:02.609 - RealTimeSTT: realtimestt - INFO - Setting listen time
2026-07-21 05:12:02.609 - RealTimeSTT: realtimestt - INFO - State changed from 'inactive' to 'listening'
2026-07-21 05:12:02.609 - RealTimeSTT: realtimestt - DEBUG - Waiting for recording start
2026-07-21 05:12:04.169 - RealTimeSTT: realtimestt - INFO - voice activity detected
2026-07-21 05:12:04.169 - RealTimeSTT: realtimestt - INFO - recording started
2026-07-21 05:12:04.169 - RealTimeSTT: realtimestt - INFO - State changed from 'listening' to 'recording'
2026-07-21 05:12:04.169 - RealTimeSTT: realtimestt - DEBUG - Waiting for recording stop
2026-07-21 05:12:04.929 - RealTimeSTT: realtimestt - INFO - recording stopped
2026-07-21 05:12:04.929 - RealTimeSTT: realtimestt - DEBUG - No samples removed, final audio length: 28672
2026-07-21 05:12:04.929 - RealTimeSTT: realtimestt - INFO - State changed from 'recording' to 'inactive'
2026-07-21 05:12:04.929 - RealTimeSTT: realtimestt - INFO - State changed from 'inactive' to 'transcribing'
2026-07-21 05:12:04.929 - RealTimeSTT: realtimestt - DEBUG - Adding transcription request, no early transcription started
2026-07-21 05:12:04.937 - RealTimeSTT: realtimestt - DEBUG - Receive from parent_transcription_pipe after sendiung transcription request, transcribe_count: 1
2026-07-21 05:12:05.038 - RealTimeSTT: realtimestt - DEBUG - Receive from parent_transcription_pipe after sendiung transcription request, transcribe_count: 1
2026-07-21 05:12:05.093 - RealTimeSTT: realtimestt - INFO - State changed from 'transcribing' to 'inactive'
2026-07-21 05:12:05.094 - RealTimeSTT: realtimestt - DEBUG - Model tiny.en completed transcription in 0.16 seconds
2026-07-21 05:12:05.094 - RealTimeSTT: realtimestt - INFO - Setting listen time
2026-07-21 05:12:05.094 - RealTimeSTT: realtimestt - INFO - State changed from 'inactive' to 'listening'
2026-07-21 05:12:05.094 - RealTimeSTT: realtimestt - DEBUG - Waiting for recording start
2026-07-21 05:12:05.249 - RealTimeSTT: realtimestt - INFO - voice activity detected
2026-07-21 05:12:05.249 - RealTimeSTT: realtimestt - INFO - recording started
2026-07-21 05:12:05.249 - RealTimeSTT: realtimestt - INFO - State changed from 'listening' to 'recording'
2026-07-21 05:12:05.249 - RealTimeSTT: realtimestt - DEBUG - Waiting for recording stop
2026-07-21 05:12:08.009 - RealTimeSTT: realtimestt - INFO - recording stopped
2026-07-21 05:12:08.009 - RealTimeSTT: realtimestt - DEBUG - No samples removed, final audio length: 49664
2026-07-21 05:12:08.010 - RealTimeSTT: realtimestt - INFO - State changed from 'recording' to 'inactive'
2026-07-21 05:12:08.010 - RealTimeSTT: realtimestt - INFO - State changed from 'inactive' to 'transcribing'
2026-07-21 05:12:08.010 - RealTimeSTT: realtimestt - DEBUG - Adding transcription request, no early transcription started
2026-07-21 05:12:08.026 - RealTimeSTT: realtimestt - DEBUG - Receive from parent_transcription_pipe after sendiung transcription request, transcribe_count: 1
2026-07-21 05:12:08.126 - RealTimeSTT: realtimestt - DEBUG - Receive from parent_transcription_pipe after sendiung transcription request, transcribe_count: 1
2026-07-21 05:12:08.213 - RealTimeSTT: realtimestt - INFO - State changed from 'transcribing' to 'inactive'
2026-07-21 05:12:08.213 - RealTimeSTT: realtimestt - DEBUG - Model tiny.en completed transcription in 0.20 seconds
2026-07-21 05:12:08.214 - RealTimeSTT: realtimestt - INFO - Setting listen time
2026-07-21 05:12:08.214 - RealTimeSTT: realtimestt - INFO - State changed from 'inactive' to 'listening'
2026-07-21 05:12:08.214 - RealTimeSTT: realtimestt - DEBUG - Waiting for recording start
2026-07-21 05:12:09.159 - RealTimeSTT: realtimestt - INFO - voice activity detected
2026-07-21 05:12:09.159 - RealTimeSTT: realtimestt - INFO - recording started
2026-07-21 05:12:09.159 - RealTimeSTT: realtimestt - INFO - State changed from 'listening' to 'recording'
2026-07-21 05:12:09.159 - RealTimeSTT: realtimestt - DEBUG - Waiting for recording stop
2026-07-21 05:12:10.629 - RealTimeSTT: realtimestt - INFO - recording stopped
2026-07-21 05:12:10.630 - RealTimeSTT: realtimestt - DEBUG - No samples removed, final audio length: 39936
2026-07-21 05:12:10.630 - RealTimeSTT: realtimestt - INFO - State changed from 'recording' to 'inactive'
2026-07-21 05:12:10.630 - RealTimeSTT: realtimestt - INFO - State changed from 'inactive' to 'transcribing'
2026-07-21 05:12:10.630 - RealTimeSTT: realtimestt - DEBUG - Adding transcription request, no early transcription started
2026-07-21 05:12:10.644 - RealTimeSTT: realtimestt - DEBUG - Receive from parent_transcription_pipe after sendiung transcription request, transcribe_count: 1
2026-07-21 05:12:10.744 - RealTimeSTT: realtimestt - DEBUG - Receive from parent_transcription_pipe after sendiung transcription request, transcribe_count: 1
2026-07-21 05:12:10.797 - RealTimeSTT: realtimestt - INFO - State changed from 'transcribing' to 'inactive'
2026-07-21 05:12:10.797 - RealTimeSTT: realtimestt - DEBUG - Model tiny.en completed transcription in 0.17 seconds
2026-07-21 05:12:10.797 - RealTimeSTT: realtimestt - INFO - Setting listen time
2026-07-21 05:12:10.797 - RealTimeSTT: realtimestt - INFO - State changed from 'inactive' to 'listening'
2026-07-21 05:12:10.798 - RealTimeSTT: realtimestt - DEBUG - Waiting for recording start
2026-07-21 05:12:11.209 - RealTimeSTT: realtimestt - INFO - voice activity detected
2026-07-21 05:12:11.209 - RealTimeSTT: realtimestt - INFO - recording started
2026-07-21 05:12:11.209 - RealTimeSTT: realtimestt - INFO - State changed from 'listening' to 'recording'
2026-07-21 05:12:11.210 - RealTimeSTT: realtimestt - DEBUG - Waiting for recording stop
2026-07-21 05:12:12.929 - RealTimeSTT: realtimestt - INFO - recording stopped
2026-07-21 05:12:12.930 - RealTimeSTT: realtimestt - DEBUG - No samples removed, final audio length: 37376
2026-07-21 05:12:12.930 - RealTimeSTT: realtimestt - INFO - State changed from 'recording' to 'inactive'
2026-07-21 05:12:12.930 - RealTimeSTT: realtimestt - INFO - State changed from 'inactive' to 'transcribing'
2026-07-21 05:12:12.930 - RealTimeSTT: realtimestt - DEBUG - Adding transcription request, no early transcription started
2026-07-21 05:12:12.931 - RealTimeSTT: realtimestt - DEBUG - Receive from parent_transcription_pipe after sendiung transcription request, transcribe_count: 1
2026-07-21 05:12:13.032 - RealTimeSTT: realtimestt - DEBUG - Receive from parent_transcription_pipe after sendiung transcription request, transcribe_count: 1
2026-07-21 05:12:13.096 - RealTimeSTT: realtimestt - INFO - State changed from 'transcribing' to 'inactive'
2026-07-21 05:12:13.097 - RealTimeSTT: realtimestt - DEBUG - Model tiny.en completed transcription in 0.17 seconds
2026-07-21 05:12:13.097 - RealTimeSTT: realtimestt - INFO - Setting listen time
2026-07-21 05:12:13.097 - RealTimeSTT: realtimestt - INFO - State changed from 'inactive' to 'listening'
2026-07-21 05:12:13.097 - RealTimeSTT: realtimestt - DEBUG - Waiting for recording start
2026-07-21 05:12:15.239 - RealTimeSTT: realtimestt - INFO - voice activity detected
2026-07-21 05:12:15.239 - RealTimeSTT: realtimestt - INFO - recording started
2026-07-21 05:12:15.239 - RealTimeSTT: realtimestt - INFO - State changed from 'listening' to 'recording'
2026-07-21 05:12:15.239 - RealTimeSTT: realtimestt - DEBUG - Waiting for recording stop
2026-07-21 05:12:18.499 - RealTimeSTT: realtimestt - INFO - recording stopped
2026-07-21 05:12:18.500 - RealTimeSTT: realtimestt - DEBUG - No samples removed, final audio length: 68608
2026-07-21 05:12:18.500 - RealTimeSTT: realtimestt - INFO - State changed from 'recording' to 'inactive'
2026-07-21 05:12:18.500 - RealTimeSTT: realtimestt - INFO - State changed from 'inactive' to 'transcribing'
2026-07-21 05:12:18.500 - RealTimeSTT: realtimestt - DEBUG - Adding transcription request, no early transcription started
2026-07-21 05:12:18.500 - RealTimeSTT: realtimestt - DEBUG - Receive from parent_transcription_pipe after sendiung transcription request, transcribe_count: 1
2026-07-21 05:12:18.601 - RealTimeSTT: realtimestt - DEBUG - Receive from parent_transcription_pipe after sendiung transcription request, transcribe_count: 1
2026-07-21 05:12:18.700 - RealTimeSTT: realtimestt - INFO - State changed from 'transcribing' to 'inactive'
2026-07-21 05:12:18.701 - RealTimeSTT: realtimestt - DEBUG - Model tiny.en completed transcription in 0.20 seconds
2026-07-21 05:12:18.701 - RealTimeSTT: realtimestt - INFO - Setting listen time
2026-07-21 05:12:18.701 - RealTimeSTT: realtimestt - INFO - State changed from 'inactive' to 'listening'
2026-07-21 05:12:18.701 - RealTimeSTT: realtimestt - DEBUG - Waiting for recording start
2026-07-21 05:12:20.289 - RealTimeSTT: realtimestt - INFO - voice activity detected
2026-07-21 05:12:20.289 - RealTimeSTT: realtimestt - INFO - recording started
2026-07-21 05:12:20.289 - RealTimeSTT: realtimestt - INFO - State changed from 'listening' to 'recording'
2026-07-21 05:12:20.289 - RealTimeSTT: realtimestt - DEBUG - Waiting for recording stop
2026-07-21 05:12:22.979 - RealTimeSTT: realtimestt - INFO - recording stopped
2026-07-21 05:12:22.980 - RealTimeSTT: realtimestt - DEBUG - No samples removed, final audio length: 59392
2026-07-21 05:12:22.980 - RealTimeSTT: realtimestt - INFO - State changed from 'recording' to 'inactive'
2026-07-21 05:12:22.980 - RealTimeSTT: realtimestt - INFO - State changed from 'inactive' to 'transcribing'
2026-07-21 05:12:22.980 - RealTimeSTT: realtimestt - DEBUG - Adding transcription request, no early transcription started
2026-07-21 05:12:22.984 - RealTimeSTT: realtimestt - DEBUG - Receive from parent_transcription_pipe after sendiung transcription request, transcribe_count: 1
2026-07-21 05:12:23.085 - RealTimeSTT: realtimestt - DEBUG - Receive from parent_transcription_pipe after sendiung transcription request, transcribe_count: 1
2026-07-21 05:12:23.148 - RealTimeSTT: realtimestt - INFO - State changed from 'transcribing' to 'inactive'
2026-07-21 05:12:23.149 - RealTimeSTT: realtimestt - DEBUG - Model tiny.en completed transcription in 0.17 seconds
2026-07-21 05:12:23.149 - RealTimeSTT: realtimestt - INFO - Setting listen time
2026-07-21 05:12:23.149 - RealTimeSTT: realtimestt - INFO - State changed from 'inactive' to 'listening'
2026-07-21 05:12:23.149 - RealTimeSTT: realtimestt - DEBUG - Waiting for recording start
2026-07-21 05:12:24.709 - RealTimeSTT: realtimestt - INFO - voice activity detected
2026-07-21 05:12:24.709 - RealTimeSTT: realtimestt - INFO - recording started
2026-07-21 05:12:24.709 - RealTimeSTT: realtimestt - INFO - State changed from 'listening' to 'recording'
2026-07-21 05:12:24.709 - RealTimeSTT: realtimestt - DEBUG - Waiting for recording stop
2026-07-21 05:12:27.849 - RealTimeSTT: realtimestt - INFO - recording stopped
2026-07-21 05:12:27.850 - RealTimeSTT: realtimestt - DEBUG - No samples removed, final audio length: 66560
2026-07-21 05:12:27.850 - RealTimeSTT: realtimestt - INFO - State changed from 'recording' to 'inactive'
2026-07-21 05:12:27.850 - RealTimeSTT: realtimestt - INFO - State changed from 'inactive' to 'transcribing'
2026-07-21 05:12:27.850 - RealTimeSTT: realtimestt - DEBUG - Adding transcription request, no early transcription started
2026-07-21 05:12:27.863 - RealTimeSTT: realtimestt - DEBUG - Receive from parent_transcription_pipe after sendiung transcription request, transcribe_count: 1
2026-07-21 05:12:27.964 - RealTimeSTT: realtimestt - DEBUG - Receive from parent_transcription_pipe after sendiung transcription request, transcribe_count: 1
2026-07-21 05:12:28.053 - RealTimeSTT: realtimestt - INFO - State changed from 'transcribing' to 'inactive'
2026-07-21 05:12:28.054 - RealTimeSTT: realtimestt - DEBUG - Model tiny.en completed transcription in 0.20 seconds
2026-07-21 05:12:28.054 - RealTimeSTT: realtimestt - INFO - Setting listen time
2026-07-21 05:12:28.054 - RealTimeSTT: realtimestt - INFO - State changed from 'inactive' to 'listening'
2026-07-21 05:12:28.055 - RealTimeSTT: realtimestt - DEBUG - Waiting for recording start
2026-07-21 05:12:28.489 - RealTimeSTT: realtimestt - INFO - voice activity detected
2026-07-21 05:12:28.490 - RealTimeSTT: realtimestt - INFO - recording started
2026-07-21 05:12:28.490 - RealTimeSTT: realtimestt - INFO - State changed from 'listening' to 'recording'
2026-07-21 05:12:28.490 - RealTimeSTT: realtimestt - DEBUG - Waiting for recording stop
2026-07-21 05:12:30.339 - RealTimeSTT: realtimestt - INFO - recording stopped
2026-07-21 05:12:30.339 - RealTimeSTT: realtimestt - DEBUG - No samples removed, final audio length: 40448
2026-07-21 05:12:30.340 - RealTimeSTT: realtimestt - INFO - State changed from 'recording' to 'inactive'
2026-07-21 05:12:30.340 - RealTimeSTT: realtimestt - INFO - State changed from 'inactive' to 'transcribing'
2026-07-21 05:12:30.340 - RealTimeSTT: realtimestt - DEBUG - Adding transcription request, no early transcription started
2026-07-21 05:12:30.340 - RealTimeSTT: realtimestt - DEBUG - Receive from parent_transcription_pipe after sendiung transcription request, transcribe_count: 1
2026-07-21 05:12:30.439 - RealTimeSTT: realtimestt - DEBUG - Receive from parent_transcription_pipe after sendiung transcription request, transcribe_count: 1
2026-07-21 05:12:30.538 - RealTimeSTT: realtimestt - INFO - State changed from 'transcribing' to 'inactive'
2026-07-21 05:12:30.539 - RealTimeSTT: realtimestt - DEBUG - Model tiny.en completed transcription in 0.20 seconds
2026-07-21 05:12:30.539 - RealTimeSTT: realtimestt - INFO - Setting listen time
2026-07-21 05:12:30.539 - RealTimeSTT: realtimestt - INFO - State changed from 'inactive' to 'listening'
2026-07-21 05:12:30.539 - RealTimeSTT: realtimestt - DEBUG - Waiting for recording start
2026-07-21 05:12:32.649 - RealTimeSTT: realtimestt - INFO - voice activity detected
2026-07-21 05:12:32.649 - RealTimeSTT: realtimestt - INFO - recording started
2026-07-21 05:12:32.649 - RealTimeSTT: realtimestt - INFO - State changed from 'listening' to 'recording'
2026-07-21 05:12:32.649 - RealTimeSTT: realtimestt - DEBUG - Waiting for recording stop
2026-07-21 05:12:33.859 - RealTimeSTT: realtimestt - INFO - recording stopped
2026-07-21 05:12:33.859 - RealTimeSTT: realtimestt - DEBUG - No samples removed, final audio length: 35840
2026-07-21 05:12:33.859 - RealTimeSTT: realtimestt - INFO - State changed from 'recording' to 'inactive'
2026-07-21 05:12:33.859 - RealTimeSTT: realtimestt - INFO - State changed from 'inactive' to 'transcribing'
2026-07-21 05:12:33.860 - RealTimeSTT: realtimestt - DEBUG - Adding transcription request, no early transcription started
2026-07-21 05:12:33.878 - RealTimeSTT: realtimestt - DEBUG - Receive from parent_transcription_pipe after sendiung transcription request, transcribe_count: 1
2026-07-21 05:12:33.978 - RealTimeSTT: realtimestt - DEBUG - Receive from parent_transcription_pipe after sendiung transcription request, transcribe_count: 1
2026-07-21 05:12:34.037 - RealTimeSTT: realtimestt - INFO - State changed from 'transcribing' to 'inactive'
2026-07-21 05:12:34.037 - RealTimeSTT: realtimestt - DEBUG - Model tiny.en completed transcription in 0.18 seconds
2026-07-21 05:12:34.038 - RealTimeSTT: realtimestt - INFO - Setting listen time
2026-07-21 05:12:34.038 - RealTimeSTT: realtimestt - INFO - State changed from 'inactive' to 'listening'
2026-07-21 05:12:34.038 - RealTimeSTT: realtimestt - DEBUG - Waiting for recording start
2026-07-21 05:12:34.439 - RealTimeSTT: realtimestt - INFO - voice activity detected
2026-07-21 05:12:34.439 - RealTimeSTT: realtimestt - INFO - recording started
2026-07-21 05:12:34.439 - RealTimeSTT: realtimestt - INFO - State changed from 'listening' to 'recording'
2026-07-21 05:12:34.439 - RealTimeSTT: realtimestt - DEBUG - Waiting for recording stop
2026-07-21 05:12:36.039 - RealTimeSTT: realtimestt - INFO - recording stopped
2026-07-21 05:12:36.039 - RealTimeSTT: realtimestt - DEBUG - No samples removed, final audio length: 35328
2026-07-21 05:12:36.039 - RealTimeSTT: realtimestt - INFO - State changed from 'recording' to 'inactive'
2026-07-21 05:12:36.039 - RealTimeSTT: realtimestt - INFO - State changed from 'inactive' to 'transcribing'
2026-07-21 05:12:36.039 - RealTimeSTT: realtimestt - DEBUG - Adding transcription request, no early transcription started
2026-07-21 05:12:36.040 - RealTimeSTT: realtimestt - DEBUG - Receive from parent_transcription_pipe after sendiung transcription request, transcribe_count: 1
2026-07-21 05:12:36.140 - RealTimeSTT: realtimestt - DEBUG - Receive from parent_transcription_pipe after sendiung transcription request, transcribe_count: 1
2026-07-21 05:12:36.234 - RealTimeSTT: realtimestt - INFO - State changed from 'transcribing' to 'inactive'
2026-07-21 05:12:36.234 - RealTimeSTT: realtimestt - DEBUG - Model tiny.en completed transcription in 0.20 seconds
2026-07-21 05:12:36.235 - RealTimeSTT: realtimestt - INFO - Setting listen time
2026-07-21 05:12:36.235 - RealTimeSTT: realtimestt - INFO - State changed from 'inactive' to 'listening'
2026-07-21 05:12:36.235 - RealTimeSTT: realtimestt - DEBUG - Waiting for recording start
2026-07-21 05:12:36.999 - RealTimeSTT: realtimestt - INFO - voice activity detected
2026-07-21 05:12:36.999 - RealTimeSTT: realtimestt - INFO - recording started
2026-07-21 05:12:36.999 - RealTimeSTT: realtimestt - INFO - State changed from 'listening' to 'recording'
2026-07-21 05:12:36.999 - RealTimeSTT: realtimestt - DEBUG - Waiting for recording stop
2026-07-21 05:12:39.049 - RealTimeSTT: realtimestt - INFO - recording stopped
2026-07-21 05:12:39.050 - RealTimeSTT: realtimestt - DEBUG - No samples removed, final audio length: 48640
2026-07-21 05:12:39.050 - RealTimeSTT: realtimestt - INFO - State changed from 'recording' to 'inactive'
2026-07-21 05:12:39.050 - RealTimeSTT: realtimestt - INFO - State changed from 'inactive' to 'transcribing'
2026-07-21 05:12:39.050 - RealTimeSTT: realtimestt - DEBUG - Adding transcription request, no early transcription started
2026-07-21 05:12:39.063 - RealTimeSTT: realtimestt - DEBUG - Receive from parent_transcription_pipe after sendiung transcription request, transcribe_count: 1
2026-07-21 05:12:39.163 - RealTimeSTT: realtimestt - DEBUG - Receive from parent_transcription_pipe after sendiung transcription request, transcribe_count: 1
2026-07-21 05:12:39.205 - RealTimeSTT: realtimestt - INFO - State changed from 'transcribing' to 'inactive'
2026-07-21 05:12:39.206 - RealTimeSTT: realtimestt - DEBUG - Model tiny.en completed transcription in 0.16 seconds
2026-07-21 05:12:39.206 - RealTimeSTT: realtimestt - INFO - Setting listen time
2026-07-21 05:12:39.206 - RealTimeSTT: realtimestt - INFO - State changed from 'inactive' to 'listening'
2026-07-21 05:12:39.206 - RealTimeSTT: realtimestt - DEBUG - Waiting for recording start
2026-07-21 05:31:47.908 - RealTimeSTT: realtimestt - INFO - voice activity detected
2026-07-21 05:31:47.908 - RealTimeSTT: realtimestt - INFO - recording started
2026-07-21 05:31:47.908 - RealTimeSTT: realtimestt - INFO - State changed from 'listening' to 'recording'
2026-07-21 05:31:47.908 - RealTimeSTT: realtimestt - DEBUG - Waiting for recording stop
2026-07-21 05:31:50.088 - RealTimeSTT: realtimestt - INFO - recording stopped
2026-07-21 05:31:50.089 - RealTimeSTT: realtimestt - DEBUG - No samples removed, final audio length: 51200
2026-07-21 05:31:50.089 - RealTimeSTT: realtimestt - INFO - State changed from 'recording' to 'inactive'
2026-07-21 05:31:50.089 - RealTimeSTT: realtimestt - INFO - State changed from 'inactive' to 'transcribing'
2026-07-21 05:31:50.089 - RealTimeSTT: realtimestt - DEBUG - Adding transcription request, no early transcription started
2026-07-21 05:31:50.102 - RealTimeSTT: realtimestt - DEBUG - Receive from parent_transcription_pipe after sendiung transcription request, transcribe_count: 1
2026-07-21 05:31:50.203 - RealTimeSTT: realtimestt - DEBUG - Receive from parent_transcription_pipe after sendiung transcription request, transcribe_count: 1
2026-07-21 05:31:50.250 - RealTimeSTT: realtimestt - INFO - State changed from 'transcribing' to 'inactive'
2026-07-21 05:31:50.251 - RealTimeSTT: realtimestt - DEBUG - Model tiny.en completed transcription in 0.16 seconds
2026-07-21 05:31:50.251 - RealTimeSTT: realtimestt - INFO - Setting listen time
2026-07-21 05:31:50.251 - RealTimeSTT: realtimestt - INFO - State changed from 'inactive' to 'listening'
2026-07-21 05:31:50.251 - RealTimeSTT: realtimestt - DEBUG - Waiting for recording start
2026-07-21 06:00:51.666 - RealTimeSTT: realtimestt - INFO - voice activity detected
2026-07-21 06:00:51.666 - RealTimeSTT: realtimestt - INFO - recording started
2026-07-21 06:00:51.666 - RealTimeSTT: realtimestt - INFO - State changed from 'listening' to 'recording'
2026-07-21 06:00:51.666 - RealTimeSTT: realtimestt - DEBUG - Waiting for recording stop
2026-07-21 06:00:52.306 - RealTimeSTT: realtimestt - INFO - recording stopped
2026-07-21 06:00:52.307 - RealTimeSTT: realtimestt - DEBUG - No samples removed, final audio length: 26624
2026-07-21 06:00:52.307 - RealTimeSTT: realtimestt - INFO - State changed from 'recording' to 'inactive'
2026-07-21 06:00:52.307 - RealTimeSTT: realtimestt - INFO - State changed from 'inactive' to 'transcribing'
2026-07-21 06:00:52.307 - RealTimeSTT: realtimestt - DEBUG - Adding transcription request, no early transcription started
2026-07-21 06:00:52.310 - RealTimeSTT: realtimestt - DEBUG - Receive from parent_transcription_pipe after sendiung transcription request, transcribe_count: 1
2026-07-21 06:00:52.411 - RealTimeSTT: realtimestt - DEBUG - Receive from parent_transcription_pipe after sendiung transcription request, transcribe_count: 1
2026-07-21 06:00:52.455 - RealTimeSTT: realtimestt - INFO - State changed from 'transcribing' to 'inactive'
2026-07-21 06:00:52.455 - RealTimeSTT: realtimestt - DEBUG - Model tiny.en completed transcription in 0.15 seconds
2026-07-21 06:00:52.455 - RealTimeSTT: realtimestt - INFO - Setting listen time
2026-07-21 06:00:52.455 - RealTimeSTT: realtimestt - INFO - State changed from 'inactive' to 'listening'
2026-07-21 06:00:52.455 - RealTimeSTT: realtimestt - DEBUG - Waiting for recording start
2026-07-21 07:04:54.242 - RealTimeSTT: realtimestt - INFO - voice activity detected
2026-07-21 07:04:54.242 - RealTimeSTT: realtimestt - INFO - recording started
2026-07-21 07:04:54.242 - RealTimeSTT: realtimestt - INFO - State changed from 'listening' to 'recording'
2026-07-21 07:04:54.242 - RealTimeSTT: realtimestt - DEBUG - Waiting for recording stop
2026-07-21 07:05:16.123 - RealTimeSTT: realtimestt - INFO - recording stopped
2026-07-21 07:05:16.128 - RealTimeSTT: realtimestt - DEBUG - No samples removed, final audio length: 366592
2026-07-21 07:05:16.128 - RealTimeSTT: realtimestt - INFO - State changed from 'recording' to 'inactive'
2026-07-21 07:05:16.129 - RealTimeSTT: realtimestt - INFO - State changed from 'inactive' to 'transcribing'
2026-07-21 07:05:16.129 - RealTimeSTT: realtimestt - DEBUG - Adding transcription request, no early transcription started
2026-07-21 07:05:16.141 - RealTimeSTT: realtimestt - DEBUG - Receive from parent_transcription_pipe after sendiung transcription request, transcribe_count: 1
2026-07-21 07:05:16.242 - RealTimeSTT: realtimestt - DEBUG - Receive from parent_transcription_pipe after sendiung transcription request, transcribe_count: 1
2026-07-21 07:05:16.342 - RealTimeSTT: realtimestt - DEBUG - Receive from parent_transcription_pipe after sendiung transcription request, transcribe_count: 1
2026-07-21 07:05:16.351 - RealTimeSTT: realtimestt - INFO - State changed from 'transcribing' to 'inactive'
2026-07-21 07:05:16.356 - RealTimeSTT: realtimestt - DEBUG - Model tiny.en completed transcription in 0.23 seconds
2026-07-21 07:05:16.356 - RealTimeSTT: realtimestt - INFO - Setting listen time
2026-07-21 07:05:16.357 - RealTimeSTT: realtimestt - INFO - State changed from 'inactive' to 'listening'
2026-07-21 07:05:16.357 - RealTimeSTT: realtimestt - DEBUG - Waiting for recording start
2026-07-21 07:05:20.093 - RealTimeSTT: realtimestt - INFO - voice activity detected
2026-07-21 07:05:20.093 - RealTimeSTT: realtimestt - INFO - recording started
2026-07-21 07:05:20.094 - RealTimeSTT: realtimestt - INFO - State changed from 'listening' to 'recording'
2026-07-21 07:05:20.094 - RealTimeSTT: realtimestt - DEBUG - Waiting for recording stop
2026-07-21 07:05:22.524 - RealTimeSTT: realtimestt - INFO - recording stopped
2026-07-21 07:05:22.525 - RealTimeSTT: realtimestt - DEBUG - No samples removed, final audio length: 55296
2026-07-21 07:05:22.525 - RealTimeSTT: realtimestt - INFO - State changed from 'recording' to 'inactive'
2026-07-21 07:05:22.525 - RealTimeSTT: realtimestt - INFO - State changed from 'inactive' to 'transcribing'
2026-07-21 07:05:22.525 - RealTimeSTT: realtimestt - DEBUG - Adding transcription request, no early transcription started
2026-07-21 07:05:22.525 - RealTimeSTT: realtimestt - DEBUG - Receive from parent_transcription_pipe after sendiung transcription request, transcribe_count: 1
2026-07-21 07:05:22.625 - RealTimeSTT: realtimestt - DEBUG - Receive from parent_transcription_pipe after sendiung transcription request, transcribe_count: 1
2026-07-21 07:05:22.666 - RealTimeSTT: realtimestt - INFO - State changed from 'transcribing' to 'inactive'
2026-07-21 07:05:22.668 - RealTimeSTT: realtimestt - DEBUG - Model tiny.en completed transcription in 0.14 seconds
2026-07-21 07:05:22.668 - RealTimeSTT: realtimestt - INFO - Setting listen time
2026-07-21 07:05:22.668 - RealTimeSTT: realtimestt - INFO - State changed from 'inactive' to 'listening'
2026-07-21 07:05:22.668 - RealTimeSTT: realtimestt - DEBUG - Waiting for recording start
2026-07-21 07:05:24.064 - RealTimeSTT: realtimestt - INFO - voice activity detected
2026-07-21 07:05:24.064 - RealTimeSTT: realtimestt - INFO - recording started
2026-07-21 07:05:24.064 - RealTimeSTT: realtimestt - INFO - State changed from 'listening' to 'recording'
2026-07-21 07:05:24.064 - RealTimeSTT: realtimestt - DEBUG - Waiting for recording stop
2026-07-21 07:05:38.655 - RealTimeSTT: realtimestt - INFO - recording stopped
2026-07-21 07:05:38.658 - RealTimeSTT: realtimestt - DEBUG - No samples removed, final audio length: 249856
2026-07-21 07:05:38.658 - RealTimeSTT: realtimestt - INFO - State changed from 'recording' to 'inactive'
2026-07-21 07:05:38.658 - RealTimeSTT: realtimestt - INFO - State changed from 'inactive' to 'transcribing'
2026-07-21 07:05:38.658 - RealTimeSTT: realtimestt - DEBUG - Adding transcription request, no early transcription started
2026-07-21 07:05:38.673 - RealTimeSTT: realtimestt - DEBUG - Receive from parent_transcription_pipe after sendiung transcription request, transcribe_count: 1
2026-07-21 07:05:38.773 - RealTimeSTT: realtimestt - DEBUG - Receive from parent_transcription_pipe after sendiung transcription request, transcribe_count: 1
2026-07-21 07:05:38.873 - RealTimeSTT: realtimestt - DEBUG - Receive from parent_transcription_pipe after sendiung transcription request, transcribe_count: 1
2026-07-21 07:05:38.974 - RealTimeSTT: realtimestt - DEBUG - Receive from parent_transcription_pipe after sendiung transcription request, transcribe_count: 1
2026-07-21 07:05:39.033 - RealTimeSTT: realtimestt - INFO - State changed from 'transcribing' to 'inactive'
2026-07-21 07:05:39.037 - RealTimeSTT: realtimestt - DEBUG - Model tiny.en completed transcription in 0.38 seconds
2026-07-21 07:05:39.037 - RealTimeSTT: realtimestt - INFO - Setting listen time
2026-07-21 07:05:39.037 - RealTimeSTT: realtimestt - INFO - State changed from 'inactive' to 'listening'
2026-07-21 07:05:39.037 - RealTimeSTT: realtimestt - DEBUG - Waiting for recording start
2026-07-21 07:05:41.475 - RealTimeSTT: realtimestt - INFO - voice activity detected
2026-07-21 07:05:41.475 - RealTimeSTT: realtimestt - INFO - recording started
2026-07-21 07:05:41.475 - RealTimeSTT: realtimestt - INFO - State changed from 'listening' to 'recording'
2026-07-21 07:05:41.475 - RealTimeSTT: realtimestt - DEBUG - Waiting for recording stop
2026-07-21 07:05:44.995 - RealTimeSTT: realtimestt - INFO - recording stopped
2026-07-21 07:05:44.996 - RealTimeSTT: realtimestt - DEBUG - No samples removed, final audio length: 72704
2026-07-21 07:05:44.996 - RealTimeSTT: realtimestt - INFO - State changed from 'recording' to 'inactive'
2026-07-21 07:05:44.996 - RealTimeSTT: realtimestt - INFO - State changed from 'inactive' to 'transcribing'
2026-07-21 07:05:44.996 - RealTimeSTT: realtimestt - DEBUG - Adding transcription request, no early transcription started
2026-07-21 07:05:45.000 - RealTimeSTT: realtimestt - DEBUG - Receive from parent_transcription_pipe after sendiung transcription request, transcribe_count: 1
2026-07-21 07:05:45.101 - RealTimeSTT: realtimestt - DEBUG - Receive from parent_transcription_pipe after sendiung transcription request, transcribe_count: 1
2026-07-21 07:05:45.139 - RealTimeSTT: realtimestt - INFO - State changed from 'transcribing' to 'inactive'
2026-07-21 07:05:45.140 - RealTimeSTT: realtimestt - DEBUG - Model tiny.en completed transcription in 0.14 seconds
2026-07-21 07:05:45.140 - RealTimeSTT: realtimestt - INFO - Setting listen time
2026-07-21 07:05:45.140 - RealTimeSTT: realtimestt - INFO - State changed from 'inactive' to 'listening'
2026-07-21 07:05:45.140 - RealTimeSTT: realtimestt - DEBUG - Waiting for recording start
2026-07-21 07:05:46.405 - RealTimeSTT: realtimestt - INFO - voice activity detected
2026-07-21 07:05:46.405 - RealTimeSTT: realtimestt - INFO - recording started
2026-07-21 07:05:46.406 - RealTimeSTT: realtimestt - INFO - State changed from 'listening' to 'recording'
2026-07-21 07:05:46.406 - RealTimeSTT: realtimestt - DEBUG - Waiting for recording stop
2026-07-21 07:06:02.977 - RealTimeSTT: realtimestt - INFO - recording stopped
2026-07-21 07:06:02.981 - RealTimeSTT: realtimestt - DEBUG - No samples removed, final audio length: 281600
2026-07-21 07:06:02.982 - RealTimeSTT: realtimestt - INFO - State changed from 'recording' to 'inactive'
2026-07-21 07:06:02.982 - RealTimeSTT: realtimestt - INFO - State changed from 'inactive' to 'transcribing'
2026-07-21 07:06:02.982 - RealTimeSTT: realtimestt - DEBUG - Adding transcription request, no early transcription started
2026-07-21 07:06:02.983 - RealTimeSTT: realtimestt - DEBUG - Receive from parent_transcription_pipe after sendiung transcription request, transcribe_count: 1
2026-07-21 07:06:03.084 - RealTimeSTT: realtimestt - DEBUG - Receive from parent_transcription_pipe after sendiung transcription request, transcribe_count: 1
2026-07-21 07:06:03.158 - RealTimeSTT: realtimestt - INFO - State changed from 'transcribing' to 'inactive'
2026-07-21 07:06:03.162 - RealTimeSTT: realtimestt - DEBUG - Model tiny.en completed transcription in 0.18 seconds
2026-07-21 07:06:03.163 - RealTimeSTT: realtimestt - INFO - Setting listen time
2026-07-21 07:06:03.163 - RealTimeSTT: realtimestt - INFO - State changed from 'inactive' to 'listening'
2026-07-21 07:06:03.163 - RealTimeSTT: realtimestt - DEBUG - Waiting for recording start
2026-07-21 07:06:29.668 - RealTimeSTT: realtimestt - INFO - voice activity detected
2026-07-21 07:06:29.668 - RealTimeSTT: realtimestt - INFO - recording started
2026-07-21 07:06:29.668 - RealTimeSTT: realtimestt - INFO - State changed from 'listening' to 'recording'
2026-07-21 07:06:29.668 - RealTimeSTT: realtimestt - DEBUG - Waiting for recording stop
2026-07-21 07:06:31.211 - RealTimeSTT: realtimestt - INFO - recording stopped
2026-07-21 07:06:31.212 - RealTimeSTT: realtimestt - DEBUG - No samples removed, final audio length: 40960
2026-07-21 07:06:31.212 - RealTimeSTT: realtimestt - INFO - State changed from 'recording' to 'inactive'
2026-07-21 07:06:31.212 - RealTimeSTT: realtimestt - INFO - State changed from 'inactive' to 'transcribing'
2026-07-21 07:06:31.212 - RealTimeSTT: realtimestt - DEBUG - Adding transcription request, no early transcription started
2026-07-21 07:06:31.222 - RealTimeSTT: realtimestt - DEBUG - Receive from parent_transcription_pipe after sendiung transcription request, transcribe_count: 1
2026-07-21 07:06:31.322 - RealTimeSTT: realtimestt - DEBUG - Receive from parent_transcription_pipe after sendiung transcription request, transcribe_count: 1
2026-07-21 07:06:31.362 - RealTimeSTT: realtimestt - INFO - State changed from 'transcribing' to 'inactive'
2026-07-21 07:06:31.363 - RealTimeSTT: realtimestt - DEBUG - Model tiny.en completed transcription in 0.15 seconds
2026-07-21 07:06:31.363 - RealTimeSTT: realtimestt - INFO - Setting listen time
2026-07-21 07:06:31.363 - RealTimeSTT: realtimestt - INFO - State changed from 'inactive' to 'listening'
2026-07-21 07:06:31.363 - RealTimeSTT: realtimestt - DEBUG - Waiting for recording start
2026-07-21 07:06:31.908 - RealTimeSTT: realtimestt - INFO - voice activity detected
2026-07-21 07:06:31.909 - RealTimeSTT: realtimestt - INFO - recording started
2026-07-21 07:06:31.909 - RealTimeSTT: realtimestt - INFO - State changed from 'listening' to 'recording'
2026-07-21 07:06:31.909 - RealTimeSTT: realtimestt - DEBUG - Waiting for recording stop
2026-07-21 07:06:33.319 - RealTimeSTT: realtimestt - INFO - recording stopped
2026-07-21 07:06:33.319 - RealTimeSTT: realtimestt - DEBUG - No samples removed, final audio length: 34304
2026-07-21 07:06:33.319 - RealTimeSTT: realtimestt - INFO - State changed from 'recording' to 'inactive'
2026-07-21 07:06:33.320 - RealTimeSTT: realtimestt - INFO - State changed from 'inactive' to 'transcribing'
2026-07-21 07:06:33.320 - RealTimeSTT: realtimestt - DEBUG - Adding transcription request, no early transcription started
2026-07-21 07:06:33.321 - RealTimeSTT: realtimestt - DEBUG - Receive from parent_transcription_pipe after sendiung transcription request, transcribe_count: 1
2026-07-21 07:06:33.422 - RealTimeSTT: realtimestt - DEBUG - Receive from parent_transcription_pipe after sendiung transcription request, transcribe_count: 1
2026-07-21 07:06:33.473 - RealTimeSTT: realtimestt - INFO - State changed from 'transcribing' to 'inactive'
2026-07-21 07:06:33.474 - RealTimeSTT: realtimestt - DEBUG - Model tiny.en completed transcription in 0.15 seconds
2026-07-21 07:06:33.474 - RealTimeSTT: realtimestt - INFO - Setting listen time
2026-07-21 07:06:33.474 - RealTimeSTT: realtimestt - INFO - State changed from 'inactive' to 'listening'
2026-07-21 07:06:33.474 - RealTimeSTT: realtimestt - DEBUG - Waiting for recording start
2026-07-21 07:07:07.492 - RealTimeSTT: realtimestt - INFO - voice activity detected
2026-07-21 07:07:07.492 - RealTimeSTT: realtimestt - INFO - recording started
2026-07-21 07:07:07.492 - RealTimeSTT: realtimestt - INFO - State changed from 'listening' to 'recording'
2026-07-21 07:07:07.492 - RealTimeSTT: realtimestt - DEBUG - Waiting for recording stop
2026-07-21 07:07:19.272 - RealTimeSTT: realtimestt - INFO - recording stopped
2026-07-21 07:07:19.275 - RealTimeSTT: realtimestt - DEBUG - No samples removed, final audio length: 204800
2026-07-21 07:07:19.275 - RealTimeSTT: realtimestt - INFO - State changed from 'recording' to 'inactive'
2026-07-21 07:07:19.275 - RealTimeSTT: realtimestt - INFO - State changed from 'inactive' to 'transcribing'
2026-07-21 07:07:19.275 - RealTimeSTT: realtimestt - DEBUG - Adding transcription request, no early transcription started
2026-07-21 07:07:19.294 - RealTimeSTT: realtimestt - DEBUG - Receive from parent_transcription_pipe after sendiung transcription request, transcribe_count: 1
2026-07-21 07:07:19.394 - RealTimeSTT: realtimestt - DEBUG - Receive from parent_transcription_pipe after sendiung transcription request, transcribe_count: 1
2026-07-21 07:07:19.495 - RealTimeSTT: realtimestt - DEBUG - Receive from parent_transcription_pipe after sendiung transcription request, transcribe_count: 1
2026-07-21 07:07:19.502 - RealTimeSTT: realtimestt - INFO - State changed from 'transcribing' to 'inactive'
2026-07-21 07:07:19.505 - RealTimeSTT: realtimestt - DEBUG - Model tiny.en completed transcription in 0.23 seconds
2026-07-21 07:07:19.505 - RealTimeSTT: realtimestt - INFO - Setting listen time
2026-07-21 07:07:19.506 - RealTimeSTT: realtimestt - INFO - State changed from 'inactive' to 'listening'
2026-07-21 07:07:19.506 - RealTimeSTT: realtimestt - DEBUG - Waiting for recording start
2026-07-21 07:09:53.200 - RealTimeSTT: realtimestt - INFO - voice activity detected
2026-07-21 07:09:53.200 - RealTimeSTT: realtimestt - INFO - recording started
2026-07-21 07:09:53.200 - RealTimeSTT: realtimestt - INFO - State changed from 'listening' to 'recording'
2026-07-21 07:09:53.200 - RealTimeSTT: realtimestt - DEBUG - Waiting for recording stop
2026-07-21 07:09:54.030 - RealTimeSTT: realtimestt - INFO - recording stopped
2026-07-21 07:09:54.031 - RealTimeSTT: realtimestt - DEBUG - No samples removed, final audio length: 29696
2026-07-21 07:09:54.031 - RealTimeSTT: realtimestt - INFO - State changed from 'recording' to 'inactive'
2026-07-21 07:09:54.031 - RealTimeSTT: realtimestt - INFO - State changed from 'inactive' to 'transcribing'
2026-07-21 07:09:54.031 - RealTimeSTT: realtimestt - DEBUG - Adding transcription request, no early transcription started
2026-07-21 07:09:54.034 - RealTimeSTT: realtimestt - DEBUG - Receive from parent_transcription_pipe after sendiung transcription request, transcribe_count: 1
2026-07-21 07:09:54.134 - RealTimeSTT: realtimestt - DEBUG - Receive from parent_transcription_pipe after sendiung transcription request, transcribe_count: 1
2026-07-21 07:09:54.182 - RealTimeSTT: realtimestt - INFO - State changed from 'transcribing' to 'inactive'
2026-07-21 07:09:54.183 - RealTimeSTT: realtimestt - DEBUG - Model tiny.en completed transcription in 0.15 seconds
2026-07-21 07:09:54.183 - RealTimeSTT: realtimestt - INFO - Setting listen time
2026-07-21 07:09:54.183 - RealTimeSTT: realtimestt - INFO - State changed from 'inactive' to 'listening'
2026-07-21 07:09:54.183 - RealTimeSTT: realtimestt - DEBUG - Waiting for recording start
2026-07-21 07:10:04.461 - RealTimeSTT: realtimestt - INFO - voice activity detected
2026-07-21 07:10:04.461 - RealTimeSTT: realtimestt - INFO - recording started
2026-07-21 07:10:04.461 - RealTimeSTT: realtimestt - INFO - State changed from 'listening' to 'recording'
2026-07-21 07:10:04.461 - RealTimeSTT: realtimestt - DEBUG - Waiting for recording stop
2026-07-21 07:10:05.492 - RealTimeSTT: realtimestt - INFO - recording stopped
2026-07-21 07:10:05.492 - RealTimeSTT: realtimestt - DEBUG - No samples removed, final audio length: 32768
2026-07-21 07:10:05.492 - RealTimeSTT: realtimestt - INFO - State changed from 'recording' to 'inactive'
2026-07-21 07:10:05.492 - RealTimeSTT: realtimestt - INFO - State changed from 'inactive' to 'transcribing'
2026-07-21 07:10:05.492 - RealTimeSTT: realtimestt - DEBUG - Adding transcription request, no early transcription started
2026-07-21 07:10:05.499 - RealTimeSTT: realtimestt - DEBUG - Receive from parent_transcription_pipe after sendiung transcription request, transcribe_count: 1
2026-07-21 07:10:05.600 - RealTimeSTT: realtimestt - DEBUG - Receive from parent_transcription_pipe after sendiung transcription request, transcribe_count: 1
2026-07-21 07:10:05.663 - RealTimeSTT: realtimestt - INFO - State changed from 'transcribing' to 'inactive'
2026-07-21 07:10:05.664 - RealTimeSTT: realtimestt - DEBUG - Model tiny.en completed transcription in 0.17 seconds
2026-07-21 07:10:05.664 - RealTimeSTT: realtimestt - INFO - Setting listen time
2026-07-21 07:10:05.664 - RealTimeSTT: realtimestt - INFO - State changed from 'inactive' to 'listening'
2026-07-21 07:10:05.664 - RealTimeSTT: realtimestt - DEBUG - Waiting for recording start
2026-07-21 07:11:07.765 - RealTimeSTT: realtimestt - INFO - voice activity detected
2026-07-21 07:11:07.765 - RealTimeSTT: realtimestt - INFO - recording started
2026-07-21 07:11:07.765 - RealTimeSTT: realtimestt - INFO - State changed from 'listening' to 'recording'
2026-07-21 07:11:07.765 - RealTimeSTT: realtimestt - DEBUG - Waiting for recording stop
2026-07-21 07:11:09.814 - RealTimeSTT: realtimestt - INFO - recording stopped
2026-07-21 07:11:09.815 - RealTimeSTT: realtimestt - DEBUG - No samples removed, final audio length: 49152
2026-07-21 07:11:09.815 - RealTimeSTT: realtimestt - INFO - State changed from 'recording' to 'inactive'
2026-07-21 07:11:09.815 - RealTimeSTT: realtimestt - INFO - State changed from 'inactive' to 'transcribing'
2026-07-21 07:11:09.815 - RealTimeSTT: realtimestt - DEBUG - Adding transcription request, no early transcription started
2026-07-21 07:11:09.819 - RealTimeSTT: realtimestt - DEBUG - Receive from parent_transcription_pipe after sendiung transcription request, transcribe_count: 1
2026-07-21 07:11:09.919 - RealTimeSTT: realtimestt - DEBUG - Receive from parent_transcription_pipe after sendiung transcription request, transcribe_count: 1
2026-07-21 07:11:09.961 - RealTimeSTT: realtimestt - INFO - State changed from 'transcribing' to 'inactive'
2026-07-21 07:11:09.962 - RealTimeSTT: realtimestt - DEBUG - Model tiny.en completed transcription in 0.15 seconds
2026-07-21 07:11:09.962 - RealTimeSTT: realtimestt - INFO - Setting listen time
2026-07-21 07:11:09.962 - RealTimeSTT: realtimestt - INFO - State changed from 'inactive' to 'listening'
2026-07-21 07:11:09.962 - RealTimeSTT: realtimestt - DEBUG - Waiting for recording start
2026-07-21 07:18:22.217 - RealTimeSTT: realtimestt - INFO - voice activity detected
2026-07-21 07:18:22.217 - RealTimeSTT: realtimestt - INFO - recording started
2026-07-21 07:18:22.217 - RealTimeSTT: realtimestt - INFO - State changed from 'listening' to 'recording'
2026-07-21 07:18:22.217 - RealTimeSTT: realtimestt - DEBUG - Waiting for recording stop
2026-07-21 07:18:23.367 - RealTimeSTT: realtimestt - INFO - recording stopped
2026-07-21 07:18:23.368 - RealTimeSTT: realtimestt - DEBUG - No samples removed, final audio length: 34816
2026-07-21 07:18:23.368 - RealTimeSTT: realtimestt - INFO - State changed from 'recording' to 'inactive'
2026-07-21 07:18:23.368 - RealTimeSTT: realtimestt - INFO - State changed from 'inactive' to 'transcribing'
2026-07-21 07:18:23.368 - RealTimeSTT: realtimestt - DEBUG - Adding transcription request, no early transcription started
2026-07-21 07:18:23.384 - RealTimeSTT: realtimestt - DEBUG - Receive from parent_transcription_pipe after sendiung transcription request, transcribe_count: 1
2026-07-21 07:18:23.387 - RealTimeSTT: realtimestt - INFO - State changed from 'transcribing' to 'inactive'
2026-07-21 07:18:23.388 - RealTimeSTT: realtimestt - DEBUG - Model tiny.en completed transcription in 0.02 seconds
2026-07-21 07:18:23.388 - RealTimeSTT: realtimestt - INFO - Setting listen time
2026-07-21 07:18:23.388 - RealTimeSTT: realtimestt - INFO - State changed from 'inactive' to 'listening'
2026-07-21 07:18:23.388 - RealTimeSTT: realtimestt - DEBUG - Waiting for recording start
2026-07-21 07:18:24.207 - RealTimeSTT: realtimestt - INFO - voice activity detected
2026-07-21 07:18:24.207 - RealTimeSTT: realtimestt - INFO - recording started
2026-07-21 07:18:24.207 - RealTimeSTT: realtimestt - INFO - State changed from 'listening' to 'recording'
2026-07-21 07:18:24.207 - RealTimeSTT: realtimestt - DEBUG - Waiting for recording stop
2026-07-21 07:18:29.198 - RealTimeSTT: realtimestt - INFO - recording stopped
2026-07-21 07:18:29.199 - RealTimeSTT: realtimestt - DEBUG - No samples removed, final audio length: 93696
2026-07-21 07:18:29.199 - RealTimeSTT: realtimestt - INFO - State changed from 'recording' to 'inactive'
2026-07-21 07:18:29.199 - RealTimeSTT: realtimestt - INFO - State changed from 'inactive' to 'transcribing'
2026-07-21 07:18:29.199 - RealTimeSTT: realtimestt - DEBUG - Adding transcription request, no early transcription started
2026-07-21 07:18:29.199 - RealTimeSTT: realtimestt - DEBUG - Receive from parent_transcription_pipe after sendiung transcription request, transcribe_count: 1
2026-07-21 07:18:29.206 - RealTimeSTT: realtimestt - INFO - State changed from 'transcribing' to 'inactive'
2026-07-21 07:18:29.207 - RealTimeSTT: realtimestt - DEBUG - Model tiny.en completed transcription in 0.01 seconds
2026-07-21 07:18:29.207 - RealTimeSTT: realtimestt - INFO - Setting listen time
2026-07-21 07:18:29.207 - RealTimeSTT: realtimestt - INFO - State changed from 'inactive' to 'listening'
2026-07-21 07:18:29.207 - RealTimeSTT: realtimestt - DEBUG - Waiting for recording start
2026-07-21 07:18:35.528 - RealTimeSTT: realtimestt - INFO - voice activity detected
2026-07-21 07:18:35.528 - RealTimeSTT: realtimestt - INFO - recording started
2026-07-21 07:18:35.528 - RealTimeSTT: realtimestt - INFO - State changed from 'listening' to 'recording'
2026-07-21 07:18:35.528 - RealTimeSTT: realtimestt - DEBUG - Waiting for recording stop
2026-07-21 07:18:38.218 - RealTimeSTT: realtimestt - INFO - recording stopped
2026-07-21 07:18:38.219 - RealTimeSTT: realtimestt - DEBUG - No samples removed, final audio length: 59392
2026-07-21 07:18:38.219 - RealTimeSTT: realtimestt - INFO - State changed from 'recording' to 'inactive'
2026-07-21 07:18:38.219 - RealTimeSTT: realtimestt - INFO - State changed from 'inactive' to 'transcribing'
2026-07-21 07:18:38.219 - RealTimeSTT: realtimestt - DEBUG - Adding transcription request, no early transcription started
2026-07-21 07:18:38.233 - RealTimeSTT: realtimestt - DEBUG - Receive from parent_transcription_pipe after sendiung transcription request, transcribe_count: 1
2026-07-21 07:18:38.334 - RealTimeSTT: realtimestt - DEBUG - Receive from parent_transcription_pipe after sendiung transcription request, transcribe_count: 1
2026-07-21 07:18:38.391 - RealTimeSTT: realtimestt - INFO - State changed from 'transcribing' to 'inactive'
2026-07-21 07:18:38.392 - RealTimeSTT: realtimestt - DEBUG - Model tiny.en completed transcription in 0.17 seconds
2026-07-21 07:18:38.392 - RealTimeSTT: realtimestt - INFO - Setting listen time
2026-07-21 07:18:38.392 - RealTimeSTT: realtimestt - INFO - State changed from 'inactive' to 'listening'
2026-07-21 07:18:38.392 - RealTimeSTT: realtimestt - DEBUG - Waiting for recording start
2026-07-21 07:18:38.859 - RealTimeSTT: realtimestt - INFO - voice activity detected
2026-07-21 07:18:38.859 - RealTimeSTT: realtimestt - INFO - recording started
2026-07-21 07:18:38.859 - RealTimeSTT: realtimestt - INFO - State changed from 'listening' to 'recording'
2026-07-21 07:18:38.859 - RealTimeSTT: realtimestt - DEBUG - Waiting for recording stop
2026-07-21 07:18:41.038 - RealTimeSTT: realtimestt - INFO - recording stopped
2026-07-21 07:18:41.039 - RealTimeSTT: realtimestt - DEBUG - No samples removed, final audio length: 45568
2026-07-21 07:18:41.039 - RealTimeSTT: realtimestt - INFO - State changed from 'recording' to 'inactive'
2026-07-21 07:18:41.039 - RealTimeSTT: realtimestt - INFO - State changed from 'inactive' to 'transcribing'
2026-07-21 07:18:41.039 - RealTimeSTT: realtimestt - DEBUG - Adding transcription request, no early transcription started
2026-07-21 07:18:41.039 - RealTimeSTT: realtimestt - DEBUG - Receive from parent_transcription_pipe after sendiung transcription request, transcribe_count: 1
2026-07-21 07:18:41.140 - RealTimeSTT: realtimestt - DEBUG - Receive from parent_transcription_pipe after sendiung transcription request, transcribe_count: 1
2026-07-21 07:18:41.196 - RealTimeSTT: realtimestt - INFO - State changed from 'transcribing' to 'inactive'
2026-07-21 07:18:41.197 - RealTimeSTT: realtimestt - DEBUG - Model tiny.en completed transcription in 0.16 seconds
2026-07-21 07:18:41.197 - RealTimeSTT: realtimestt - INFO - Setting listen time
2026-07-21 07:18:41.197 - RealTimeSTT: realtimestt - INFO - State changed from 'inactive' to 'listening'
2026-07-21 07:18:41.197 - RealTimeSTT: realtimestt - DEBUG - Waiting for recording start
2026-07-21 07:18:55.689 - RealTimeSTT: realtimestt - INFO - voice activity detected
2026-07-21 07:18:55.689 - RealTimeSTT: realtimestt - INFO - recording started
2026-07-21 07:18:55.689 - RealTimeSTT: realtimestt - INFO - State changed from 'listening' to 'recording'
2026-07-21 07:18:55.689 - RealTimeSTT: realtimestt - DEBUG - Waiting for recording stop
2026-07-21 07:18:59.339 - RealTimeSTT: realtimestt - INFO - recording stopped
2026-07-21 07:18:59.340 - RealTimeSTT: realtimestt - DEBUG - No samples removed, final audio length: 74752
2026-07-21 07:18:59.340 - RealTimeSTT: realtimestt - INFO - State changed from 'recording' to 'inactive'
2026-07-21 07:18:59.340 - RealTimeSTT: realtimestt - INFO - State changed from 'inactive' to 'transcribing'
2026-07-21 07:18:59.340 - RealTimeSTT: realtimestt - DEBUG - Adding transcription request, no early transcription started
2026-07-21 07:18:59.359 - RealTimeSTT: realtimestt - DEBUG - Receive from parent_transcription_pipe after sendiung transcription request, transcribe_count: 1
2026-07-21 07:18:59.460 - RealTimeSTT: realtimestt - DEBUG - Receive from parent_transcription_pipe after sendiung transcription request, transcribe_count: 1
2026-07-21 07:18:59.519 - RealTimeSTT: realtimestt - INFO - State changed from 'transcribing' to 'inactive'
2026-07-21 07:18:59.520 - RealTimeSTT: realtimestt - DEBUG - Model tiny.en completed transcription in 0.18 seconds
2026-07-21 07:18:59.520 - RealTimeSTT: realtimestt - INFO - Setting listen time
2026-07-21 07:18:59.520 - RealTimeSTT: realtimestt - INFO - State changed from 'inactive' to 'listening'
2026-07-21 07:18:59.520 - RealTimeSTT: realtimestt - DEBUG - Waiting for recording start
2026-07-21 07:19:15.470 - RealTimeSTT: realtimestt - INFO - voice activity detected
2026-07-21 07:19:15.470 - RealTimeSTT: realtimestt - INFO - recording started
2026-07-21 07:19:15.470 - RealTimeSTT: realtimestt - INFO - State changed from 'listening' to 'recording'
2026-07-21 07:19:15.470 - RealTimeSTT: realtimestt - DEBUG - Waiting for recording stop
2026-07-21 07:19:16.301 - RealTimeSTT: realtimestt - INFO - recording stopped
2026-07-21 07:19:16.301 - RealTimeSTT: realtimestt - DEBUG - No samples removed, final audio length: 29696
2026-07-21 07:19:16.302 - RealTimeSTT: realtimestt - INFO - State changed from 'recording' to 'inactive'
2026-07-21 07:19:16.302 - RealTimeSTT: realtimestt - INFO - State changed from 'inactive' to 'transcribing'
2026-07-21 07:19:16.302 - RealTimeSTT: realtimestt - DEBUG - Adding transcription request, no early transcription started
2026-07-21 07:19:16.320 - RealTimeSTT: realtimestt - DEBUG - Receive from parent_transcription_pipe after sendiung transcription request, transcribe_count: 1
2026-07-21 07:19:16.323 - RealTimeSTT: realtimestt - INFO - State changed from 'transcribing' to 'inactive'
2026-07-21 07:19:16.323 - RealTimeSTT: realtimestt - DEBUG - Model tiny.en completed transcription in 0.02 seconds
2026-07-21 07:19:16.323 - RealTimeSTT: realtimestt - INFO - Setting listen time
2026-07-21 07:19:16.323 - RealTimeSTT: realtimestt - INFO - State changed from 'inactive' to 'listening'
2026-07-21 07:19:16.323 - RealTimeSTT: realtimestt - DEBUG - Waiting for recording start
2026-07-21 07:19:31.341 - RealTimeSTT: realtimestt - INFO - voice activity detected
2026-07-21 07:19:31.341 - RealTimeSTT: realtimestt - INFO - recording started
2026-07-21 07:19:31.341 - RealTimeSTT: realtimestt - INFO - State changed from 'listening' to 'recording'
2026-07-21 07:19:31.341 - RealTimeSTT: realtimestt - DEBUG - Waiting for recording stop
2026-07-21 07:19:33.391 - RealTimeSTT: realtimestt - INFO - recording stopped
2026-07-21 07:19:33.392 - RealTimeSTT: realtimestt - DEBUG - No samples removed, final audio length: 49152
2026-07-21 07:19:33.392 - RealTimeSTT: realtimestt - INFO - State changed from 'recording' to 'inactive'
2026-07-21 07:19:33.392 - RealTimeSTT: realtimestt - INFO - State changed from 'inactive' to 'transcribing'
2026-07-21 07:19:33.392 - RealTimeSTT: realtimestt - DEBUG - Adding transcription request, no early transcription started
2026-07-21 07:19:33.409 - RealTimeSTT: realtimestt - DEBUG - Receive from parent_transcription_pipe after sendiung transcription request, transcribe_count: 1
2026-07-21 07:19:33.509 - RealTimeSTT: realtimestt - DEBUG - Receive from parent_transcription_pipe after sendiung transcription request, transcribe_count: 1
2026-07-21 07:19:33.558 - RealTimeSTT: realtimestt - INFO - State changed from 'transcribing' to 'inactive'
2026-07-21 07:19:33.559 - RealTimeSTT: realtimestt - DEBUG - Model tiny.en completed transcription in 0.17 seconds
2026-07-21 07:19:33.559 - RealTimeSTT: realtimestt - INFO - Setting listen time
2026-07-21 07:19:33.559 - RealTimeSTT: realtimestt - INFO - State changed from 'inactive' to 'listening'
2026-07-21 07:19:33.559 - RealTimeSTT: realtimestt - DEBUG - Waiting for recording start
2026-07-21 07:19:40.241 - RealTimeSTT: realtimestt - INFO - voice activity detected
2026-07-21 07:19:40.241 - RealTimeSTT: realtimestt - INFO - recording started
2026-07-21 07:19:40.241 - RealTimeSTT: realtimestt - INFO - State changed from 'listening' to 'recording'
2026-07-21 07:19:40.241 - RealTimeSTT: realtimestt - DEBUG - Waiting for recording stop
2026-07-21 07:19:41.581 - RealTimeSTT: realtimestt - INFO - recording stopped
2026-07-21 07:19:41.582 - RealTimeSTT: realtimestt - DEBUG - No samples removed, final audio length: 37888
2026-07-21 07:19:41.582 - RealTimeSTT: realtimestt - INFO - State changed from 'recording' to 'inactive'
2026-07-21 07:19:41.582 - RealTimeSTT: realtimestt - INFO - State changed from 'inactive' to 'transcribing'
2026-07-21 07:19:41.582 - RealTimeSTT: realtimestt - DEBUG - Adding transcription request, no early transcription started
2026-07-21 07:19:41.594 - RealTimeSTT: realtimestt - DEBUG - Receive from parent_transcription_pipe after sendiung transcription request, transcribe_count: 1
2026-07-21 07:19:41.694 - RealTimeSTT: realtimestt - DEBUG - Receive from parent_transcription_pipe after sendiung transcription request, transcribe_count: 1
2026-07-21 07:19:41.734 - RealTimeSTT: realtimestt - INFO - State changed from 'transcribing' to 'inactive'
2026-07-21 07:19:41.735 - RealTimeSTT: realtimestt - DEBUG - Model tiny.en completed transcription in 0.15 seconds
2026-07-21 07:19:41.735 - RealTimeSTT: realtimestt - INFO - Setting listen time
2026-07-21 07:19:41.735 - RealTimeSTT: realtimestt - INFO - State changed from 'inactive' to 'listening'
2026-07-21 07:19:41.735 - RealTimeSTT: realtimestt - DEBUG - Waiting for recording start
2026-07-21 07:19:49.582 - RealTimeSTT: realtimestt - INFO - voice activity detected
2026-07-21 07:19:49.582 - RealTimeSTT: realtimestt - INFO - recording started
2026-07-21 07:19:49.582 - RealTimeSTT: realtimestt - INFO - State changed from 'listening' to 'recording'
2026-07-21 07:19:49.582 - RealTimeSTT: realtimestt - DEBUG - Waiting for recording stop
2026-07-21 07:19:52.012 - RealTimeSTT: realtimestt - INFO - recording stopped
2026-07-21 07:19:52.013 - RealTimeSTT: realtimestt - DEBUG - No samples removed, final audio length: 55296
2026-07-21 07:19:52.013 - RealTimeSTT: realtimestt - INFO - State changed from 'recording' to 'inactive'
2026-07-21 07:19:52.013 - RealTimeSTT: realtimestt - INFO - State changed from 'inactive' to 'transcribing'
2026-07-21 07:19:52.013 - RealTimeSTT: realtimestt - DEBUG - Adding transcription request, no early transcription started
2026-07-21 07:19:52.025 - RealTimeSTT: realtimestt - DEBUG - Receive from parent_transcription_pipe after sendiung transcription request, transcribe_count: 1
2026-07-21 07:19:52.126 - RealTimeSTT: realtimestt - DEBUG - Receive from parent_transcription_pipe after sendiung transcription request, transcribe_count: 1
2026-07-21 07:19:52.171 - RealTimeSTT: realtimestt - INFO - State changed from 'transcribing' to 'inactive'
2026-07-21 07:19:52.172 - RealTimeSTT: realtimestt - DEBUG - Model tiny.en completed transcription in 0.16 seconds
2026-07-21 07:19:52.172 - RealTimeSTT: realtimestt - INFO - Setting listen time
2026-07-21 07:19:52.172 - RealTimeSTT: realtimestt - INFO - State changed from 'inactive' to 'listening'
2026-07-21 07:19:52.172 - RealTimeSTT: realtimestt - DEBUG - Waiting for recording start
2026-07-21 07:28:03.555 - RealTimeSTT: realtimestt - INFO - voice activity detected
2026-07-21 07:28:03.555 - RealTimeSTT: realtimestt - INFO - recording started
2026-07-21 07:28:03.555 - RealTimeSTT: realtimestt - INFO - State changed from 'listening' to 'recording'
2026-07-21 07:28:03.556 - RealTimeSTT: realtimestt - DEBUG - Waiting for recording stop
2026-07-21 07:28:05.225 - RealTimeSTT: realtimestt - INFO - recording stopped
2026-07-21 07:28:05.226 - RealTimeSTT: realtimestt - DEBUG - No samples removed, final audio length: 43008
2026-07-21 07:28:05.226 - RealTimeSTT: realtimestt - INFO - State changed from 'recording' to 'inactive'
2026-07-21 07:28:05.226 - RealTimeSTT: realtimestt - INFO - State changed from 'inactive' to 'transcribing'
2026-07-21 07:28:05.226 - RealTimeSTT: realtimestt - DEBUG - Adding transcription request, no early transcription started
2026-07-21 07:28:05.242 - RealTimeSTT: realtimestt - DEBUG - Receive from parent_transcription_pipe after sendiung transcription request, transcribe_count: 1
2026-07-21 07:28:05.342 - RealTimeSTT: realtimestt - DEBUG - Receive from parent_transcription_pipe after sendiung transcription request, transcribe_count: 1
2026-07-21 07:28:05.406 - RealTimeSTT: realtimestt - INFO - State changed from 'transcribing' to 'inactive'
2026-07-21 07:28:05.407 - RealTimeSTT: realtimestt - DEBUG - Model tiny.en completed transcription in 0.18 seconds
2026-07-21 07:28:05.407 - RealTimeSTT: realtimestt - INFO - Setting listen time
2026-07-21 07:28:05.407 - RealTimeSTT: realtimestt - INFO - State changed from 'inactive' to 'listening'
2026-07-21 07:28:05.407 - RealTimeSTT: realtimestt - DEBUG - Waiting for recording start
2026-07-21 07:28:06.636 - RealTimeSTT: realtimestt - INFO - voice activity detected
2026-07-21 07:28:06.636 - RealTimeSTT: realtimestt - INFO - recording started
2026-07-21 07:28:06.636 - RealTimeSTT: realtimestt - INFO - State changed from 'listening' to 'recording'
2026-07-21 07:28:06.636 - RealTimeSTT: realtimestt - DEBUG - Waiting for recording stop
2026-07-21 07:28:07.526 - RealTimeSTT: realtimestt - INFO - recording stopped
2026-07-21 07:28:07.526 - RealTimeSTT: realtimestt - DEBUG - No samples removed, final audio length: 30720
2026-07-21 07:28:07.526 - RealTimeSTT: realtimestt - INFO - State changed from 'recording' to 'inactive'
2026-07-21 07:28:07.526 - RealTimeSTT: realtimestt - INFO - State changed from 'inactive' to 'transcribing'
2026-07-21 07:28:07.526 - RealTimeSTT: realtimestt - DEBUG - Adding transcription request, no early transcription started
2026-07-21 07:28:07.531 - RealTimeSTT: realtimestt - DEBUG - Receive from parent_transcription_pipe after sendiung transcription request, transcribe_count: 1
2026-07-21 07:28:07.631 - RealTimeSTT: realtimestt - DEBUG - Receive from parent_transcription_pipe after sendiung transcription request, transcribe_count: 1
2026-07-21 07:28:07.690 - RealTimeSTT: realtimestt - INFO - State changed from 'transcribing' to 'inactive'
2026-07-21 07:28:07.690 - RealTimeSTT: realtimestt - DEBUG - Model tiny.en completed transcription in 0.16 seconds
2026-07-21 07:28:07.690 - RealTimeSTT: realtimestt - INFO - Setting listen time
2026-07-21 07:28:07.691 - RealTimeSTT: realtimestt - INFO - State changed from 'inactive' to 'listening'
2026-07-21 07:28:07.691 - RealTimeSTT: realtimestt - DEBUG - Waiting for recording start
2026-07-21 07:28:15.336 - RealTimeSTT: realtimestt - INFO - voice activity detected
2026-07-21 07:28:15.336 - RealTimeSTT: realtimestt - INFO - recording started
2026-07-21 07:28:15.336 - RealTimeSTT: realtimestt - INFO - State changed from 'listening' to 'recording'
2026-07-21 07:28:15.336 - RealTimeSTT: realtimestt - DEBUG - Waiting for recording stop
2026-07-21 07:28:17.577 - RealTimeSTT: realtimestt - INFO - recording stopped
2026-07-21 07:28:17.578 - RealTimeSTT: realtimestt - DEBUG - No samples removed, final audio length: 52224
2026-07-21 07:28:17.578 - RealTimeSTT: realtimestt - INFO - State changed from 'recording' to 'inactive'
2026-07-21 07:28:17.578 - RealTimeSTT: realtimestt - INFO - State changed from 'inactive' to 'transcribing'
2026-07-21 07:28:17.578 - RealTimeSTT: realtimestt - DEBUG - Adding transcription request, no early transcription started
2026-07-21 07:28:17.598 - RealTimeSTT: realtimestt - DEBUG - Receive from parent_transcription_pipe after sendiung transcription request, transcribe_count: 1
2026-07-21 07:28:17.699 - RealTimeSTT: realtimestt - DEBUG - Receive from parent_transcription_pipe after sendiung transcription request, transcribe_count: 1
2026-07-21 07:28:17.754 - RealTimeSTT: realtimestt - INFO - State changed from 'transcribing' to 'inactive'
2026-07-21 07:28:17.754 - RealTimeSTT: realtimestt - DEBUG - Model tiny.en completed transcription in 0.18 seconds
2026-07-21 07:28:17.755 - RealTimeSTT: realtimestt - INFO - Setting listen time
2026-07-21 07:28:17.755 - RealTimeSTT: realtimestt - INFO - State changed from 'inactive' to 'listening'
2026-07-21 07:28:17.755 - RealTimeSTT: realtimestt - DEBUG - Waiting for recording start
2026-07-21 07:29:22.798 - RealTimeSTT: realtimestt - INFO - voice activity detected
2026-07-21 07:29:22.798 - RealTimeSTT: realtimestt - INFO - recording started
2026-07-21 07:29:22.799 - RealTimeSTT: realtimestt - INFO - State changed from 'listening' to 'recording'
2026-07-21 07:29:22.799 - RealTimeSTT: realtimestt - DEBUG - Waiting for recording stop
2026-07-21 07:29:28.679 - RealTimeSTT: realtimestt - INFO - recording stopped
2026-07-21 07:29:28.680 - RealTimeSTT: realtimestt - DEBUG - No samples removed, final audio length: 110592
2026-07-21 07:29:28.681 - RealTimeSTT: realtimestt - INFO - State changed from 'recording' to 'inactive'
2026-07-21 07:29:28.681 - RealTimeSTT: realtimestt - INFO - State changed from 'inactive' to 'transcribing'
2026-07-21 07:29:28.681 - RealTimeSTT: realtimestt - DEBUG - Adding transcription request, no early transcription started
2026-07-21 07:29:28.684 - RealTimeSTT: realtimestt - DEBUG - Receive from parent_transcription_pipe after sendiung transcription request, transcribe_count: 1
2026-07-21 07:29:28.692 - RealTimeSTT: realtimestt - INFO - State changed from 'transcribing' to 'inactive'
2026-07-21 07:29:28.693 - RealTimeSTT: realtimestt - DEBUG - Model tiny.en completed transcription in 0.01 seconds
2026-07-21 07:29:28.693 - RealTimeSTT: realtimestt - INFO - Setting listen time
2026-07-21 07:29:28.693 - RealTimeSTT: realtimestt - INFO - State changed from 'inactive' to 'listening'
2026-07-21 07:29:28.693 - RealTimeSTT: realtimestt - DEBUG - Waiting for recording start
2026-07-21 07:29:44.359 - RealTimeSTT: realtimestt - INFO - voice activity detected
2026-07-21 07:29:44.359 - RealTimeSTT: realtimestt - INFO - recording started
2026-07-21 07:29:44.359 - RealTimeSTT: realtimestt - INFO - State changed from 'listening' to 'recording'
2026-07-21 07:29:44.360 - RealTimeSTT: realtimestt - DEBUG - Waiting for recording stop
2026-07-21 07:29:44.999 - RealTimeSTT: realtimestt - INFO - recording stopped
2026-07-21 07:29:45.000 - RealTimeSTT: realtimestt - DEBUG - No samples removed, final audio length: 26624
2026-07-21 07:29:45.000 - RealTimeSTT: realtimestt - INFO - State changed from 'recording' to 'inactive'
2026-07-21 07:29:45.000 - RealTimeSTT: realtimestt - INFO - State changed from 'inactive' to 'transcribing'
2026-07-21 07:29:45.000 - RealTimeSTT: realtimestt - DEBUG - Adding transcription request, no early transcription started
2026-07-21 07:29:45.003 - RealTimeSTT: realtimestt - DEBUG - Receive from parent_transcription_pipe after sendiung transcription request, transcribe_count: 1
2026-07-21 07:29:45.003 - RealTimeSTT: realtimestt - INFO - State changed from 'transcribing' to 'inactive'
2026-07-21 07:29:45.003 - RealTimeSTT: realtimestt - DEBUG - Model tiny.en completed transcription in 0.00 seconds
2026-07-21 07:29:45.004 - RealTimeSTT: realtimestt - INFO - Setting listen time
2026-07-21 07:29:45.004 - RealTimeSTT: realtimestt - INFO - State changed from 'inactive' to 'listening'
2026-07-21 07:29:45.004 - RealTimeSTT: realtimestt - DEBUG - Waiting for recording start
2026-07-21 07:29:46.479 - RealTimeSTT: realtimestt - INFO - voice activity detected
2026-07-21 07:29:46.479 - RealTimeSTT: realtimestt - INFO - recording started
2026-07-21 07:29:46.479 - RealTimeSTT: realtimestt - INFO - State changed from 'listening' to 'recording'
2026-07-21 07:29:46.480 - RealTimeSTT: realtimestt - DEBUG - Waiting for recording stop
2026-07-21 07:29:47.120 - RealTimeSTT: realtimestt - INFO - recording stopped
2026-07-21 07:29:47.121 - RealTimeSTT: realtimestt - DEBUG - No samples removed, final audio length: 26624
2026-07-21 07:29:47.121 - RealTimeSTT: realtimestt - INFO - State changed from 'recording' to 'inactive'
2026-07-21 07:29:47.121 - RealTimeSTT: realtimestt - INFO - State changed from 'inactive' to 'transcribing'
2026-07-21 07:29:47.121 - RealTimeSTT: realtimestt - DEBUG - Adding transcription request, no early transcription started
2026-07-21 07:29:47.124 - RealTimeSTT: realtimestt - DEBUG - Receive from parent_transcription_pipe after sendiung transcription request, transcribe_count: 1
2026-07-21 07:29:47.225 - RealTimeSTT: realtimestt - DEBUG - Receive from parent_transcription_pipe after sendiung transcription request, transcribe_count: 1
2026-07-21 07:29:47.255 - RealTimeSTT: realtimestt - INFO - State changed from 'transcribing' to 'inactive'
2026-07-21 07:29:47.256 - RealTimeSTT: realtimestt - DEBUG - Model tiny.en completed transcription in 0.14 seconds
2026-07-21 07:29:47.256 - RealTimeSTT: realtimestt - INFO - Setting listen time
2026-07-21 07:29:47.256 - RealTimeSTT: realtimestt - INFO - State changed from 'inactive' to 'listening'
2026-07-21 07:29:47.256 - RealTimeSTT: realtimestt - DEBUG - Waiting for recording start
2026-07-21 07:37:47.139 - RealTimeSTT: realtimestt - INFO - voice activity detected
2026-07-21 07:37:47.139 - RealTimeSTT: realtimestt - INFO - recording started
2026-07-21 07:37:47.139 - RealTimeSTT: realtimestt - INFO - State changed from 'listening' to 'recording'
2026-07-21 07:37:47.139 - RealTimeSTT: realtimestt - DEBUG - Waiting for recording stop
2026-07-21 07:37:55.579 - RealTimeSTT: realtimestt - INFO - recording stopped
2026-07-21 07:37:55.581 - RealTimeSTT: realtimestt - DEBUG - No samples removed, final audio length: 151552
2026-07-21 07:37:55.582 - RealTimeSTT: realtimestt - INFO - State changed from 'recording' to 'inactive'
2026-07-21 07:37:55.582 - RealTimeSTT: realtimestt - INFO - State changed from 'inactive' to 'transcribing'
2026-07-21 07:37:55.582 - RealTimeSTT: realtimestt - DEBUG - Adding transcription request, no early transcription started
2026-07-21 07:37:55.597 - RealTimeSTT: realtimestt - DEBUG - Receive from parent_transcription_pipe after sendiung transcription request, transcribe_count: 1
2026-07-21 07:37:55.607 - RealTimeSTT: realtimestt - INFO - State changed from 'transcribing' to 'inactive'
2026-07-21 07:37:55.608 - RealTimeSTT: realtimestt - DEBUG - Model tiny.en completed transcription in 0.03 seconds
2026-07-21 07:37:55.608 - RealTimeSTT: realtimestt - INFO - Setting listen time
2026-07-21 07:37:55.608 - RealTimeSTT: realtimestt - INFO - State changed from 'inactive' to 'listening'
2026-07-21 07:37:55.608 - RealTimeSTT: realtimestt - DEBUG - Waiting for recording start
2026-07-21 09:34:48.270 - RealTimeSTT: realtimestt - INFO - voice activity detected
2026-07-21 09:34:48.270 - RealTimeSTT: realtimestt - INFO - recording started
2026-07-21 09:34:48.270 - RealTimeSTT: realtimestt - INFO - State changed from 'listening' to 'recording'
2026-07-21 09:34:48.271 - RealTimeSTT: realtimestt - DEBUG - Waiting for recording stop
2026-07-21 09:34:49.230 - RealTimeSTT: realtimestt - INFO - recording stopped
2026-07-21 09:34:49.231 - RealTimeSTT: realtimestt - DEBUG - No samples removed, final audio length: 31744
2026-07-21 09:34:49.231 - RealTimeSTT: realtimestt - INFO - State changed from 'recording' to 'inactive'
2026-07-21 09:34:49.231 - RealTimeSTT: realtimestt - INFO - State changed from 'inactive' to 'transcribing'
2026-07-21 09:34:49.231 - RealTimeSTT: realtimestt - DEBUG - Adding transcription request, no early transcription started
2026-07-21 09:34:49.232 - RealTimeSTT: realtimestt - DEBUG - Receive from parent_transcription_pipe after sendiung transcription request, transcribe_count: 1
2026-07-21 09:34:49.234 - RealTimeSTT: realtimestt - INFO - State changed from 'transcribing' to 'inactive'
2026-07-21 09:34:49.235 - RealTimeSTT: realtimestt - DEBUG - Model tiny.en completed transcription in 0.00 seconds
2026-07-21 09:34:49.235 - RealTimeSTT: realtimestt - INFO - Setting listen time
2026-07-21 09:34:49.235 - RealTimeSTT: realtimestt - INFO - State changed from 'inactive' to 'listening'
2026-07-21 09:34:49.235 - RealTimeSTT: realtimestt - DEBUG - Waiting for recording start
2026-07-21 10:47:15.575 - RealTimeSTT: realtimestt - INFO - voice activity detected
2026-07-21 10:47:15.575 - RealTimeSTT: realtimestt - INFO - recording started
2026-07-21 10:47:15.576 - RealTimeSTT: realtimestt - INFO - State changed from 'listening' to 'recording'
2026-07-21 10:47:15.576 - RealTimeSTT: realtimestt - DEBUG - Waiting for recording stop
2026-07-21 10:47:19.675 - RealTimeSTT: realtimestt - INFO - recording stopped
2026-07-21 10:47:19.677 - RealTimeSTT: realtimestt - DEBUG - No samples removed, final audio length: 81920
2026-07-21 10:47:19.677 - RealTimeSTT: realtimestt - INFO - State changed from 'recording' to 'inactive'
2026-07-21 10:47:19.677 - RealTimeSTT: realtimestt - INFO - State changed from 'inactive' to 'transcribing'
2026-07-21 10:47:19.677 - RealTimeSTT: realtimestt - DEBUG - Adding transcription request, no early transcription started
2026-07-21 10:47:19.687 - RealTimeSTT: realtimestt - DEBUG - Receive from parent_transcription_pipe after sendiung transcription request, transcribe_count: 1
2026-07-21 10:47:19.693 - RealTimeSTT: realtimestt - INFO - State changed from 'transcribing' to 'inactive'
2026-07-21 10:47:19.694 - RealTimeSTT: realtimestt - DEBUG - Model tiny.en completed transcription in 0.02 seconds
2026-07-21 10:47:19.694 - RealTimeSTT: realtimestt - INFO - Setting listen time
2026-07-21 10:47:19.694 - RealTimeSTT: realtimestt - INFO - State changed from 'inactive' to 'listening'
2026-07-21 10:47:19.694 - RealTimeSTT: realtimestt - DEBUG - Waiting for recording start
2026-07-21 11:10:18.438 - RealTimeSTT: realtimestt - INFO - voice activity detected
2026-07-21 11:10:18.438 - RealTimeSTT: realtimestt - INFO - recording started
2026-07-21 11:10:18.438 - RealTimeSTT: realtimestt - INFO - State changed from 'listening' to 'recording'
2026-07-21 11:10:18.438 - RealTimeSTT: realtimestt - DEBUG - Waiting for recording stop
2026-07-21 11:10:29.579 - RealTimeSTT: realtimestt - INFO - recording stopped
2026-07-21 11:10:29.582 - RealTimeSTT: realtimestt - DEBUG - No samples removed, final audio length: 194560
2026-07-21 11:10:29.582 - RealTimeSTT: realtimestt - INFO - State changed from 'recording' to 'inactive'
2026-07-21 11:10:29.582 - RealTimeSTT: realtimestt - INFO - State changed from 'inactive' to 'transcribing'
2026-07-21 11:10:29.582 - RealTimeSTT: realtimestt - DEBUG - Adding transcription request, no early transcription started
2026-07-21 11:10:29.587 - RealTimeSTT: realtimestt - DEBUG - Receive from parent_transcription_pipe after sendiung transcription request, transcribe_count: 1
2026-07-21 11:10:29.687 - RealTimeSTT: realtimestt - DEBUG - Receive from parent_transcription_pipe after sendiung transcription request, transcribe_count: 1
2026-07-21 11:10:29.737 - RealTimeSTT: realtimestt - INFO - State changed from 'transcribing' to 'inactive'
2026-07-21 11:10:29.739 - RealTimeSTT: realtimestt - DEBUG - Model tiny.en completed transcription in 0.16 seconds
2026-07-21 11:10:29.740 - RealTimeSTT: realtimestt - INFO - Setting listen time
2026-07-21 11:10:29.740 - RealTimeSTT: realtimestt - INFO - State changed from 'inactive' to 'listening'
2026-07-21 11:10:29.740 - RealTimeSTT: realtimestt - DEBUG - Waiting for recording start
2026-07-21 12:55:27.935 - RealTimeSTT: realtimestt - INFO - voice activity detected
2026-07-21 12:55:27.935 - RealTimeSTT: realtimestt - INFO - recording started
2026-07-21 12:55:27.935 - RealTimeSTT: realtimestt - INFO - State changed from 'listening' to 'recording'
2026-07-21 12:55:27.935 - RealTimeSTT: realtimestt - DEBUG - Waiting for recording stop
2026-07-21 12:55:29.405 - RealTimeSTT: realtimestt - INFO - recording stopped
2026-07-21 12:55:29.406 - RealTimeSTT: realtimestt - DEBUG - No samples removed, final audio length: 39936
2026-07-21 12:55:29.406 - RealTimeSTT: realtimestt - INFO - State changed from 'recording' to 'inactive'
2026-07-21 12:55:29.406 - RealTimeSTT: realtimestt - INFO - State changed from 'inactive' to 'transcribing'
2026-07-21 12:55:29.406 - RealTimeSTT: realtimestt - DEBUG - Adding transcription request, no early transcription started
2026-07-21 12:55:29.423 - RealTimeSTT: realtimestt - DEBUG - Receive from parent_transcription_pipe after sendiung transcription request, transcribe_count: 1
2026-07-21 12:55:29.524 - RealTimeSTT: realtimestt - DEBUG - Receive from parent_transcription_pipe after sendiung transcription request, transcribe_count: 1
2026-07-21 12:55:29.557 - RealTimeSTT: realtimestt - INFO - State changed from 'transcribing' to 'inactive'
2026-07-21 12:55:29.558 - RealTimeSTT: realtimestt - DEBUG - Model tiny.en completed transcription in 0.15 seconds
2026-07-21 12:55:29.558 - RealTimeSTT: realtimestt - INFO - Setting listen time
2026-07-21 12:55:29.558 - RealTimeSTT: realtimestt - INFO - State changed from 'inactive' to 'listening'
2026-07-21 12:55:29.558 - RealTimeSTT: realtimestt - DEBUG - Waiting for recording start
2026-07-21 12:55:33.955 - RealTimeSTT: realtimestt - INFO - voice activity detected
2026-07-21 12:55:33.955 - RealTimeSTT: realtimestt - INFO - recording started
2026-07-21 12:55:33.955 - RealTimeSTT: realtimestt - INFO - State changed from 'listening' to 'recording'
2026-07-21 12:55:33.955 - RealTimeSTT: realtimestt - DEBUG - Waiting for recording stop
2026-07-21 12:55:37.915 - RealTimeSTT: realtimestt - INFO - recording stopped
2026-07-21 12:55:37.916 - RealTimeSTT: realtimestt - DEBUG - No samples removed, final audio length: 79872
2026-07-21 12:55:37.916 - RealTimeSTT: realtimestt - INFO - State changed from 'recording' to 'inactive'
2026-07-21 12:55:37.916 - RealTimeSTT: realtimestt - INFO - State changed from 'inactive' to 'transcribing'
2026-07-21 12:55:37.916 - RealTimeSTT: realtimestt - DEBUG - Adding transcription request, no early transcription started
2026-07-21 12:55:37.933 - RealTimeSTT: realtimestt - DEBUG - Receive from parent_transcription_pipe after sendiung transcription request, transcribe_count: 1
2026-07-21 12:55:38.033 - RealTimeSTT: realtimestt - DEBUG - Receive from parent_transcription_pipe after sendiung transcription request, transcribe_count: 1
2026-07-21 12:55:38.085 - RealTimeSTT: realtimestt - INFO - State changed from 'transcribing' to 'inactive'
2026-07-21 12:55:38.086 - RealTimeSTT: realtimestt - DEBUG - Model tiny.en completed transcription in 0.17 seconds
2026-07-21 12:55:38.087 - RealTimeSTT: realtimestt - INFO - Setting listen time
2026-07-21 12:55:38.087 - RealTimeSTT: realtimestt - INFO - State changed from 'inactive' to 'listening'
2026-07-21 12:55:38.087 - RealTimeSTT: realtimestt - DEBUG - Waiting for recording start
2026-07-21 12:56:04.865 - RealTimeSTT: realtimestt - INFO - voice activity detected
2026-07-21 12:56:04.865 - RealTimeSTT: realtimestt - INFO - recording started
2026-07-21 12:56:04.865 - RealTimeSTT: realtimestt - INFO - State changed from 'listening' to 'recording'
2026-07-21 12:56:04.866 - RealTimeSTT: realtimestt - DEBUG - Waiting for recording stop
2026-07-21 12:56:05.635 - RealTimeSTT: realtimestt - INFO - recording stopped
2026-07-21 12:56:05.636 - RealTimeSTT: realtimestt - DEBUG - No samples removed, final audio length: 28672
2026-07-21 12:56:05.636 - RealTimeSTT: realtimestt - INFO - State changed from 'recording' to 'inactive'
2026-07-21 12:56:05.636 - RealTimeSTT: realtimestt - INFO - State changed from 'inactive' to 'transcribing'
2026-07-21 12:56:05.636 - RealTimeSTT: realtimestt - DEBUG - Adding transcription request, no early transcription started
2026-07-21 12:56:05.649 - RealTimeSTT: realtimestt - DEBUG - Receive from parent_transcription_pipe after sendiung transcription request, transcribe_count: 1
2026-07-21 12:56:05.652 - RealTimeSTT: realtimestt - INFO - State changed from 'transcribing' to 'inactive'
2026-07-21 12:56:05.652 - RealTimeSTT: realtimestt - DEBUG - Model tiny.en completed transcription in 0.02 seconds
2026-07-21 12:56:05.653 - RealTimeSTT: realtimestt - INFO - Setting listen time
2026-07-21 12:56:05.653 - RealTimeSTT: realtimestt - INFO - State changed from 'inactive' to 'listening'
2026-07-21 12:56:05.653 - RealTimeSTT: realtimestt - DEBUG - Waiting for recording start
2026-07-21 13:58:31.458 - RealTimeSTT: realtimestt - INFO - voice activity detected
2026-07-21 13:58:31.459 - RealTimeSTT: realtimestt - INFO - recording started
2026-07-21 13:58:31.459 - RealTimeSTT: realtimestt - INFO - State changed from 'listening' to 'recording'
2026-07-21 13:58:31.459 - RealTimeSTT: realtimestt - DEBUG - Waiting for recording stop
2026-07-21 13:58:32.099 - RealTimeSTT: realtimestt - INFO - recording stopped
2026-07-21 13:58:32.099 - RealTimeSTT: realtimestt - DEBUG - No samples removed, final audio length: 26624
2026-07-21 13:58:32.099 - RealTimeSTT: realtimestt - INFO - State changed from 'recording' to 'inactive'
2026-07-21 13:58:32.099 - RealTimeSTT: realtimestt - INFO - State changed from 'inactive' to 'transcribing'
2026-07-21 13:58:32.099 - RealTimeSTT: realtimestt - DEBUG - Adding transcription request, no early transcription started
2026-07-21 13:58:32.118 - RealTimeSTT: realtimestt - DEBUG - Receive from parent_transcription_pipe after sendiung transcription request, transcribe_count: 1
2026-07-21 13:58:32.219 - RealTimeSTT: realtimestt - DEBUG - Receive from parent_transcription_pipe after sendiung transcription request, transcribe_count: 1
2026-07-21 13:58:32.270 - RealTimeSTT: realtimestt - INFO - State changed from 'transcribing' to 'inactive'
2026-07-21 13:58:32.270 - RealTimeSTT: realtimestt - DEBUG - Model tiny.en completed transcription in 0.17 seconds
2026-07-21 13:58:32.271 - RealTimeSTT: realtimestt - INFO - Setting listen time
2026-07-21 13:58:32.271 - RealTimeSTT: realtimestt - INFO - State changed from 'inactive' to 'listening'
2026-07-21 13:58:32.271 - RealTimeSTT: realtimestt - DEBUG - Waiting for recording start
2026-07-21 16:45:50.256 - RealTimeSTT: realtimestt - INFO - voice activity detected
2026-07-21 16:45:50.256 - RealTimeSTT: realtimestt - INFO - recording started
2026-07-21 16:45:50.256 - RealTimeSTT: realtimestt - INFO - State changed from 'listening' to 'recording'
2026-07-21 16:45:50.256 - RealTimeSTT: realtimestt - DEBUG - Waiting for recording stop
2026-07-21 16:45:50.956 - RealTimeSTT: realtimestt - INFO - recording stopped
2026-07-21 16:45:50.956 - RealTimeSTT: realtimestt - DEBUG - No samples removed, final audio length: 27648
2026-07-21 16:45:50.956 - RealTimeSTT: realtimestt - INFO - State changed from 'recording' to 'inactive'
2026-07-21 16:45:50.956 - RealTimeSTT: realtimestt - INFO - State changed from 'inactive' to 'transcribing'
2026-07-21 16:45:50.956 - RealTimeSTT: realtimestt - DEBUG - Adding transcription request, no early transcription started
2026-07-21 16:45:50.967 - RealTimeSTT: realtimestt - DEBUG - Receive from parent_transcription_pipe after sendiung transcription request, transcribe_count: 1
2026-07-21 16:45:50.969 - RealTimeSTT: realtimestt - INFO - State changed from 'transcribing' to 'inactive'
2026-07-21 16:45:50.970 - RealTimeSTT: realtimestt - DEBUG - Model tiny.en completed transcription in 0.01 seconds
2026-07-21 16:45:50.970 - RealTimeSTT: realtimestt - INFO - Setting listen time
2026-07-21 16:45:50.970 - RealTimeSTT: realtimestt - INFO - State changed from 'inactive' to 'listening'
2026-07-21 16:45:50.970 - RealTimeSTT: realtimestt - DEBUG - Waiting for recording start
2026-07-21 19:13:50.157 - RealTimeSTT: realtimestt - INFO - voice activity detected
2026-07-21 19:13:50.157 - RealTimeSTT: realtimestt - INFO - recording started
2026-07-21 19:13:50.157 - RealTimeSTT: realtimestt - INFO - State changed from 'listening' to 'recording'
2026-07-21 19:13:50.157 - RealTimeSTT: realtimestt - DEBUG - Waiting for recording stop
2026-07-21 19:13:50.797 - RealTimeSTT: realtimestt - INFO - recording stopped
2026-07-21 19:13:50.798 - RealTimeSTT: realtimestt - DEBUG - No samples removed, final audio length: 26624
2026-07-21 19:13:50.798 - RealTimeSTT: realtimestt - INFO - State changed from 'recording' to 'inactive'
2026-07-21 19:13:50.798 - RealTimeSTT: realtimestt - INFO - State changed from 'inactive' to 'transcribing'
2026-07-21 19:13:50.798 - RealTimeSTT: realtimestt - DEBUG - Adding transcription request, no early transcription started
2026-07-21 19:13:50.807 - RealTimeSTT: realtimestt - DEBUG - Receive from parent_transcription_pipe after sendiung transcription request, transcribe_count: 1
2026-07-21 19:13:50.907 - RealTimeSTT: realtimestt - DEBUG - Receive from parent_transcription_pipe after sendiung transcription request, transcribe_count: 1
2026-07-21 19:13:50.960 - RealTimeSTT: realtimestt - INFO - State changed from 'transcribing' to 'inactive'
2026-07-21 19:13:50.961 - RealTimeSTT: realtimestt - DEBUG - Model tiny.en completed transcription in 0.16 seconds
2026-07-21 19:13:50.961 - RealTimeSTT: realtimestt - INFO - Setting listen time
2026-07-21 19:13:50.961 - RealTimeSTT: realtimestt - INFO - State changed from 'inactive' to 'listening'
2026-07-21 19:13:50.961 - RealTimeSTT: realtimestt - DEBUG - Waiting for recording start
2026-07-21 19:15:50.229 - RealTimeSTT: realtimestt - INFO - voice activity detected
2026-07-21 19:15:50.229 - RealTimeSTT: realtimestt - INFO - recording started
2026-07-21 19:15:50.229 - RealTimeSTT: realtimestt - INFO - State changed from 'listening' to 'recording'
2026-07-21 19:15:50.229 - RealTimeSTT: realtimestt - DEBUG - Waiting for recording stop
2026-07-21 19:15:50.929 - RealTimeSTT: realtimestt - INFO - recording stopped
2026-07-21 19:15:50.929 - RealTimeSTT: realtimestt - DEBUG - No samples removed, final audio length: 27648
2026-07-21 19:15:50.930 - RealTimeSTT: realtimestt - INFO - State changed from 'recording' to 'inactive'
2026-07-21 19:15:50.930 - RealTimeSTT: realtimestt - INFO - State changed from 'inactive' to 'transcribing'
2026-07-21 19:15:50.930 - RealTimeSTT: realtimestt - DEBUG - Adding transcription request, no early transcription started
2026-07-21 19:15:50.932 - RealTimeSTT: realtimestt - DEBUG - Receive from parent_transcription_pipe after sendiung transcription request, transcribe_count: 1
2026-07-21 19:15:51.032 - RealTimeSTT: realtimestt - DEBUG - Receive from parent_transcription_pipe after sendiung transcription request, transcribe_count: 1
2026-07-21 19:15:51.083 - RealTimeSTT: realtimestt - INFO - State changed from 'transcribing' to 'inactive'
2026-07-21 19:15:51.084 - RealTimeSTT: realtimestt - DEBUG - Model tiny.en completed transcription in 0.15 seconds
2026-07-21 19:15:51.084 - RealTimeSTT: realtimestt - INFO - Setting listen time
2026-07-21 19:15:51.084 - RealTimeSTT: realtimestt - INFO - State changed from 'inactive' to 'listening'
2026-07-21 19:15:51.084 - RealTimeSTT: realtimestt - DEBUG - Waiting for recording start
2026-07-21 19:19:11.632 - RealTimeSTT: realtimestt - INFO - voice activity detected
2026-07-21 19:19:11.632 - RealTimeSTT: realtimestt - INFO - recording started
2026-07-21 19:19:11.632 - RealTimeSTT: realtimestt - INFO - State changed from 'listening' to 'recording'
2026-07-21 19:19:11.632 - RealTimeSTT: realtimestt - DEBUG - Waiting for recording stop
2026-07-21 19:19:13.812 - RealTimeSTT: realtimestt - INFO - recording stopped
2026-07-21 19:19:13.813 - RealTimeSTT: realtimestt - DEBUG - No samples removed, final audio length: 51200
2026-07-21 19:19:13.813 - RealTimeSTT: realtimestt - INFO - State changed from 'recording' to 'inactive'
2026-07-21 19:19:13.813 - RealTimeSTT: realtimestt - INFO - State changed from 'inactive' to 'transcribing'
2026-07-21 19:19:13.813 - RealTimeSTT: realtimestt - DEBUG - Adding transcription request, no early transcription started
2026-07-21 19:19:13.824 - RealTimeSTT: realtimestt - DEBUG - Receive from parent_transcription_pipe after sendiung transcription request, transcribe_count: 1
2026-07-21 19:19:13.925 - RealTimeSTT: realtimestt - DEBUG - Receive from parent_transcription_pipe after sendiung transcription request, transcribe_count: 1
2026-07-21 19:19:14.000 - RealTimeSTT: realtimestt - INFO - State changed from 'transcribing' to 'inactive'
2026-07-21 19:19:14.001 - RealTimeSTT: realtimestt - DEBUG - Model tiny.en completed transcription in 0.19 seconds
2026-07-21 19:19:14.001 - RealTimeSTT: realtimestt - INFO - Setting listen time
2026-07-21 19:19:14.001 - RealTimeSTT: realtimestt - INFO - State changed from 'inactive' to 'listening'
2026-07-21 19:19:14.001 - RealTimeSTT: realtimestt - DEBUG - Waiting for recording start
2026-07-21 19:19:29.552 - RealTimeSTT: realtimestt - INFO - voice activity detected
2026-07-21 19:19:29.552 - RealTimeSTT: realtimestt - INFO - recording started
2026-07-21 19:19:29.552 - RealTimeSTT: realtimestt - INFO - State changed from 'listening' to 'recording'
2026-07-21 19:19:29.552 - RealTimeSTT: realtimestt - DEBUG - Waiting for recording stop
2026-07-21 19:19:30.963 - RealTimeSTT: realtimestt - INFO - recording stopped
2026-07-21 19:19:30.964 - RealTimeSTT: realtimestt - DEBUG - No samples removed, final audio length: 38912
2026-07-21 19:19:30.964 - RealTimeSTT: realtimestt - INFO - State changed from 'recording' to 'inactive'
2026-07-21 19:19:30.964 - RealTimeSTT: realtimestt - INFO - State changed from 'inactive' to 'transcribing'
2026-07-21 19:19:30.964 - RealTimeSTT: realtimestt - DEBUG - Adding transcription request, no early transcription started
2026-07-21 19:19:30.964 - RealTimeSTT: realtimestt - DEBUG - Receive from parent_transcription_pipe after sendiung transcription request, transcribe_count: 1
2026-07-21 19:19:31.065 - RealTimeSTT: realtimestt - DEBUG - Receive from parent_transcription_pipe after sendiung transcription request, transcribe_count: 1
2026-07-21 19:19:31.149 - RealTimeSTT: realtimestt - INFO - State changed from 'transcribing' to 'inactive'
2026-07-21 19:19:31.150 - RealTimeSTT: realtimestt - DEBUG - Model tiny.en completed transcription in 0.19 seconds
2026-07-21 19:19:31.150 - RealTimeSTT: realtimestt - INFO - Setting listen time
2026-07-21 19:19:31.150 - RealTimeSTT: realtimestt - INFO - State changed from 'inactive' to 'listening'
2026-07-21 19:19:31.150 - RealTimeSTT: realtimestt - DEBUG - Waiting for recording start
2026-07-21 19:33:39.044 - RealTimeSTT: realtimestt - INFO - voice activity detected
2026-07-21 19:33:39.044 - RealTimeSTT: realtimestt - INFO - recording started
2026-07-21 19:33:39.044 - RealTimeSTT: realtimestt - INFO - State changed from 'listening' to 'recording'
2026-07-21 19:33:39.044 - RealTimeSTT: realtimestt - DEBUG - Waiting for recording stop
2026-07-21 19:33:40.254 - RealTimeSTT: realtimestt - INFO - recording stopped
2026-07-21 19:33:40.255 - RealTimeSTT: realtimestt - DEBUG - No samples removed, final audio length: 35840
2026-07-21 19:33:40.255 - RealTimeSTT: realtimestt - INFO - State changed from 'recording' to 'inactive'
2026-07-21 19:33:40.255 - RealTimeSTT: realtimestt - INFO - State changed from 'inactive' to 'transcribing'
2026-07-21 19:33:40.255 - RealTimeSTT: realtimestt - DEBUG - Adding transcription request, no early transcription started
2026-07-21 19:33:40.255 - RealTimeSTT: realtimestt - DEBUG - Receive from parent_transcription_pipe after sendiung transcription request, transcribe_count: 1
2026-07-21 19:33:40.356 - RealTimeSTT: realtimestt - DEBUG - Receive from parent_transcription_pipe after sendiung transcription request, transcribe_count: 1
2026-07-21 19:33:40.410 - RealTimeSTT: realtimestt - INFO - State changed from 'transcribing' to 'inactive'
2026-07-21 19:33:40.411 - RealTimeSTT: realtimestt - DEBUG - Model tiny.en completed transcription in 0.16 seconds
2026-07-21 19:33:40.411 - RealTimeSTT: realtimestt - INFO - Setting listen time
2026-07-21 19:33:40.411 - RealTimeSTT: realtimestt - INFO - State changed from 'inactive' to 'listening'
2026-07-21 19:33:40.411 - RealTimeSTT: realtimestt - DEBUG - Waiting for recording start
2026-07-21 19:34:46.365 - RealTimeSTT: realtimestt - INFO - voice activity detected
2026-07-21 19:34:46.365 - RealTimeSTT: realtimestt - INFO - recording started
2026-07-21 19:34:46.365 - RealTimeSTT: realtimestt - INFO - State changed from 'listening' to 'recording'
2026-07-21 19:34:46.365 - RealTimeSTT: realtimestt - DEBUG - Waiting for recording stop
2026-07-21 19:34:51.745 - RealTimeSTT: realtimestt - INFO - recording stopped
2026-07-21 19:34:51.747 - RealTimeSTT: realtimestt - DEBUG - No samples removed, final audio length: 102400
2026-07-21 19:34:51.747 - RealTimeSTT: realtimestt - INFO - State changed from 'recording' to 'inactive'
2026-07-21 19:34:51.747 - RealTimeSTT: realtimestt - INFO - State changed from 'inactive' to 'transcribing'
2026-07-21 19:34:51.747 - RealTimeSTT: realtimestt - DEBUG - Adding transcription request, no early transcription started
2026-07-21 19:34:51.758 - RealTimeSTT: realtimestt - DEBUG - Receive from parent_transcription_pipe after sendiung transcription request, transcribe_count: 1
2026-07-21 19:34:51.859 - RealTimeSTT: realtimestt - DEBUG - Receive from parent_transcription_pipe after sendiung transcription request, transcribe_count: 1
2026-07-21 19:34:51.920 - RealTimeSTT: realtimestt - INFO - State changed from 'transcribing' to 'inactive'
2026-07-21 19:34:51.921 - RealTimeSTT: realtimestt - DEBUG - Model tiny.en completed transcription in 0.17 seconds
2026-07-21 19:34:51.921 - RealTimeSTT: realtimestt - INFO - Setting listen time
2026-07-21 19:34:51.921 - RealTimeSTT: realtimestt - INFO - State changed from 'inactive' to 'listening'
2026-07-21 19:34:51.921 - RealTimeSTT: realtimestt - DEBUG - Waiting for recording start
2026-07-21 19:36:00.806 - RealTimeSTT: realtimestt - INFO - voice activity detected
2026-07-21 19:36:00.806 - RealTimeSTT: realtimestt - INFO - recording started
2026-07-21 19:36:00.806 - RealTimeSTT: realtimestt - INFO - State changed from 'listening' to 'recording'
2026-07-21 19:36:00.806 - RealTimeSTT: realtimestt - DEBUG - Waiting for recording stop
2026-07-21 19:36:04.326 - RealTimeSTT: realtimestt - INFO - recording stopped
2026-07-21 19:36:04.327 - RealTimeSTT: realtimestt - DEBUG - No samples removed, final audio length: 72704
2026-07-21 19:36:04.327 - RealTimeSTT: realtimestt - INFO - State changed from 'recording' to 'inactive'
2026-07-21 19:36:04.327 - RealTimeSTT: realtimestt - INFO - State changed from 'inactive' to 'transcribing'
2026-07-21 19:36:04.327 - RealTimeSTT: realtimestt - DEBUG - Adding transcription request, no early transcription started
2026-07-21 19:36:04.328 - RealTimeSTT: realtimestt - DEBUG - Receive from parent_transcription_pipe after sendiung transcription request, transcribe_count: 1
2026-07-21 19:36:04.427 - RealTimeSTT: realtimestt - DEBUG - Receive from parent_transcription_pipe after sendiung transcription request, transcribe_count: 1
2026-07-21 19:36:04.483 - RealTimeSTT: realtimestt - INFO - State changed from 'transcribing' to 'inactive'
2026-07-21 19:36:04.484 - RealTimeSTT: realtimestt - DEBUG - Model tiny.en completed transcription in 0.16 seconds
2026-07-21 19:36:04.484 - RealTimeSTT: realtimestt - INFO - Setting listen time
2026-07-21 19:36:04.484 - RealTimeSTT: realtimestt - INFO - State changed from 'inactive' to 'listening'
2026-07-21 19:36:04.484 - RealTimeSTT: realtimestt - DEBUG - Waiting for recording start
2026-07-21 19:36:22.887 - RealTimeSTT: realtimestt - INFO - voice activity detected
2026-07-21 19:36:22.887 - RealTimeSTT: realtimestt - INFO - recording started
2026-07-21 19:36:22.887 - RealTimeSTT: realtimestt - INFO - State changed from 'listening' to 'recording'
2026-07-21 19:36:22.887 - RealTimeSTT: realtimestt - DEBUG - Waiting for recording stop
2026-07-21 19:36:29.987 - RealTimeSTT: realtimestt - INFO - recording stopped
2026-07-21 19:36:29.989 - RealTimeSTT: realtimestt - DEBUG - No samples removed, final audio length: 130048
2026-07-21 19:36:29.989 - RealTimeSTT: realtimestt - INFO - State changed from 'recording' to 'inactive'
2026-07-21 19:36:29.989 - RealTimeSTT: realtimestt - INFO - State changed from 'inactive' to 'transcribing'
2026-07-21 19:36:29.989 - RealTimeSTT: realtimestt - DEBUG - Adding transcription request, no early transcription started
2026-07-21 19:36:30.005 - RealTimeSTT: realtimestt - DEBUG - Receive from parent_transcription_pipe after sendiung transcription request, transcribe_count: 1
2026-07-21 19:36:30.105 - RealTimeSTT: realtimestt - DEBUG - Receive from parent_transcription_pipe after sendiung transcription request, transcribe_count: 1
2026-07-21 19:36:30.165 - RealTimeSTT: realtimestt - INFO - State changed from 'transcribing' to 'inactive'
2026-07-21 19:36:30.166 - RealTimeSTT: realtimestt - DEBUG - Model tiny.en completed transcription in 0.18 seconds
2026-07-21 19:36:30.167 - RealTimeSTT: realtimestt - INFO - Setting listen time
2026-07-21 19:36:30.167 - RealTimeSTT: realtimestt - INFO - State changed from 'inactive' to 'listening'
2026-07-21 19:36:30.167 - RealTimeSTT: realtimestt - DEBUG - Waiting for recording start
2026-07-21 19:38:11.109 - RealTimeSTT: realtimestt - INFO - voice activity detected
2026-07-21 19:38:11.109 - RealTimeSTT: realtimestt - INFO - recording started
2026-07-21 19:38:11.109 - RealTimeSTT: realtimestt - INFO - State changed from 'listening' to 'recording'
2026-07-21 19:38:11.109 - RealTimeSTT: realtimestt - DEBUG - Waiting for recording stop
2026-07-21 19:38:12.128 - RealTimeSTT: realtimestt - INFO - recording stopped
2026-07-21 19:38:12.129 - RealTimeSTT: realtimestt - DEBUG - No samples removed, final audio length: 32768
2026-07-21 19:38:12.129 - RealTimeSTT: realtimestt - INFO - State changed from 'recording' to 'inactive'
2026-07-21 19:38:12.129 - RealTimeSTT: realtimestt - INFO - State changed from 'inactive' to 'transcribing'
2026-07-21 19:38:12.129 - RealTimeSTT: realtimestt - DEBUG - Adding transcription request, no early transcription started
2026-07-21 19:38:12.145 - RealTimeSTT: realtimestt - DEBUG - Receive from parent_transcription_pipe after sendiung transcription request, transcribe_count: 1
2026-07-21 19:38:12.148 - RealTimeSTT: realtimestt - INFO - State changed from 'transcribing' to 'inactive'
2026-07-21 19:38:12.148 - RealTimeSTT: realtimestt - DEBUG - Model tiny.en completed transcription in 0.02 seconds
2026-07-21 19:38:12.148 - RealTimeSTT: realtimestt - INFO - Setting listen time
2026-07-21 19:38:12.149 - RealTimeSTT: realtimestt - INFO - State changed from 'inactive' to 'listening'
2026-07-21 19:38:12.149 - RealTimeSTT: realtimestt - DEBUG - Waiting for recording start
2026-07-21 19:38:54.048 - RealTimeSTT: realtimestt - INFO - voice activity detected
2026-07-21 19:38:54.049 - RealTimeSTT: realtimestt - INFO - recording started
2026-07-21 19:38:54.049 - RealTimeSTT: realtimestt - INFO - State changed from 'listening' to 'recording'
2026-07-21 19:38:54.049 - RealTimeSTT: realtimestt - DEBUG - Waiting for recording stop
2026-07-21 19:38:55.968 - RealTimeSTT: realtimestt - INFO - recording stopped
2026-07-21 19:38:55.969 - RealTimeSTT: realtimestt - DEBUG - No samples removed, final audio length: 47104
2026-07-21 19:38:55.969 - RealTimeSTT: realtimestt - INFO - State changed from 'recording' to 'inactive'
2026-07-21 19:38:55.969 - RealTimeSTT: realtimestt - INFO - State changed from 'inactive' to 'transcribing'
2026-07-21 19:38:55.969 - RealTimeSTT: realtimestt - DEBUG - Adding transcription request, no early transcription started
2026-07-21 19:38:55.970 - RealTimeSTT: realtimestt - DEBUG - Receive from parent_transcription_pipe after sendiung transcription request, transcribe_count: 1
2026-07-21 19:38:56.070 - RealTimeSTT: realtimestt - DEBUG - Receive from parent_transcription_pipe after sendiung transcription request, transcribe_count: 1
2026-07-21 19:38:56.123 - RealTimeSTT: realtimestt - INFO - State changed from 'transcribing' to 'inactive'
2026-07-21 19:38:56.124 - RealTimeSTT: realtimestt - DEBUG - Model tiny.en completed transcription in 0.15 seconds
2026-07-21 19:38:56.124 - RealTimeSTT: realtimestt - INFO - Setting listen time
2026-07-21 19:38:56.124 - RealTimeSTT: realtimestt - INFO - State changed from 'inactive' to 'listening'
2026-07-21 19:38:56.124 - RealTimeSTT: realtimestt - DEBUG - Waiting for recording start
2026-07-21 19:39:10.819 - RealTimeSTT: realtimestt - INFO - voice activity detected
2026-07-21 19:39:10.819 - RealTimeSTT: realtimestt - INFO - recording started
2026-07-21 19:39:10.819 - RealTimeSTT: realtimestt - INFO - State changed from 'listening' to 'recording'
2026-07-21 19:39:10.819 - RealTimeSTT: realtimestt - DEBUG - Waiting for recording stop
2026-07-21 19:39:13.509 - RealTimeSTT: realtimestt - INFO - recording stopped
2026-07-21 19:39:13.510 - RealTimeSTT: realtimestt - DEBUG - No samples removed, final audio length: 59392
2026-07-21 19:39:13.510 - RealTimeSTT: realtimestt - INFO - State changed from 'recording' to 'inactive'
2026-07-21 19:39:13.510 - RealTimeSTT: realtimestt - INFO - State changed from 'inactive' to 'transcribing'
2026-07-21 19:39:13.510 - RealTimeSTT: realtimestt - DEBUG - Adding transcription request, no early transcription started
2026-07-21 19:39:13.525 - RealTimeSTT: realtimestt - DEBUG - Receive from parent_transcription_pipe after sendiung transcription request, transcribe_count: 1
2026-07-21 19:39:13.626 - RealTimeSTT: realtimestt - DEBUG - Receive from parent_transcription_pipe after sendiung transcription request, transcribe_count: 1
2026-07-21 19:39:13.712 - RealTimeSTT: realtimestt - INFO - State changed from 'transcribing' to 'inactive'
2026-07-21 19:39:13.713 - RealTimeSTT: realtimestt - DEBUG - Model tiny.en completed transcription in 0.20 seconds
2026-07-21 19:39:13.713 - RealTimeSTT: realtimestt - INFO - Setting listen time
2026-07-21 19:39:13.714 - RealTimeSTT: realtimestt - INFO - State changed from 'inactive' to 'listening'
2026-07-21 19:39:13.714 - RealTimeSTT: realtimestt - DEBUG - Waiting for recording start
2026-07-21 19:39:55.810 - RealTimeSTT: realtimestt - INFO - voice activity detected
2026-07-21 19:39:55.810 - RealTimeSTT: realtimestt - INFO - recording started
2026-07-21 19:39:55.810 - RealTimeSTT: realtimestt - INFO - State changed from 'listening' to 'recording'
2026-07-21 19:39:55.810 - RealTimeSTT: realtimestt - DEBUG - Waiting for recording stop
2026-07-21 19:39:58.179 - RealTimeSTT: realtimestt - INFO - recording stopped
2026-07-21 19:39:58.180 - RealTimeSTT: realtimestt - DEBUG - No samples removed, final audio length: 54272
2026-07-21 19:39:58.180 - RealTimeSTT: realtimestt - INFO - State changed from 'recording' to 'inactive'
2026-07-21 19:39:58.180 - RealTimeSTT: realtimestt - INFO - State changed from 'inactive' to 'transcribing'
2026-07-21 19:39:58.181 - RealTimeSTT: realtimestt - DEBUG - Adding transcription request, no early transcription started
2026-07-21 19:39:58.200 - RealTimeSTT: realtimestt - DEBUG - Receive from parent_transcription_pipe after sendiung transcription request, transcribe_count: 1
2026-07-21 19:39:58.300 - RealTimeSTT: realtimestt - DEBUG - Receive from parent_transcription_pipe after sendiung transcription request, transcribe_count: 1
2026-07-21 19:39:58.397 - RealTimeSTT: realtimestt - INFO - State changed from 'transcribing' to 'inactive'
2026-07-21 19:39:58.398 - RealTimeSTT: realtimestt - DEBUG - Model tiny.en completed transcription in 0.22 seconds
2026-07-21 19:39:58.398 - RealTimeSTT: realtimestt - INFO - Setting listen time
2026-07-21 19:39:58.398 - RealTimeSTT: realtimestt - INFO - State changed from 'inactive' to 'listening'
2026-07-21 19:39:58.398 - RealTimeSTT: realtimestt - DEBUG - Waiting for recording start
2026-07-21 19:40:01.570 - RealTimeSTT: realtimestt - INFO - voice activity detected
2026-07-21 19:40:01.570 - RealTimeSTT: realtimestt - INFO - recording started
2026-07-21 19:40:01.570 - RealTimeSTT: realtimestt - INFO - State changed from 'listening' to 'recording'
2026-07-21 19:40:01.570 - RealTimeSTT: realtimestt - DEBUG - Waiting for recording stop
2026-07-21 19:40:08.420 - RealTimeSTT: realtimestt - INFO - recording stopped
2026-07-21 19:40:08.421 - RealTimeSTT: realtimestt - DEBUG - No samples removed, final audio length: 125952
2026-07-21 19:40:08.421 - RealTimeSTT: realtimestt - INFO - State changed from 'recording' to 'inactive'
2026-07-21 19:40:08.422 - RealTimeSTT: realtimestt - INFO - State changed from 'inactive' to 'transcribing'
2026-07-21 19:40:08.422 - RealTimeSTT: realtimestt - DEBUG - Adding transcription request, no early transcription started
2026-07-21 19:40:08.422 - RealTimeSTT: realtimestt - DEBUG - Receive from parent_transcription_pipe after sendiung transcription request, transcribe_count: 1
2026-07-21 19:40:08.521 - RealTimeSTT: realtimestt - DEBUG - Receive from parent_transcription_pipe after sendiung transcription request, transcribe_count: 1
2026-07-21 19:40:08.566 - RealTimeSTT: realtimestt - INFO - State changed from 'transcribing' to 'inactive'
2026-07-21 19:40:08.567 - RealTimeSTT: realtimestt - DEBUG - Model tiny.en completed transcription in 0.15 seconds
2026-07-21 19:40:08.567 - RealTimeSTT: realtimestt - INFO - Setting listen time
2026-07-21 19:40:08.567 - RealTimeSTT: realtimestt - INFO - State changed from 'inactive' to 'listening'
2026-07-21 19:40:08.567 - RealTimeSTT: realtimestt - DEBUG - Waiting for recording start
2026-07-21 19:40:28.770 - RealTimeSTT: realtimestt - INFO - voice activity detected
2026-07-21 19:40:28.770 - RealTimeSTT: realtimestt - INFO - recording started
2026-07-21 19:40:28.770 - RealTimeSTT: realtimestt - INFO - State changed from 'listening' to 'recording'
2026-07-21 19:40:28.770 - RealTimeSTT: realtimestt - DEBUG - Waiting for recording stop
2026-07-21 19:40:30.690 - RealTimeSTT: realtimestt - INFO - recording stopped
2026-07-21 19:40:30.691 - RealTimeSTT: realtimestt - DEBUG - No samples removed, final audio length: 47104
2026-07-21 19:40:30.691 - RealTimeSTT: realtimestt - INFO - State changed from 'recording' to 'inactive'
2026-07-21 19:40:30.691 - RealTimeSTT: realtimestt - INFO - State changed from 'inactive' to 'transcribing'
2026-07-21 19:40:30.691 - RealTimeSTT: realtimestt - DEBUG - Adding transcription request, no early transcription started
2026-07-21 19:40:30.710 - RealTimeSTT: realtimestt - DEBUG - Receive from parent_transcription_pipe after sendiung transcription request, transcribe_count: 1
2026-07-21 19:40:30.714 - RealTimeSTT: realtimestt - INFO - State changed from 'transcribing' to 'inactive'
2026-07-21 19:40:30.714 - RealTimeSTT: realtimestt - DEBUG - Model tiny.en completed transcription in 0.02 seconds
2026-07-21 19:40:30.714 - RealTimeSTT: realtimestt - INFO - Setting listen time
2026-07-21 19:40:30.714 - RealTimeSTT: realtimestt - INFO - State changed from 'inactive' to 'listening'
2026-07-21 19:40:30.714 - RealTimeSTT: realtimestt - DEBUG - Waiting for recording start
2026-07-21 19:40:32.360 - RealTimeSTT: realtimestt - INFO - voice activity detected
2026-07-21 19:40:32.360 - RealTimeSTT: realtimestt - INFO - recording started
2026-07-21 19:40:32.360 - RealTimeSTT: realtimestt - INFO - State changed from 'listening' to 'recording'
2026-07-21 19:40:32.360 - RealTimeSTT: realtimestt - DEBUG - Waiting for recording stop
2026-07-21 19:40:35.050 - RealTimeSTT: realtimestt - INFO - recording stopped
2026-07-21 19:40:35.051 - RealTimeSTT: realtimestt - DEBUG - No samples removed, final audio length: 59392
2026-07-21 19:40:35.051 - RealTimeSTT: realtimestt - INFO - State changed from 'recording' to 'inactive'
2026-07-21 19:40:35.051 - RealTimeSTT: realtimestt - INFO - State changed from 'inactive' to 'transcribing'
2026-07-21 19:40:35.051 - RealTimeSTT: realtimestt - DEBUG - Adding transcription request, no early transcription started
2026-07-21 19:40:35.068 - RealTimeSTT: realtimestt - DEBUG - Receive from parent_transcription_pipe after sendiung transcription request, transcribe_count: 1
2026-07-21 19:40:35.073 - RealTimeSTT: realtimestt - INFO - State changed from 'transcribing' to 'inactive'
2026-07-21 19:40:35.073 - RealTimeSTT: realtimestt - DEBUG - Model tiny.en completed transcription in 0.02 seconds
2026-07-21 19:40:35.073 - RealTimeSTT: realtimestt - INFO - Setting listen time
2026-07-21 19:40:35.073 - RealTimeSTT: realtimestt - INFO - State changed from 'inactive' to 'listening'
2026-07-21 19:40:35.073 - RealTimeSTT: realtimestt - DEBUG - Waiting for recording start
2026-07-21 19:44:25.514 - RealTimeSTT: realtimestt - INFO - voice activity detected
2026-07-21 19:44:25.514 - RealTimeSTT: realtimestt - INFO - recording started
2026-07-21 19:44:25.514 - RealTimeSTT: realtimestt - INFO - State changed from 'listening' to 'recording'
2026-07-21 19:44:25.514 - RealTimeSTT: realtimestt - DEBUG - Waiting for recording stop
2026-07-21 19:44:27.494 - RealTimeSTT: realtimestt - INFO - recording stopped
2026-07-21 19:44:27.495 - RealTimeSTT: realtimestt - DEBUG - No samples removed, final audio length: 47616
2026-07-21 19:44:27.495 - RealTimeSTT: realtimestt - INFO - State changed from 'recording' to 'inactive'
2026-07-21 19:44:27.495 - RealTimeSTT: realtimestt - INFO - State changed from 'inactive' to 'transcribing'
2026-07-21 19:44:27.495 - RealTimeSTT: realtimestt - DEBUG - Adding transcription request, no early transcription started
2026-07-21 19:44:27.504 - RealTimeSTT: realtimestt - DEBUG - Receive from parent_transcription_pipe after sendiung transcription request, transcribe_count: 1
2026-07-21 19:44:27.507 - RealTimeSTT: realtimestt - INFO - State changed from 'transcribing' to 'inactive'
2026-07-21 19:44:27.508 - RealTimeSTT: realtimestt - DEBUG - Model tiny.en completed transcription in 0.01 seconds
2026-07-21 19:44:27.508 - RealTimeSTT: realtimestt - INFO - Setting listen time
2026-07-21 19:44:27.508 - RealTimeSTT: realtimestt - INFO - State changed from 'inactive' to 'listening'
2026-07-21 19:44:27.508 - RealTimeSTT: realtimestt - DEBUG - Waiting for recording start
2026-07-21 19:44:30.763 - RealTimeSTT: realtimestt - INFO - voice activity detected
2026-07-21 19:44:30.763 - RealTimeSTT: realtimestt - INFO - recording started
2026-07-21 19:44:30.763 - RealTimeSTT: realtimestt - INFO - State changed from 'listening' to 'recording'
2026-07-21 19:44:30.763 - RealTimeSTT: realtimestt - DEBUG - Waiting for recording stop
2026-07-21 19:44:32.814 - RealTimeSTT: realtimestt - INFO - recording stopped
2026-07-21 19:44:32.814 - RealTimeSTT: realtimestt - DEBUG - No samples removed, final audio length: 49152
2026-07-21 19:44:32.815 - RealTimeSTT: realtimestt - INFO - State changed from 'recording' to 'inactive'
2026-07-21 19:44:32.815 - RealTimeSTT: realtimestt - INFO - State changed from 'inactive' to 'transcribing'
2026-07-21 19:44:32.815 - RealTimeSTT: realtimestt - DEBUG - Adding transcription request, no early transcription started
2026-07-21 19:44:32.833 - RealTimeSTT: realtimestt - DEBUG - Receive from parent_transcription_pipe after sendiung transcription request, transcribe_count: 1
2026-07-21 19:44:32.837 - RealTimeSTT: realtimestt - INFO - State changed from 'transcribing' to 'inactive'
2026-07-21 19:44:32.838 - RealTimeSTT: realtimestt - DEBUG - Model tiny.en completed transcription in 0.02 seconds
2026-07-21 19:44:32.838 - RealTimeSTT: realtimestt - INFO - Setting listen time
2026-07-21 19:44:32.838 - RealTimeSTT: realtimestt - INFO - State changed from 'inactive' to 'listening'
2026-07-21 19:44:32.838 - RealTimeSTT: realtimestt - DEBUG - Waiting for recording start
2026-07-21 20:21:07.784 - RealTimeSTT: realtimestt - INFO - voice activity detected
2026-07-21 20:21:07.784 - RealTimeSTT: realtimestt - INFO - recording started
2026-07-21 20:21:07.784 - RealTimeSTT: realtimestt - INFO - State changed from 'listening' to 'recording'
2026-07-21 20:21:07.784 - RealTimeSTT: realtimestt - DEBUG - Waiting for recording stop
2026-07-21 20:21:11.564 - RealTimeSTT: realtimestt - INFO - recording stopped
2026-07-21 20:21:11.565 - RealTimeSTT: realtimestt - DEBUG - No samples removed, final audio length: 76800
2026-07-21 20:21:11.565 - RealTimeSTT: realtimestt - INFO - State changed from 'recording' to 'inactive'
2026-07-21 20:21:11.565 - RealTimeSTT: realtimestt - INFO - State changed from 'inactive' to 'transcribing'
2026-07-21 20:21:11.565 - RealTimeSTT: realtimestt - DEBUG - Adding transcription request, no early transcription started
2026-07-21 20:21:11.572 - RealTimeSTT: realtimestt - DEBUG - Receive from parent_transcription_pipe after sendiung transcription request, transcribe_count: 1
2026-07-21 20:21:11.673 - RealTimeSTT: realtimestt - DEBUG - Receive from parent_transcription_pipe after sendiung transcription request, transcribe_count: 1
2026-07-21 20:21:11.738 - RealTimeSTT: realtimestt - INFO - State changed from 'transcribing' to 'inactive'
2026-07-21 20:21:11.739 - RealTimeSTT: realtimestt - DEBUG - Model tiny.en completed transcription in 0.17 seconds
2026-07-21 20:21:11.739 - RealTimeSTT: realtimestt - INFO - Setting listen time
2026-07-21 20:21:11.739 - RealTimeSTT: realtimestt - INFO - State changed from 'inactive' to 'listening'
2026-07-21 20:21:11.739 - RealTimeSTT: realtimestt - DEBUG - Waiting for recording start
2026-07-21 20:21:12.844 - RealTimeSTT: realtimestt - INFO - voice activity detected
2026-07-21 20:21:12.844 - RealTimeSTT: realtimestt - INFO - recording started
2026-07-21 20:21:12.844 - RealTimeSTT: realtimestt - INFO - State changed from 'listening' to 'recording'
2026-07-21 20:21:12.844 - RealTimeSTT: realtimestt - DEBUG - Waiting for recording stop
2026-07-21 20:21:15.524 - RealTimeSTT: realtimestt - INFO - recording stopped
2026-07-21 20:21:15.525 - RealTimeSTT: realtimestt - DEBUG - No samples removed, final audio length: 59392
2026-07-21 20:21:15.525 - RealTimeSTT: realtimestt - INFO - State changed from 'recording' to 'inactive'
2026-07-21 20:21:15.525 - RealTimeSTT: realtimestt - INFO - State changed from 'inactive' to 'transcribing'
2026-07-21 20:21:15.525 - RealTimeSTT: realtimestt - DEBUG - Adding transcription request, no early transcription started
2026-07-21 20:21:15.542 - RealTimeSTT: realtimestt - DEBUG - Receive from parent_transcription_pipe after sendiung transcription request, transcribe_count: 1
2026-07-21 20:21:15.643 - RealTimeSTT: realtimestt - DEBUG - Receive from parent_transcription_pipe after sendiung transcription request, transcribe_count: 1
2026-07-21 20:21:15.724 - RealTimeSTT: realtimestt - INFO - State changed from 'transcribing' to 'inactive'
2026-07-21 20:21:15.725 - RealTimeSTT: realtimestt - DEBUG - Model tiny.en completed transcription in 0.20 seconds
2026-07-21 20:21:15.725 - RealTimeSTT: realtimestt - INFO - Setting listen time
2026-07-21 20:21:15.725 - RealTimeSTT: realtimestt - INFO - State changed from 'inactive' to 'listening'
2026-07-21 20:21:15.726 - RealTimeSTT: realtimestt - DEBUG - Waiting for recording start
2026-07-21 20:21:21.034 - RealTimeSTT: realtimestt - INFO - voice activity detected
2026-07-21 20:21:21.034 - RealTimeSTT: realtimestt - INFO - recording started
2026-07-21 20:21:21.034 - RealTimeSTT: realtimestt - INFO - State changed from 'listening' to 'recording'
2026-07-21 20:21:21.034 - RealTimeSTT: realtimestt - DEBUG - Waiting for recording stop
2026-07-21 20:21:22.884 - RealTimeSTT: realtimestt - INFO - recording stopped
2026-07-21 20:21:22.885 - RealTimeSTT: realtimestt - DEBUG - No samples removed, final audio length: 46080
2026-07-21 20:21:22.885 - RealTimeSTT: realtimestt - INFO - State changed from 'recording' to 'inactive'
2026-07-21 20:21:22.885 - RealTimeSTT: realtimestt - INFO - State changed from 'inactive' to 'transcribing'
2026-07-21 20:21:22.885 - RealTimeSTT: realtimestt - DEBUG - Adding transcription request, no early transcription started
2026-07-21 20:21:22.885 - RealTimeSTT: realtimestt - DEBUG - Receive from parent_transcription_pipe after sendiung transcription request, transcribe_count: 1
2026-07-21 20:21:22.986 - RealTimeSTT: realtimestt - DEBUG - Receive from parent_transcription_pipe after sendiung transcription request, transcribe_count: 1
2026-07-21 20:21:23.052 - RealTimeSTT: realtimestt - INFO - State changed from 'transcribing' to 'inactive'
2026-07-21 20:21:23.053 - RealTimeSTT: realtimestt - DEBUG - Model tiny.en completed transcription in 0.17 seconds
2026-07-21 20:21:23.053 - RealTimeSTT: realtimestt - INFO - Setting listen time
2026-07-21 20:21:23.053 - RealTimeSTT: realtimestt - INFO - State changed from 'inactive' to 'listening'
2026-07-21 20:21:23.053 - RealTimeSTT: realtimestt - DEBUG - Waiting for recording start
2026-07-21 20:21:24.234 - RealTimeSTT: realtimestt - INFO - voice activity detected
2026-07-21 20:21:24.234 - RealTimeSTT: realtimestt - INFO - recording started
2026-07-21 20:21:24.234 - RealTimeSTT: realtimestt - INFO - State changed from 'listening' to 'recording'
2026-07-21 20:21:24.234 - RealTimeSTT: realtimestt - DEBUG - Waiting for recording stop
2026-07-21 20:21:29.284 - RealTimeSTT: realtimestt - INFO - recording stopped
2026-07-21 20:21:29.286 - RealTimeSTT: realtimestt - DEBUG - No samples removed, final audio length: 97280
2026-07-21 20:21:29.286 - RealTimeSTT: realtimestt - INFO - State changed from 'recording' to 'inactive'
2026-07-21 20:21:29.286 - RealTimeSTT: realtimestt - INFO - State changed from 'inactive' to 'transcribing'
2026-07-21 20:21:29.286 - RealTimeSTT: realtimestt - DEBUG - Adding transcription request, no early transcription started
2026-07-21 20:21:29.306 - RealTimeSTT: realtimestt - DEBUG - Receive from parent_transcription_pipe after sendiung transcription request, transcribe_count: 1
2026-07-21 20:21:29.406 - RealTimeSTT: realtimestt - DEBUG - Receive from parent_transcription_pipe after sendiung transcription request, transcribe_count: 1
2026-07-21 20:21:29.478 - RealTimeSTT: realtimestt - INFO - State changed from 'transcribing' to 'inactive'
2026-07-21 20:21:29.480 - RealTimeSTT: realtimestt - DEBUG - Model tiny.en completed transcription in 0.19 seconds
2026-07-21 20:21:29.480 - RealTimeSTT: realtimestt - INFO - Setting listen time
2026-07-21 20:21:29.480 - RealTimeSTT: realtimestt - INFO - State changed from 'inactive' to 'listening'
2026-07-21 20:21:29.480 - RealTimeSTT: realtimestt - DEBUG - Waiting for recording start
2026-07-21 20:21:46.504 - RealTimeSTT: realtimestt - INFO - voice activity detected
2026-07-21 20:21:46.504 - RealTimeSTT: realtimestt - INFO - recording started
2026-07-21 20:21:46.504 - RealTimeSTT: realtimestt - INFO - State changed from 'listening' to 'recording'
2026-07-21 20:21:46.504 - RealTimeSTT: realtimestt - DEBUG - Waiting for recording stop
2026-07-21 20:21:47.525 - RealTimeSTT: realtimestt - INFO - recording stopped
2026-07-21 20:21:47.525 - RealTimeSTT: realtimestt - DEBUG - No samples removed, final audio length: 32768
2026-07-21 20:21:47.525 - RealTimeSTT: realtimestt - INFO - State changed from 'recording' to 'inactive'
2026-07-21 20:21:47.525 - RealTimeSTT: realtimestt - INFO - State changed from 'inactive' to 'transcribing'
2026-07-21 20:21:47.525 - RealTimeSTT: realtimestt - DEBUG - Adding transcription request, no early transcription started
2026-07-21 20:21:47.545 - RealTimeSTT: realtimestt - DEBUG - Receive from parent_transcription_pipe after sendiung transcription request, transcribe_count: 1
2026-07-21 20:21:47.646 - RealTimeSTT: realtimestt - DEBUG - Receive from parent_transcription_pipe after sendiung transcription request, transcribe_count: 1
2026-07-21 20:21:47.693 - RealTimeSTT: realtimestt - INFO - State changed from 'transcribing' to 'inactive'
2026-07-21 20:21:47.694 - RealTimeSTT: realtimestt - DEBUG - Model tiny.en completed transcription in 0.17 seconds
2026-07-21 20:21:47.694 - RealTimeSTT: realtimestt - INFO - Setting listen time
2026-07-21 20:21:47.694 - RealTimeSTT: realtimestt - INFO - State changed from 'inactive' to 'listening'
2026-07-21 20:21:47.694 - RealTimeSTT: realtimestt - DEBUG - Waiting for recording start
2026-07-21 20:21:53.164 - RealTimeSTT: realtimestt - INFO - voice activity detected
2026-07-21 20:21:53.164 - RealTimeSTT: realtimestt - INFO - recording started
2026-07-21 20:21:53.165 - RealTimeSTT: realtimestt - INFO - State changed from 'listening' to 'recording'
2026-07-21 20:21:53.165 - RealTimeSTT: realtimestt - DEBUG - Waiting for recording stop
2026-07-21 20:21:56.108 - RealTimeSTT: realtimestt - INFO - recording stopped
2026-07-21 20:21:56.110 - RealTimeSTT: realtimestt - DEBUG - No samples removed, final audio length: 63488
2026-07-21 20:21:56.110 - RealTimeSTT: realtimestt - INFO - State changed from 'recording' to 'inactive'
2026-07-21 20:21:56.110 - RealTimeSTT: realtimestt - INFO - State changed from 'inactive' to 'transcribing'
2026-07-21 20:21:56.110 - RealTimeSTT: realtimestt - DEBUG - Adding transcription request, no early transcription started
2026-07-21 20:21:56.119 - RealTimeSTT: realtimestt - DEBUG - Receive from parent_transcription_pipe after sendiung transcription request, transcribe_count: 1
2026-07-21 20:21:56.220 - RealTimeSTT: realtimestt - DEBUG - Receive from parent_transcription_pipe after sendiung transcription request, transcribe_count: 1
2026-07-21 20:21:56.291 - RealTimeSTT: realtimestt - INFO - State changed from 'transcribing' to 'inactive'
2026-07-21 20:21:56.292 - RealTimeSTT: realtimestt - DEBUG - Model tiny.en completed transcription in 0.18 seconds
2026-07-21 20:21:56.292 - RealTimeSTT: realtimestt - INFO - Setting listen time
2026-07-21 20:21:56.292 - RealTimeSTT: realtimestt - INFO - State changed from 'inactive' to 'listening'
2026-07-21 20:21:56.292 - RealTimeSTT: realtimestt - DEBUG - Waiting for recording start
2026-07-21 20:22:26.185 - RealTimeSTT: realtimestt - INFO - voice activity detected
2026-07-21 20:22:26.185 - RealTimeSTT: realtimestt - INFO - recording started
2026-07-21 20:22:26.185 - RealTimeSTT: realtimestt - INFO - State changed from 'listening' to 'recording'
2026-07-21 20:22:26.185 - RealTimeSTT: realtimestt - DEBUG - Waiting for recording stop
2026-07-21 20:22:27.465 - RealTimeSTT: realtimestt - INFO - recording stopped
2026-07-21 20:22:27.466 - RealTimeSTT: realtimestt - DEBUG - No samples removed, final audio length: 36864
2026-07-21 20:22:27.466 - RealTimeSTT: realtimestt - INFO - State changed from 'recording' to 'inactive'
2026-07-21 20:22:27.466 - RealTimeSTT: realtimestt - INFO - State changed from 'inactive' to 'transcribing'
2026-07-21 20:22:27.466 - RealTimeSTT: realtimestt - DEBUG - Adding transcription request, no early transcription started
2026-07-21 20:22:27.467 - RealTimeSTT: realtimestt - DEBUG - Receive from parent_transcription_pipe after sendiung transcription request, transcribe_count: 1
2026-07-21 20:22:27.567 - RealTimeSTT: realtimestt - DEBUG - Receive from parent_transcription_pipe after sendiung transcription request, transcribe_count: 1
2026-07-21 20:22:27.641 - RealTimeSTT: realtimestt - INFO - State changed from 'transcribing' to 'inactive'
2026-07-21 20:22:27.642 - RealTimeSTT: realtimestt - DEBUG - Model tiny.en completed transcription in 0.18 seconds
2026-07-21 20:22:27.642 - RealTimeSTT: realtimestt - INFO - Setting listen time
2026-07-21 20:22:27.642 - RealTimeSTT: realtimestt - INFO - State changed from 'inactive' to 'listening'
2026-07-21 20:22:27.642 - RealTimeSTT: realtimestt - DEBUG - Waiting for recording start
2026-07-21 20:22:40.905 - RealTimeSTT: realtimestt - INFO - voice activity detected
2026-07-21 20:22:40.905 - RealTimeSTT: realtimestt - INFO - recording started
2026-07-21 20:22:40.905 - RealTimeSTT: realtimestt - INFO - State changed from 'listening' to 'recording'
2026-07-21 20:22:40.905 - RealTimeSTT: realtimestt - DEBUG - Waiting for recording stop
2026-07-21 20:22:43.405 - RealTimeSTT: realtimestt - INFO - recording stopped
2026-07-21 20:22:43.406 - RealTimeSTT: realtimestt - DEBUG - No samples removed, final audio length: 56320
2026-07-21 20:22:43.406 - RealTimeSTT: realtimestt - INFO - State changed from 'recording' to 'inactive'
2026-07-21 20:22:43.406 - RealTimeSTT: realtimestt - INFO - State changed from 'inactive' to 'transcribing'
2026-07-21 20:22:43.406 - RealTimeSTT: realtimestt - DEBUG - Adding transcription request, no early transcription started
2026-07-21 20:22:43.407 - RealTimeSTT: realtimestt - DEBUG - Receive from parent_transcription_pipe after sendiung transcription request, transcribe_count: 1
2026-07-21 20:22:43.506 - RealTimeSTT: realtimestt - DEBUG - Receive from parent_transcription_pipe after sendiung transcription request, transcribe_count: 1
2026-07-21 20:22:43.586 - RealTimeSTT: realtimestt - INFO - State changed from 'transcribing' to 'inactive'
2026-07-21 20:22:43.587 - RealTimeSTT: realtimestt - DEBUG - Model tiny.en completed transcription in 0.18 seconds
2026-07-21 20:22:43.587 - RealTimeSTT: realtimestt - INFO - Setting listen time
2026-07-21 20:22:43.587 - RealTimeSTT: realtimestt - INFO - State changed from 'inactive' to 'listening'
2026-07-21 20:22:43.587 - RealTimeSTT: realtimestt - DEBUG - Waiting for recording start
2026-07-21 20:23:52.906 - RealTimeSTT: realtimestt - INFO - voice activity detected
2026-07-21 20:23:52.906 - RealTimeSTT: realtimestt - INFO - recording started
2026-07-21 20:23:52.906 - RealTimeSTT: realtimestt - INFO - State changed from 'listening' to 'recording'
2026-07-21 20:23:52.906 - RealTimeSTT: realtimestt - DEBUG - Waiting for recording stop
2026-07-21 20:23:57.066 - RealTimeSTT: realtimestt - INFO - recording stopped
2026-07-21 20:23:57.068 - RealTimeSTT: realtimestt - DEBUG - No samples removed, final audio length: 82944
2026-07-21 20:23:57.068 - RealTimeSTT: realtimestt - INFO - State changed from 'recording' to 'inactive'
2026-07-21 20:23:57.068 - RealTimeSTT: realtimestt - INFO - State changed from 'inactive' to 'transcribing'
2026-07-21 20:23:57.068 - RealTimeSTT: realtimestt - DEBUG - Adding transcription request, no early transcription started
2026-07-21 20:23:57.078 - RealTimeSTT: realtimestt - DEBUG - Receive from parent_transcription_pipe after sendiung transcription request, transcribe_count: 1
2026-07-21 20:23:57.178 - RealTimeSTT: realtimestt - DEBUG - Receive from parent_transcription_pipe after sendiung transcription request, transcribe_count: 1
2026-07-21 20:23:57.231 - RealTimeSTT: realtimestt - INFO - State changed from 'transcribing' to 'inactive'
2026-07-21 20:23:57.232 - RealTimeSTT: realtimestt - DEBUG - Model tiny.en completed transcription in 0.16 seconds
2026-07-21 20:23:57.232 - RealTimeSTT: realtimestt - INFO - Setting listen time
2026-07-21 20:23:57.232 - RealTimeSTT: realtimestt - INFO - State changed from 'inactive' to 'listening'
2026-07-21 20:23:57.232 - RealTimeSTT: realtimestt - DEBUG - Waiting for recording start
2026-07-21 20:25:09.577 - RealTimeSTT: realtimestt - INFO - voice activity detected
2026-07-21 20:25:09.577 - RealTimeSTT: realtimestt - INFO - recording started
2026-07-21 20:25:09.577 - RealTimeSTT: realtimestt - INFO - State changed from 'listening' to 'recording'
2026-07-21 20:25:09.577 - RealTimeSTT: realtimestt - DEBUG - Waiting for recording stop
2026-07-21 20:25:10.217 - RealTimeSTT: realtimestt - INFO - recording stopped
2026-07-21 20:25:10.218 - RealTimeSTT: realtimestt - DEBUG - No samples removed, final audio length: 26624
2026-07-21 20:25:10.218 - RealTimeSTT: realtimestt - INFO - State changed from 'recording' to 'inactive'
2026-07-21 20:25:10.218 - RealTimeSTT: realtimestt - INFO - State changed from 'inactive' to 'transcribing'
2026-07-21 20:25:10.218 - RealTimeSTT: realtimestt - DEBUG - Adding transcription request, no early transcription started
2026-07-21 20:25:10.219 - RealTimeSTT: realtimestt - DEBUG - Receive from parent_transcription_pipe after sendiung transcription request, transcribe_count: 1
2026-07-21 20:25:10.221 - RealTimeSTT: realtimestt - INFO - State changed from 'transcribing' to 'inactive'
2026-07-21 20:25:10.222 - RealTimeSTT: realtimestt - DEBUG - Model tiny.en completed transcription in 0.00 seconds
2026-07-21 20:25:10.222 - RealTimeSTT: realtimestt - INFO - Setting listen time
2026-07-21 20:25:10.222 - RealTimeSTT: realtimestt - INFO - State changed from 'inactive' to 'listening'
2026-07-21 20:25:10.222 - RealTimeSTT: realtimestt - DEBUG - Waiting for recording start
2026-07-21 21:09:59.344 - RealTimeSTT: realtimestt - INFO - voice activity detected
2026-07-21 21:09:59.344 - RealTimeSTT: realtimestt - INFO - recording started
2026-07-21 21:09:59.344 - RealTimeSTT: realtimestt - INFO - State changed from 'listening' to 'recording'
2026-07-21 21:09:59.344 - RealTimeSTT: realtimestt - DEBUG - Waiting for recording stop
2026-07-21 21:09:59.984 - RealTimeSTT: realtimestt - INFO - recording stopped
2026-07-21 21:09:59.985 - RealTimeSTT: realtimestt - DEBUG - No samples removed, final audio length: 26624
2026-07-21 21:09:59.985 - RealTimeSTT: realtimestt - INFO - State changed from 'recording' to 'inactive'
2026-07-21 21:09:59.985 - RealTimeSTT: realtimestt - INFO - State changed from 'inactive' to 'transcribing'
2026-07-21 21:09:59.985 - RealTimeSTT: realtimestt - DEBUG - Adding transcription request, no early transcription started
2026-07-21 21:10:00.002 - RealTimeSTT: realtimestt - DEBUG - Receive from parent_transcription_pipe after sendiung transcription request, transcribe_count: 1
2026-07-21 21:10:00.004 - RealTimeSTT: realtimestt - INFO - State changed from 'transcribing' to 'inactive'
2026-07-21 21:10:00.005 - RealTimeSTT: realtimestt - DEBUG - Model tiny.en completed transcription in 0.02 seconds
2026-07-21 21:10:00.005 - RealTimeSTT: realtimestt - INFO - Setting listen time
2026-07-21 21:10:00.005 - RealTimeSTT: realtimestt - INFO - State changed from 'inactive' to 'listening'
2026-07-21 21:10:00.005 - RealTimeSTT: realtimestt - DEBUG - Waiting for recording start
2026-07-21 21:15:57.239 - RealTimeSTT: realtimestt - INFO - voice activity detected
2026-07-21 21:15:57.239 - RealTimeSTT: realtimestt - INFO - recording started
2026-07-21 21:15:57.239 - RealTimeSTT: realtimestt - INFO - State changed from 'listening' to 'recording'
2026-07-21 21:15:57.239 - RealTimeSTT: realtimestt - DEBUG - Waiting for recording stop
2026-07-21 21:15:58.579 - RealTimeSTT: realtimestt - INFO - recording stopped
2026-07-21 21:15:58.580 - RealTimeSTT: realtimestt - DEBUG - No samples removed, final audio length: 37888
2026-07-21 21:15:58.580 - RealTimeSTT: realtimestt - INFO - State changed from 'recording' to 'inactive'
2026-07-21 21:15:58.580 - RealTimeSTT: realtimestt - INFO - State changed from 'inactive' to 'transcribing'
2026-07-21 21:15:58.580 - RealTimeSTT: realtimestt - DEBUG - Adding transcription request, no early transcription started
2026-07-21 21:15:58.580 - RealTimeSTT: realtimestt - DEBUG - Receive from parent_transcription_pipe after sendiung transcription request, transcribe_count: 1
2026-07-21 21:15:58.681 - RealTimeSTT: realtimestt - DEBUG - Receive from parent_transcription_pipe after sendiung transcription request, transcribe_count: 1
2026-07-21 21:15:58.719 - RealTimeSTT: realtimestt - INFO - State changed from 'transcribing' to 'inactive'
2026-07-21 21:15:58.719 - RealTimeSTT: realtimestt - DEBUG - Model tiny.en completed transcription in 0.14 seconds
2026-07-21 21:15:58.719 - RealTimeSTT: realtimestt - INFO - Setting listen time
2026-07-21 21:15:58.719 - RealTimeSTT: realtimestt - INFO - State changed from 'inactive' to 'listening'
2026-07-21 21:15:58.720 - RealTimeSTT: realtimestt - DEBUG - Waiting for recording start
2026-07-21 21:16:06.709 - RealTimeSTT: realtimestt - INFO - voice activity detected
2026-07-21 21:16:06.709 - RealTimeSTT: realtimestt - INFO - recording started
2026-07-21 21:16:06.709 - RealTimeSTT: realtimestt - INFO - State changed from 'listening' to 'recording'
2026-07-21 21:16:06.709 - RealTimeSTT: realtimestt - DEBUG - Waiting for recording stop
2026-07-21 21:16:12.659 - RealTimeSTT: realtimestt - INFO - recording stopped
2026-07-21 21:16:12.661 - RealTimeSTT: realtimestt - DEBUG - No samples removed, final audio length: 111616
2026-07-21 21:16:12.661 - RealTimeSTT: realtimestt - INFO - State changed from 'recording' to 'inactive'
2026-07-21 21:16:12.661 - RealTimeSTT: realtimestt - INFO - State changed from 'inactive' to 'transcribing'
2026-07-21 21:16:12.661 - RealTimeSTT: realtimestt - DEBUG - Adding transcription request, no early transcription started
2026-07-21 21:16:12.662 - RealTimeSTT: realtimestt - DEBUG - Receive from parent_transcription_pipe after sendiung transcription request, transcribe_count: 1
2026-07-21 21:16:12.670 - RealTimeSTT: realtimestt - INFO - State changed from 'transcribing' to 'inactive'
2026-07-21 21:16:12.671 - RealTimeSTT: realtimestt - DEBUG - Model tiny.en completed transcription in 0.01 seconds
2026-07-21 21:16:12.672 - RealTimeSTT: realtimestt - INFO - Setting listen time
2026-07-21 21:16:12.672 - RealTimeSTT: realtimestt - INFO - State changed from 'inactive' to 'listening'
2026-07-21 21:16:12.672 - RealTimeSTT: realtimestt - DEBUG - Waiting for recording start
2026-07-21 21:18:04.531 - RealTimeSTT: realtimestt - INFO - voice activity detected
2026-07-21 21:18:04.531 - RealTimeSTT: realtimestt - INFO - recording started
2026-07-21 21:18:04.531 - RealTimeSTT: realtimestt - INFO - State changed from 'listening' to 'recording'
2026-07-21 21:18:04.531 - RealTimeSTT: realtimestt - DEBUG - Waiting for recording stop
2026-07-21 21:18:05.171 - RealTimeSTT: realtimestt - INFO - recording stopped
2026-07-21 21:18:05.171 - RealTimeSTT: realtimestt - DEBUG - No samples removed, final audio length: 26624
2026-07-21 21:18:05.171 - RealTimeSTT: realtimestt - INFO - State changed from 'recording' to 'inactive'
2026-07-21 21:18:05.172 - RealTimeSTT: realtimestt - INFO - State changed from 'inactive' to 'transcribing'
2026-07-21 21:18:05.172 - RealTimeSTT: realtimestt - DEBUG - Adding transcription request, no early transcription started
2026-07-21 21:18:05.180 - RealTimeSTT: realtimestt - DEBUG - Receive from parent_transcription_pipe after sendiung transcription request, transcribe_count: 1
2026-07-21 21:18:05.183 - RealTimeSTT: realtimestt - INFO - State changed from 'transcribing' to 'inactive'
2026-07-21 21:18:05.183 - RealTimeSTT: realtimestt - DEBUG - Model tiny.en completed transcription in 0.01 seconds
2026-07-21 21:18:05.183 - RealTimeSTT: realtimestt - INFO - Setting listen time
2026-07-21 21:18:05.183 - RealTimeSTT: realtimestt - INFO - State changed from 'inactive' to 'listening'
2026-07-21 21:18:05.183 - RealTimeSTT: realtimestt - DEBUG - Waiting for recording start
2026-07-21 21:21:04.823 - RealTimeSTT: realtimestt - INFO - voice activity detected
2026-07-21 21:21:04.823 - RealTimeSTT: realtimestt - INFO - recording started
2026-07-21 21:21:04.823 - RealTimeSTT: realtimestt - INFO - State changed from 'listening' to 'recording'
2026-07-21 21:21:04.823 - RealTimeSTT: realtimestt - DEBUG - Waiting for recording stop
2026-07-21 21:21:05.593 - RealTimeSTT: realtimestt - INFO - recording stopped
2026-07-21 21:21:05.594 - RealTimeSTT: realtimestt - DEBUG - No samples removed, final audio length: 28672
2026-07-21 21:21:05.594 - RealTimeSTT: realtimestt - INFO - State changed from 'recording' to 'inactive'
2026-07-21 21:21:05.594 - RealTimeSTT: realtimestt - INFO - State changed from 'inactive' to 'transcribing'
2026-07-21 21:21:05.594 - RealTimeSTT: realtimestt - DEBUG - Adding transcription request, no early transcription started
2026-07-21 21:21:05.594 - RealTimeSTT: realtimestt - DEBUG - Receive from parent_transcription_pipe after sendiung transcription request, transcribe_count: 1
2026-07-21 21:21:05.694 - RealTimeSTT: realtimestt - DEBUG - Receive from parent_transcription_pipe after sendiung transcription request, transcribe_count: 1
2026-07-21 21:21:05.759 - RealTimeSTT: realtimestt - INFO - State changed from 'transcribing' to 'inactive'
2026-07-21 21:21:05.759 - RealTimeSTT: realtimestt - DEBUG - Model tiny.en completed transcription in 0.17 seconds
2026-07-21 21:21:05.760 - RealTimeSTT: realtimestt - INFO - Setting listen time
2026-07-21 21:21:05.760 - RealTimeSTT: realtimestt - INFO - State changed from 'inactive' to 'listening'
2026-07-21 21:21:05.760 - RealTimeSTT: realtimestt - DEBUG - Waiting for recording start
2026-07-21 21:33:57.824 - RealTimeSTT: realtimestt - INFO - voice activity detected
2026-07-21 21:33:57.824 - RealTimeSTT: realtimestt - INFO - recording started
2026-07-21 21:33:57.824 - RealTimeSTT: realtimestt - INFO - State changed from 'listening' to 'recording'
2026-07-21 21:33:57.824 - RealTimeSTT: realtimestt - DEBUG - Waiting for recording stop
2026-07-21 21:34:02.824 - RealTimeSTT: realtimestt - INFO - recording stopped
2026-07-21 21:34:02.826 - RealTimeSTT: realtimestt - DEBUG - No samples removed, final audio length: 96256
2026-07-21 21:34:02.826 - RealTimeSTT: realtimestt - INFO - State changed from 'recording' to 'inactive'
2026-07-21 21:34:02.826 - RealTimeSTT: realtimestt - INFO - State changed from 'inactive' to 'transcribing'
2026-07-21 21:34:02.826 - RealTimeSTT: realtimestt - DEBUG - Adding transcription request, no early transcription started
2026-07-21 21:34:02.826 - RealTimeSTT: realtimestt - DEBUG - Receive from parent_transcription_pipe after sendiung transcription request, transcribe_count: 1
2026-07-21 21:34:02.833 - RealTimeSTT: realtimestt - INFO - State changed from 'transcribing' to 'inactive'
2026-07-21 21:34:02.834 - RealTimeSTT: realtimestt - DEBUG - Model tiny.en completed transcription in 0.01 seconds
2026-07-21 21:34:02.834 - RealTimeSTT: realtimestt - INFO - Setting listen time
2026-07-21 21:34:02.834 - RealTimeSTT: realtimestt - INFO - State changed from 'inactive' to 'listening'
2026-07-21 21:34:02.834 - RealTimeSTT: realtimestt - DEBUG - Waiting for recording start
2026-07-21 21:35:25.445 - RealTimeSTT: realtimestt - INFO - voice activity detected
2026-07-21 21:35:25.445 - RealTimeSTT: realtimestt - INFO - recording started
2026-07-21 21:35:25.445 - RealTimeSTT: realtimestt - INFO - State changed from 'listening' to 'recording'
2026-07-21 21:35:25.445 - RealTimeSTT: realtimestt - DEBUG - Waiting for recording stop
2026-07-21 21:35:27.365 - RealTimeSTT: realtimestt - INFO - recording stopped
2026-07-21 21:35:27.366 - RealTimeSTT: realtimestt - DEBUG - No samples removed, final audio length: 47104
2026-07-21 21:35:27.366 - RealTimeSTT: realtimestt - INFO - State changed from 'recording' to 'inactive'
2026-07-21 21:35:27.366 - RealTimeSTT: realtimestt - INFO - State changed from 'inactive' to 'transcribing'
2026-07-21 21:35:27.366 - RealTimeSTT: realtimestt - DEBUG - Adding transcription request, no early transcription started
2026-07-21 21:35:27.367 - RealTimeSTT: realtimestt - DEBUG - Receive from parent_transcription_pipe after sendiung transcription request, transcribe_count: 1
2026-07-21 21:35:27.467 - RealTimeSTT: realtimestt - DEBUG - Receive from parent_transcription_pipe after sendiung transcription request, transcribe_count: 1
2026-07-21 21:35:27.514 - RealTimeSTT: realtimestt - INFO - State changed from 'transcribing' to 'inactive'
2026-07-21 21:35:27.515 - RealTimeSTT: realtimestt - DEBUG - Model tiny.en completed transcription in 0.15 seconds
2026-07-21 21:35:27.515 - RealTimeSTT: realtimestt - INFO - Setting listen time
2026-07-21 21:35:27.515 - RealTimeSTT: realtimestt - INFO - State changed from 'inactive' to 'listening'
2026-07-21 21:35:27.515 - RealTimeSTT: realtimestt - DEBUG - Waiting for recording start
2026-07-21 21:35:28.455 - RealTimeSTT: realtimestt - INFO - voice activity detected
2026-07-21 21:35:28.455 - RealTimeSTT: realtimestt - INFO - recording started
2026-07-21 21:35:28.455 - RealTimeSTT: realtimestt - INFO - State changed from 'listening' to 'recording'
2026-07-21 21:35:28.455 - RealTimeSTT: realtimestt - DEBUG - Waiting for recording stop
2026-07-21 21:35:32.546 - RealTimeSTT: realtimestt - INFO - recording stopped
2026-07-21 21:35:32.547 - RealTimeSTT: realtimestt - DEBUG - No samples removed, final audio length: 81920
2026-07-21 21:35:32.547 - RealTimeSTT: realtimestt - INFO - State changed from 'recording' to 'inactive'
2026-07-21 21:35:32.547 - RealTimeSTT: realtimestt - INFO - State changed from 'inactive' to 'transcribing'
2026-07-21 21:35:32.547 - RealTimeSTT: realtimestt - DEBUG - Adding transcription request, no early transcription started
2026-07-21 21:35:32.560 - RealTimeSTT: realtimestt - DEBUG - Receive from parent_transcription_pipe after sendiung transcription request, transcribe_count: 1
2026-07-21 21:35:32.661 - RealTimeSTT: realtimestt - DEBUG - Receive from parent_transcription_pipe after sendiung transcription request, transcribe_count: 1
2026-07-21 21:35:32.711 - RealTimeSTT: realtimestt - INFO - State changed from 'transcribing' to 'inactive'
2026-07-21 21:35:32.712 - RealTimeSTT: realtimestt - DEBUG - Model tiny.en completed transcription in 0.16 seconds
2026-07-21 21:35:32.712 - RealTimeSTT: realtimestt - INFO - Setting listen time
2026-07-21 21:35:32.712 - RealTimeSTT: realtimestt - INFO - State changed from 'inactive' to 'listening'
2026-07-21 21:35:32.712 - RealTimeSTT: realtimestt - DEBUG - Waiting for recording start
2026-07-21 21:39:58.919 - RealTimeSTT: realtimestt - INFO - voice activity detected
2026-07-21 21:39:58.919 - RealTimeSTT: realtimestt - INFO - recording started
2026-07-21 21:39:58.919 - RealTimeSTT: realtimestt - INFO - State changed from 'listening' to 'recording'
2026-07-21 21:39:58.919 - RealTimeSTT: realtimestt - DEBUG - Waiting for recording stop
2026-07-21 21:40:00.139 - RealTimeSTT: realtimestt - INFO - recording stopped
2026-07-21 21:40:00.140 - RealTimeSTT: realtimestt - DEBUG - No samples removed, final audio length: 35840
2026-07-21 21:40:00.140 - RealTimeSTT: realtimestt - INFO - State changed from 'recording' to 'inactive'
2026-07-21 21:40:00.140 - RealTimeSTT: realtimestt - INFO - State changed from 'inactive' to 'transcribing'
2026-07-21 21:40:00.140 - RealTimeSTT: realtimestt - DEBUG - Adding transcription request, no early transcription started
2026-07-21 21:40:00.140 - RealTimeSTT: realtimestt - DEBUG - Receive from parent_transcription_pipe after sendiung transcription request, transcribe_count: 1
2026-07-21 21:40:00.240 - RealTimeSTT: realtimestt - DEBUG - Receive from parent_transcription_pipe after sendiung transcription request, transcribe_count: 1
2026-07-21 21:40:00.283 - RealTimeSTT: realtimestt - INFO - State changed from 'transcribing' to 'inactive'
2026-07-21 21:40:00.283 - RealTimeSTT: realtimestt - DEBUG - Model tiny.en completed transcription in 0.14 seconds
2026-07-21 21:40:00.283 - RealTimeSTT: realtimestt - INFO - Setting listen time
2026-07-21 21:40:00.283 - RealTimeSTT: realtimestt - INFO - State changed from 'inactive' to 'listening'
2026-07-21 21:40:00.284 - RealTimeSTT: realtimestt - DEBUG - Waiting for recording start
2026-07-21 21:41:02.029 - RealTimeSTT: realtimestt - INFO - voice activity detected
2026-07-21 21:41:02.030 - RealTimeSTT: realtimestt - INFO - recording started
2026-07-21 21:41:02.030 - RealTimeSTT: realtimestt - INFO - State changed from 'listening' to 'recording'
2026-07-21 21:41:02.030 - RealTimeSTT: realtimestt - DEBUG - Waiting for recording stop
2026-07-21 21:41:02.670 - RealTimeSTT: realtimestt - INFO - recording stopped
2026-07-21 21:41:02.670 - RealTimeSTT: realtimestt - DEBUG - No samples removed, final audio length: 26624
2026-07-21 21:41:02.670 - RealTimeSTT: realtimestt - INFO - State changed from 'recording' to 'inactive'
2026-07-21 21:41:02.670 - RealTimeSTT: realtimestt - INFO - State changed from 'inactive' to 'transcribing'
2026-07-21 21:41:02.670 - RealTimeSTT: realtimestt - DEBUG - Adding transcription request, no early transcription started
2026-07-21 21:41:02.671 - RealTimeSTT: realtimestt - DEBUG - Receive from parent_transcription_pipe after sendiung transcription request, transcribe_count: 1
2026-07-21 21:41:02.770 - RealTimeSTT: realtimestt - DEBUG - Receive from parent_transcription_pipe after sendiung transcription request, transcribe_count: 1
2026-07-21 21:41:02.810 - RealTimeSTT: realtimestt - INFO - State changed from 'transcribing' to 'inactive'
2026-07-21 21:41:02.810 - RealTimeSTT: realtimestt - DEBUG - Model tiny.en completed transcription in 0.14 seconds
2026-07-21 21:41:02.811 - RealTimeSTT: realtimestt - INFO - Setting listen time
2026-07-21 21:41:02.811 - RealTimeSTT: realtimestt - INFO - State changed from 'inactive' to 'listening'
2026-07-21 21:41:02.811 - RealTimeSTT: realtimestt - DEBUG - Waiting for recording start
2026-07-21 21:51:08.118 - RealTimeSTT: realtimestt - INFO - voice activity detected
2026-07-21 21:51:08.118 - RealTimeSTT: realtimestt - INFO - recording started
2026-07-21 21:51:08.118 - RealTimeSTT: realtimestt - INFO - State changed from 'listening' to 'recording'
2026-07-21 21:51:08.118 - RealTimeSTT: realtimestt - DEBUG - Waiting for recording stop
2026-07-21 21:51:10.548 - RealTimeSTT: realtimestt - INFO - recording stopped
2026-07-21 21:51:10.549 - RealTimeSTT: realtimestt - DEBUG - No samples removed, final audio length: 55296
2026-07-21 21:51:10.549 - RealTimeSTT: realtimestt - INFO - State changed from 'recording' to 'inactive'
2026-07-21 21:51:10.549 - RealTimeSTT: realtimestt - INFO - State changed from 'inactive' to 'transcribing'
2026-07-21 21:51:10.549 - RealTimeSTT: realtimestt - DEBUG - Adding transcription request, no early transcription started
2026-07-21 21:51:10.568 - RealTimeSTT: realtimestt - DEBUG - Receive from parent_transcription_pipe after sendiung transcription request, transcribe_count: 1
2026-07-21 21:51:10.668 - RealTimeSTT: realtimestt - DEBUG - Receive from parent_transcription_pipe after sendiung transcription request, transcribe_count: 1
2026-07-21 21:51:10.751 - RealTimeSTT: realtimestt - INFO - State changed from 'transcribing' to 'inactive'
2026-07-21 21:51:10.751 - RealTimeSTT: realtimestt - DEBUG - Model tiny.en completed transcription in 0.20 seconds
2026-07-21 21:51:10.752 - RealTimeSTT: realtimestt - INFO - Setting listen time
2026-07-21 21:51:10.752 - RealTimeSTT: realtimestt - INFO - State changed from 'inactive' to 'listening'
2026-07-21 21:51:10.752 - RealTimeSTT: realtimestt - DEBUG - Waiting for recording start
2026-07-21 21:53:21.431 - RealTimeSTT: realtimestt - INFO - voice activity detected
2026-07-21 21:53:21.431 - RealTimeSTT: realtimestt - INFO - recording started
2026-07-21 21:53:21.431 - RealTimeSTT: realtimestt - INFO - State changed from 'listening' to 'recording'
2026-07-21 21:53:21.431 - RealTimeSTT: realtimestt - DEBUG - Waiting for recording stop
2026-07-21 21:53:22.070 - RealTimeSTT: realtimestt - INFO - recording stopped
2026-07-21 21:53:22.071 - RealTimeSTT: realtimestt - DEBUG - No samples removed, final audio length: 26624
2026-07-21 21:53:22.071 - RealTimeSTT: realtimestt - INFO - State changed from 'recording' to 'inactive'
2026-07-21 21:53:22.071 - RealTimeSTT: realtimestt - INFO - State changed from 'inactive' to 'transcribing'
2026-07-21 21:53:22.071 - RealTimeSTT: realtimestt - DEBUG - Adding transcription request, no early transcription started
2026-07-21 21:53:22.072 - RealTimeSTT: realtimestt - DEBUG - Receive from parent_transcription_pipe after sendiung transcription request, transcribe_count: 1
2026-07-21 21:53:22.076 - RealTimeSTT: realtimestt - INFO - State changed from 'transcribing' to 'inactive'
2026-07-21 21:53:22.076 - RealTimeSTT: realtimestt - DEBUG - Model tiny.en completed transcription in 0.00 seconds
2026-07-21 21:53:22.076 - RealTimeSTT: realtimestt - INFO - Setting listen time
2026-07-21 21:53:22.076 - RealTimeSTT: realtimestt - INFO - State changed from 'inactive' to 'listening'
2026-07-21 21:53:22.076 - RealTimeSTT: realtimestt - DEBUG - Waiting for recording start
2026-07-21 21:54:10.260 - RealTimeSTT: realtimestt - INFO - voice activity detected
2026-07-21 21:54:10.260 - RealTimeSTT: realtimestt - INFO - recording started
2026-07-21 21:54:10.261 - RealTimeSTT: realtimestt - INFO - State changed from 'listening' to 'recording'
2026-07-21 21:54:10.261 - RealTimeSTT: realtimestt - DEBUG - Waiting for recording stop
2026-07-21 21:54:11.480 - RealTimeSTT: realtimestt - INFO - recording stopped
2026-07-21 21:54:11.482 - RealTimeSTT: realtimestt - DEBUG - No samples removed, final audio length: 35840
2026-07-21 21:54:11.482 - RealTimeSTT: realtimestt - INFO - State changed from 'recording' to 'inactive'
2026-07-21 21:54:11.482 - RealTimeSTT: realtimestt - INFO - State changed from 'inactive' to 'transcribing'
2026-07-21 21:54:11.482 - RealTimeSTT: realtimestt - DEBUG - Adding transcription request, no early transcription started
2026-07-21 21:54:11.497 - RealTimeSTT: realtimestt - DEBUG - Receive from parent_transcription_pipe after sendiung transcription request, transcribe_count: 1
2026-07-21 21:54:11.598 - RealTimeSTT: realtimestt - DEBUG - Receive from parent_transcription_pipe after sendiung transcription request, transcribe_count: 1
2026-07-21 21:54:11.633 - RealTimeSTT: realtimestt - INFO - State changed from 'transcribing' to 'inactive'
2026-07-21 21:54:11.634 - RealTimeSTT: realtimestt - DEBUG - Model tiny.en completed transcription in 0.15 seconds
2026-07-21 21:54:11.634 - RealTimeSTT: realtimestt - INFO - Setting listen time
2026-07-21 21:54:11.634 - RealTimeSTT: realtimestt - INFO - State changed from 'inactive' to 'listening'
2026-07-21 21:54:11.634 - RealTimeSTT: realtimestt - DEBUG - Waiting for recording start
2026-07-21 22:13:03.076 - RealTimeSTT: realtimestt - INFO - voice activity detected
2026-07-21 22:13:03.076 - RealTimeSTT: realtimestt - INFO - recording started
2026-07-21 22:13:03.076 - RealTimeSTT: realtimestt - INFO - State changed from 'listening' to 'recording'
2026-07-21 22:13:03.076 - RealTimeSTT: realtimestt - DEBUG - Waiting for recording stop
2026-07-21 22:13:04.296 - RealTimeSTT: realtimestt - INFO - recording stopped
2026-07-21 22:13:04.297 - RealTimeSTT: realtimestt - DEBUG - No samples removed, final audio length: 35840
2026-07-21 22:13:04.297 - RealTimeSTT: realtimestt - INFO - State changed from 'recording' to 'inactive'
2026-07-21 22:13:04.297 - RealTimeSTT: realtimestt - INFO - State changed from 'inactive' to 'transcribing'
2026-07-21 22:13:04.297 - RealTimeSTT: realtimestt - DEBUG - Adding transcription request, no early transcription started
2026-07-21 22:13:04.316 - RealTimeSTT: realtimestt - DEBUG - Receive from parent_transcription_pipe after sendiung transcription request, transcribe_count: 1
2026-07-21 22:13:04.417 - RealTimeSTT: realtimestt - DEBUG - Receive from parent_transcription_pipe after sendiung transcription request, transcribe_count: 1
2026-07-21 22:13:04.461 - RealTimeSTT: realtimestt - INFO - State changed from 'transcribing' to 'inactive'
2026-07-21 22:13:04.462 - RealTimeSTT: realtimestt - DEBUG - Model tiny.en completed transcription in 0.16 seconds
2026-07-21 22:13:04.462 - RealTimeSTT: realtimestt - INFO - Setting listen time
2026-07-21 22:13:04.462 - RealTimeSTT: realtimestt - INFO - State changed from 'inactive' to 'listening'
2026-07-21 22:13:04.462 - RealTimeSTT: realtimestt - DEBUG - Waiting for recording start
2026-07-21 22:13:07.496 - RealTimeSTT: realtimestt - INFO - voice activity detected
2026-07-21 22:13:07.496 - RealTimeSTT: realtimestt - INFO - recording started
2026-07-21 22:13:07.496 - RealTimeSTT: realtimestt - INFO - State changed from 'listening' to 'recording'
2026-07-21 22:13:07.496 - RealTimeSTT: realtimestt - DEBUG - Waiting for recording stop
2026-07-21 22:13:08.256 - RealTimeSTT: realtimestt - INFO - recording stopped
2026-07-21 22:13:08.256 - RealTimeSTT: realtimestt - DEBUG - No samples removed, final audio length: 28672
2026-07-21 22:13:08.257 - RealTimeSTT: realtimestt - INFO - State changed from 'recording' to 'inactive'
2026-07-21 22:13:08.257 - RealTimeSTT: realtimestt - INFO - State changed from 'inactive' to 'transcribing'
2026-07-21 22:13:08.257 - RealTimeSTT: realtimestt - DEBUG - Adding transcription request, no early transcription started
2026-07-21 22:13:08.265 - RealTimeSTT: realtimestt - DEBUG - Receive from parent_transcription_pipe after sendiung transcription request, transcribe_count: 1
2026-07-21 22:13:08.365 - RealTimeSTT: realtimestt - DEBUG - Receive from parent_transcription_pipe after sendiung transcription request, transcribe_count: 1
2026-07-21 22:13:08.398 - RealTimeSTT: realtimestt - INFO - State changed from 'transcribing' to 'inactive'
2026-07-21 22:13:08.398 - RealTimeSTT: realtimestt - DEBUG - Model tiny.en completed transcription in 0.14 seconds
2026-07-21 22:13:08.399 - RealTimeSTT: realtimestt - INFO - Setting listen time
2026-07-21 22:13:08.399 - RealTimeSTT: realtimestt - INFO - State changed from 'inactive' to 'listening'
2026-07-21 22:13:08.399 - RealTimeSTT: realtimestt - DEBUG - Waiting for recording start
2026-07-21 22:13:10.376 - RealTimeSTT: realtimestt - INFO - voice activity detected
2026-07-21 22:13:10.376 - RealTimeSTT: realtimestt - INFO - recording started
2026-07-21 22:13:10.376 - RealTimeSTT: realtimestt - INFO - State changed from 'listening' to 'recording'
2026-07-21 22:13:10.376 - RealTimeSTT: realtimestt - DEBUG - Waiting for recording stop
2026-07-21 22:13:12.226 - RealTimeSTT: realtimestt - INFO - recording stopped
2026-07-21 22:13:12.227 - RealTimeSTT: realtimestt - DEBUG - No samples removed, final audio length: 46080
2026-07-21 22:13:12.227 - RealTimeSTT: realtimestt - INFO - State changed from 'recording' to 'inactive'
2026-07-21 22:13:12.227 - RealTimeSTT: realtimestt - INFO - State changed from 'inactive' to 'transcribing'
2026-07-21 22:13:12.227 - RealTimeSTT: realtimestt - DEBUG - Adding transcription request, no early transcription started
2026-07-21 22:13:12.241 - RealTimeSTT: realtimestt - DEBUG - Receive from parent_transcription_pipe after sendiung transcription request, transcribe_count: 1
2026-07-21 22:13:12.341 - RealTimeSTT: realtimestt - DEBUG - Receive from parent_transcription_pipe after sendiung transcription request, transcribe_count: 1
2026-07-21 22:13:12.404 - RealTimeSTT: realtimestt - INFO - State changed from 'transcribing' to 'inactive'
2026-07-21 22:13:12.405 - RealTimeSTT: realtimestt - DEBUG - Model tiny.en completed transcription in 0.18 seconds
2026-07-21 22:13:12.405 - RealTimeSTT: realtimestt - INFO - Setting listen time
2026-07-21 22:13:12.405 - RealTimeSTT: realtimestt - INFO - State changed from 'inactive' to 'listening'
2026-07-21 22:13:12.405 - RealTimeSTT: realtimestt - DEBUG - Waiting for recording start
2026-07-21 22:13:19.456 - RealTimeSTT: realtimestt - INFO - voice activity detected
2026-07-21 22:13:19.456 - RealTimeSTT: realtimestt - INFO - recording started
2026-07-21 22:13:19.456 - RealTimeSTT: realtimestt - INFO - State changed from 'listening' to 'recording'
2026-07-21 22:13:19.456 - RealTimeSTT: realtimestt - DEBUG - Waiting for recording stop
2026-07-21 22:13:20.867 - RealTimeSTT: realtimestt - INFO - recording stopped
2026-07-21 22:13:20.867 - RealTimeSTT: realtimestt - DEBUG - No samples removed, final audio length: 38912
2026-07-21 22:13:20.868 - RealTimeSTT: realtimestt - INFO - State changed from 'recording' to 'inactive'
2026-07-21 22:13:20.868 - RealTimeSTT: realtimestt - INFO - State changed from 'inactive' to 'transcribing'
2026-07-21 22:13:20.868 - RealTimeSTT: realtimestt - DEBUG - Adding transcription request, no early transcription started
2026-07-21 22:13:20.868 - RealTimeSTT: realtimestt - DEBUG - Receive from parent_transcription_pipe after sendiung transcription request, transcribe_count: 1
2026-07-21 22:13:20.968 - RealTimeSTT: realtimestt - DEBUG - Receive from parent_transcription_pipe after sendiung transcription request, transcribe_count: 1
2026-07-21 22:13:21.030 - RealTimeSTT: realtimestt - INFO - State changed from 'transcribing' to 'inactive'
2026-07-21 22:13:21.031 - RealTimeSTT: realtimestt - DEBUG - Model tiny.en completed transcription in 0.16 seconds
2026-07-21 22:13:21.031 - RealTimeSTT: realtimestt - INFO - Setting listen time
2026-07-21 22:13:21.031 - RealTimeSTT: realtimestt - INFO - State changed from 'inactive' to 'listening'
2026-07-21 22:13:21.031 - RealTimeSTT: realtimestt - DEBUG - Waiting for recording start
2026-07-21 22:13:24.006 - RealTimeSTT: realtimestt - INFO - voice activity detected
2026-07-21 22:13:24.006 - RealTimeSTT: realtimestt - INFO - recording started
2026-07-21 22:13:24.006 - RealTimeSTT: realtimestt - INFO - State changed from 'listening' to 'recording'
2026-07-21 22:13:24.006 - RealTimeSTT: realtimestt - DEBUG - Waiting for recording stop
2026-07-21 22:13:29.506 - RealTimeSTT: realtimestt - INFO - recording stopped
2026-07-21 22:13:29.508 - RealTimeSTT: realtimestt - DEBUG - No samples removed, final audio length: 104448
2026-07-21 22:13:29.508 - RealTimeSTT: realtimestt - INFO - State changed from 'recording' to 'inactive'
2026-07-21 22:13:29.508 - RealTimeSTT: realtimestt - INFO - State changed from 'inactive' to 'transcribing'
2026-07-21 22:13:29.508 - RealTimeSTT: realtimestt - DEBUG - Adding transcription request, no early transcription started
2026-07-21 22:13:29.508 - RealTimeSTT: realtimestt - DEBUG - Receive from parent_transcription_pipe after sendiung transcription request, transcribe_count: 1
2026-07-21 22:13:29.608 - RealTimeSTT: realtimestt - DEBUG - Receive from parent_transcription_pipe after sendiung transcription request, transcribe_count: 1
2026-07-21 22:13:29.665 - RealTimeSTT: realtimestt - INFO - State changed from 'transcribing' to 'inactive'
2026-07-21 22:13:29.666 - RealTimeSTT: realtimestt - DEBUG - Model tiny.en completed transcription in 0.16 seconds
2026-07-21 22:13:29.666 - RealTimeSTT: realtimestt - INFO - Setting listen time
2026-07-21 22:13:29.666 - RealTimeSTT: realtimestt - INFO - State changed from 'inactive' to 'listening'
2026-07-21 22:13:29.666 - RealTimeSTT: realtimestt - DEBUG - Waiting for recording start
2026-07-21 22:13:30.596 - RealTimeSTT: realtimestt - INFO - voice activity detected
2026-07-21 22:13:30.596 - RealTimeSTT: realtimestt - INFO - recording started
2026-07-21 22:13:30.596 - RealTimeSTT: realtimestt - INFO - State changed from 'listening' to 'recording'
2026-07-21 22:13:30.596 - RealTimeSTT: realtimestt - DEBUG - Waiting for recording stop
2026-07-21 22:13:33.986 - RealTimeSTT: realtimestt - INFO - recording stopped
2026-07-21 22:13:33.987 - RealTimeSTT: realtimestt - DEBUG - No samples removed, final audio length: 70656
2026-07-21 22:13:33.987 - RealTimeSTT: realtimestt - INFO - State changed from 'recording' to 'inactive'
2026-07-21 22:13:33.988 - RealTimeSTT: realtimestt - INFO - State changed from 'inactive' to 'transcribing'
2026-07-21 22:13:33.988 - RealTimeSTT: realtimestt - DEBUG - Adding transcription request, no early transcription started
2026-07-21 22:13:33.996 - RealTimeSTT: realtimestt - DEBUG - Receive from parent_transcription_pipe after sendiung transcription request, transcribe_count: 1
2026-07-21 22:13:34.096 - RealTimeSTT: realtimestt - DEBUG - Receive from parent_transcription_pipe after sendiung transcription request, transcribe_count: 1
2026-07-21 22:13:34.173 - RealTimeSTT: realtimestt - INFO - State changed from 'transcribing' to 'inactive'
2026-07-21 22:13:34.174 - RealTimeSTT: realtimestt - DEBUG - Model tiny.en completed transcription in 0.19 seconds
2026-07-21 22:13:34.174 - RealTimeSTT: realtimestt - INFO - Setting listen time
2026-07-21 22:13:34.174 - RealTimeSTT: realtimestt - INFO - State changed from 'inactive' to 'listening'
2026-07-21 22:13:34.174 - RealTimeSTT: realtimestt - DEBUG - Waiting for recording start
2026-07-21 22:13:37.126 - RealTimeSTT: realtimestt - INFO - voice activity detected
2026-07-21 22:13:37.126 - RealTimeSTT: realtimestt - INFO - recording started
2026-07-21 22:13:37.126 - RealTimeSTT: realtimestt - INFO - State changed from 'listening' to 'recording'
2026-07-21 22:13:37.126 - RealTimeSTT: realtimestt - DEBUG - Waiting for recording stop
2026-07-21 22:13:39.106 - RealTimeSTT: realtimestt - INFO - recording stopped
2026-07-21 22:13:39.107 - RealTimeSTT: realtimestt - DEBUG - No samples removed, final audio length: 48128
2026-07-21 22:13:39.107 - RealTimeSTT: realtimestt - INFO - State changed from 'recording' to 'inactive'
2026-07-21 22:13:39.107 - RealTimeSTT: realtimestt - INFO - State changed from 'inactive' to 'transcribing'
2026-07-21 22:13:39.107 - RealTimeSTT: realtimestt - DEBUG - Adding transcription request, no early transcription started
2026-07-21 22:13:39.120 - RealTimeSTT: realtimestt - DEBUG - Receive from parent_transcription_pipe after sendiung transcription request, transcribe_count: 1
2026-07-21 22:13:39.220 - RealTimeSTT: realtimestt - DEBUG - Receive from parent_transcription_pipe after sendiung transcription request, transcribe_count: 1
2026-07-21 22:13:39.282 - RealTimeSTT: realtimestt - INFO - State changed from 'transcribing' to 'inactive'
2026-07-21 22:13:39.282 - RealTimeSTT: realtimestt - DEBUG - Model tiny.en completed transcription in 0.17 seconds
2026-07-21 22:13:39.282 - RealTimeSTT: realtimestt - INFO - Setting listen time
2026-07-21 22:13:39.283 - RealTimeSTT: realtimestt - INFO - State changed from 'inactive' to 'listening'
2026-07-21 22:13:39.283 - RealTimeSTT: realtimestt - DEBUG - Waiting for recording start
2026-07-21 22:13:44.936 - RealTimeSTT: realtimestt - INFO - voice activity detected
2026-07-21 22:13:44.937 - RealTimeSTT: realtimestt - INFO - recording started
2026-07-21 22:13:44.937 - RealTimeSTT: realtimestt - INFO - State changed from 'listening' to 'recording'
2026-07-21 22:13:44.937 - RealTimeSTT: realtimestt - DEBUG - Waiting for recording stop
2026-07-21 22:13:48.456 - RealTimeSTT: realtimestt - INFO - recording stopped
2026-07-21 22:13:48.458 - RealTimeSTT: realtimestt - DEBUG - No samples removed, final audio length: 72704
2026-07-21 22:13:48.458 - RealTimeSTT: realtimestt - INFO - State changed from 'recording' to 'inactive'
2026-07-21 22:13:48.458 - RealTimeSTT: realtimestt - INFO - State changed from 'inactive' to 'transcribing'
2026-07-21 22:13:48.458 - RealTimeSTT: realtimestt - DEBUG - Adding transcription request, no early transcription started
2026-07-21 22:13:48.458 - RealTimeSTT: realtimestt - DEBUG - Receive from parent_transcription_pipe after sendiung transcription request, transcribe_count: 1
2026-07-21 22:13:48.559 - RealTimeSTT: realtimestt - DEBUG - Receive from parent_transcription_pipe after sendiung transcription request, transcribe_count: 1
2026-07-21 22:13:48.654 - RealTimeSTT: realtimestt - INFO - State changed from 'transcribing' to 'inactive'
2026-07-21 22:13:48.655 - RealTimeSTT: realtimestt - DEBUG - Model tiny.en completed transcription in 0.20 seconds
2026-07-21 22:13:48.656 - RealTimeSTT: realtimestt - INFO - Setting listen time
2026-07-21 22:13:48.656 - RealTimeSTT: realtimestt - INFO - State changed from 'inactive' to 'listening'
2026-07-21 22:13:48.656 - RealTimeSTT: realtimestt - DEBUG - Waiting for recording start
2026-07-21 22:13:50.307 - RealTimeSTT: realtimestt - INFO - voice activity detected
2026-07-21 22:13:50.307 - RealTimeSTT: realtimestt - INFO - recording started
2026-07-21 22:13:50.307 - RealTimeSTT: realtimestt - INFO - State changed from 'listening' to 'recording'
2026-07-21 22:13:50.307 - RealTimeSTT: realtimestt - DEBUG - Waiting for recording stop
2026-07-21 22:13:51.457 - RealTimeSTT: realtimestt - INFO - recording stopped
2026-07-21 22:13:51.457 - RealTimeSTT: realtimestt - DEBUG - No samples removed, final audio length: 34816
2026-07-21 22:13:51.457 - RealTimeSTT: realtimestt - INFO - State changed from 'recording' to 'inactive'
2026-07-21 22:13:51.457 - RealTimeSTT: realtimestt - INFO - State changed from 'inactive' to 'transcribing'
2026-07-21 22:13:51.457 - RealTimeSTT: realtimestt - DEBUG - Adding transcription request, no early transcription started
2026-07-21 22:13:51.458 - RealTimeSTT: realtimestt - DEBUG - Receive from parent_transcription_pipe after sendiung transcription request, transcribe_count: 1
2026-07-21 22:13:51.558 - RealTimeSTT: realtimestt - DEBUG - Receive from parent_transcription_pipe after sendiung transcription request, transcribe_count: 1
2026-07-21 22:13:51.605 - RealTimeSTT: realtimestt - INFO - State changed from 'transcribing' to 'inactive'
2026-07-21 22:13:51.606 - RealTimeSTT: realtimestt - DEBUG - Model tiny.en completed transcription in 0.15 seconds
2026-07-21 22:13:51.606 - RealTimeSTT: realtimestt - INFO - Setting listen time
2026-07-21 22:13:51.606 - RealTimeSTT: realtimestt - INFO - State changed from 'inactive' to 'listening'
2026-07-21 22:13:51.606 - RealTimeSTT: realtimestt - DEBUG - Waiting for recording start
2026-07-21 22:13:53.187 - RealTimeSTT: realtimestt - INFO - voice activity detected
2026-07-21 22:13:53.187 - RealTimeSTT: realtimestt - INFO - recording started
2026-07-21 22:13:53.187 - RealTimeSTT: realtimestt - INFO - State changed from 'listening' to 'recording'
2026-07-21 22:13:53.187 - RealTimeSTT: realtimestt - DEBUG - Waiting for recording stop
2026-07-21 22:13:56.067 - RealTimeSTT: realtimestt - INFO - recording stopped
2026-07-21 22:13:56.068 - RealTimeSTT: realtimestt - DEBUG - No samples removed, final audio length: 62464
2026-07-21 22:13:56.068 - RealTimeSTT: realtimestt - INFO - State changed from 'recording' to 'inactive'
2026-07-21 22:13:56.068 - RealTimeSTT: realtimestt - INFO - State changed from 'inactive' to 'transcribing'
2026-07-21 22:13:56.068 - RealTimeSTT: realtimestt - DEBUG - Adding transcription request, no early transcription started
2026-07-21 22:13:56.083 - RealTimeSTT: realtimestt - DEBUG - Receive from parent_transcription_pipe after sendiung transcription request, transcribe_count: 1
2026-07-21 22:13:56.184 - RealTimeSTT: realtimestt - DEBUG - Receive from parent_transcription_pipe after sendiung transcription request, transcribe_count: 1
2026-07-21 22:13:56.239 - RealTimeSTT: realtimestt - INFO - State changed from 'transcribing' to 'inactive'
2026-07-21 22:13:56.240 - RealTimeSTT: realtimestt - DEBUG - Model tiny.en completed transcription in 0.17 seconds
2026-07-21 22:13:56.240 - RealTimeSTT: realtimestt - INFO - Setting listen time
2026-07-21 22:13:56.240 - RealTimeSTT: realtimestt - INFO - State changed from 'inactive' to 'listening'
2026-07-21 22:13:56.240 - RealTimeSTT: realtimestt - DEBUG - Waiting for recording start
2026-07-21 22:13:58.697 - RealTimeSTT: realtimestt - INFO - voice activity detected
2026-07-21 22:13:58.697 - RealTimeSTT: realtimestt - INFO - recording started
2026-07-21 22:13:58.697 - RealTimeSTT: realtimestt - INFO - State changed from 'listening' to 'recording'
2026-07-21 22:13:58.697 - RealTimeSTT: realtimestt - DEBUG - Waiting for recording stop
2026-07-21 22:14:03.687 - RealTimeSTT: realtimestt - INFO - recording stopped
2026-07-21 22:14:03.688 - RealTimeSTT: realtimestt - DEBUG - No samples removed, final audio length: 96256
2026-07-21 22:14:03.688 - RealTimeSTT: realtimestt - INFO - State changed from 'recording' to 'inactive'
2026-07-21 22:14:03.688 - RealTimeSTT: realtimestt - INFO - State changed from 'inactive' to 'transcribing'
2026-07-21 22:14:03.688 - RealTimeSTT: realtimestt - DEBUG - Adding transcription request, no early transcription started
2026-07-21 22:14:03.689 - RealTimeSTT: realtimestt - DEBUG - Receive from parent_transcription_pipe after sendiung transcription request, transcribe_count: 1
2026-07-21 22:14:03.790 - RealTimeSTT: realtimestt - DEBUG - Receive from parent_transcription_pipe after sendiung transcription request, transcribe_count: 1
2026-07-21 22:14:03.888 - RealTimeSTT: realtimestt - INFO - State changed from 'transcribing' to 'inactive'
2026-07-21 22:14:03.890 - RealTimeSTT: realtimestt - DEBUG - Model tiny.en completed transcription in 0.20 seconds
2026-07-21 22:14:03.890 - RealTimeSTT: realtimestt - INFO - Setting listen time
2026-07-21 22:14:03.890 - RealTimeSTT: realtimestt - INFO - State changed from 'inactive' to 'listening'
2026-07-21 22:14:03.890 - RealTimeSTT: realtimestt - DEBUG - Waiting for recording start
2026-07-21 22:14:09.187 - RealTimeSTT: realtimestt - INFO - voice activity detected
2026-07-21 22:14:09.187 - RealTimeSTT: realtimestt - INFO - recording started
2026-07-21 22:14:09.187 - RealTimeSTT: realtimestt - INFO - State changed from 'listening' to 'recording'
2026-07-21 22:14:09.187 - RealTimeSTT: realtimestt - DEBUG - Waiting for recording stop
2026-07-21 22:14:13.797 - RealTimeSTT: realtimestt - INFO - recording stopped
2026-07-21 22:14:13.798 - RealTimeSTT: realtimestt - DEBUG - No samples removed, final audio length: 90112
2026-07-21 22:14:13.798 - RealTimeSTT: realtimestt - INFO - State changed from 'recording' to 'inactive'
2026-07-21 22:14:13.798 - RealTimeSTT: realtimestt - INFO - State changed from 'inactive' to 'transcribing'
2026-07-21 22:14:13.798 - RealTimeSTT: realtimestt - DEBUG - Adding transcription request, no early transcription started
2026-07-21 22:14:13.830 - RealTimeSTT: realtimestt - DEBUG - Receive from parent_transcription_pipe after sendiung transcription request, transcribe_count: 1
2026-07-21 22:14:13.930 - RealTimeSTT: realtimestt - DEBUG - Receive from parent_transcription_pipe after sendiung transcription request, transcribe_count: 1
2026-07-21 22:14:13.982 - RealTimeSTT: realtimestt - INFO - State changed from 'transcribing' to 'inactive'
2026-07-21 22:14:13.983 - RealTimeSTT: realtimestt - DEBUG - Model tiny.en completed transcription in 0.18 seconds
2026-07-21 22:14:13.984 - RealTimeSTT: realtimestt - INFO - Setting listen time
2026-07-21 22:14:13.984 - RealTimeSTT: realtimestt - INFO - State changed from 'inactive' to 'listening'
2026-07-21 22:14:13.984 - RealTimeSTT: realtimestt - DEBUG - Waiting for recording start
2026-07-21 22:14:14.757 - RealTimeSTT: realtimestt - INFO - voice activity detected
2026-07-21 22:14:14.757 - RealTimeSTT: realtimestt - INFO - recording started
2026-07-21 22:14:14.757 - RealTimeSTT: realtimestt - INFO - State changed from 'listening' to 'recording'
2026-07-21 22:14:14.757 - RealTimeSTT: realtimestt - DEBUG - Waiting for recording stop
2026-07-21 22:14:18.148 - RealTimeSTT: realtimestt - INFO - recording stopped
2026-07-21 22:14:18.149 - RealTimeSTT: realtimestt - DEBUG - No samples removed, final audio length: 70144
2026-07-21 22:14:18.149 - RealTimeSTT: realtimestt - INFO - State changed from 'recording' to 'inactive'
2026-07-21 22:14:18.149 - RealTimeSTT: realtimestt - INFO - State changed from 'inactive' to 'transcribing'
2026-07-21 22:14:18.149 - RealTimeSTT: realtimestt - DEBUG - Adding transcription request, no early transcription started
2026-07-21 22:14:18.151 - RealTimeSTT: realtimestt - DEBUG - Receive from parent_transcription_pipe after sendiung transcription request, transcribe_count: 1
2026-07-21 22:14:18.252 - RealTimeSTT: realtimestt - DEBUG - Receive from parent_transcription_pipe after sendiung transcription request, transcribe_count: 1
2026-07-21 22:14:18.307 - RealTimeSTT: realtimestt - INFO - State changed from 'transcribing' to 'inactive'
2026-07-21 22:14:18.308 - RealTimeSTT: realtimestt - DEBUG - Model tiny.en completed transcription in 0.16 seconds
2026-07-21 22:14:18.309 - RealTimeSTT: realtimestt - INFO - Setting listen time
2026-07-21 22:14:18.309 - RealTimeSTT: realtimestt - INFO - State changed from 'inactive' to 'listening'
2026-07-21 22:14:18.309 - RealTimeSTT: realtimestt - DEBUG - Waiting for recording start
2026-07-21 22:14:25.318 - RealTimeSTT: realtimestt - INFO - voice activity detected
2026-07-21 22:14:25.318 - RealTimeSTT: realtimestt - INFO - recording started
2026-07-21 22:14:25.318 - RealTimeSTT: realtimestt - INFO - State changed from 'listening' to 'recording'
2026-07-21 22:14:25.318 - RealTimeSTT: realtimestt - DEBUG - Waiting for recording stop
2026-07-21 22:14:26.788 - RealTimeSTT: realtimestt - INFO - recording stopped
2026-07-21 22:14:26.789 - RealTimeSTT: realtimestt - DEBUG - No samples removed, final audio length: 39424
2026-07-21 22:14:26.789 - RealTimeSTT: realtimestt - INFO - State changed from 'recording' to 'inactive'
2026-07-21 22:14:26.789 - RealTimeSTT: realtimestt - INFO - State changed from 'inactive' to 'transcribing'
2026-07-21 22:14:26.789 - RealTimeSTT: realtimestt - DEBUG - Adding transcription request, no early transcription started
2026-07-21 22:14:26.802 - RealTimeSTT: realtimestt - DEBUG - Receive from parent_transcription_pipe after sendiung transcription request, transcribe_count: 1
2026-07-21 22:14:26.902 - RealTimeSTT: realtimestt - DEBUG - Receive from parent_transcription_pipe after sendiung transcription request, transcribe_count: 1
2026-07-21 22:14:26.942 - RealTimeSTT: realtimestt - INFO - State changed from 'transcribing' to 'inactive'
2026-07-21 22:14:26.943 - RealTimeSTT: realtimestt - DEBUG - Model tiny.en completed transcription in 0.15 seconds
2026-07-21 22:14:26.943 - RealTimeSTT: realtimestt - INFO - Setting listen time
2026-07-21 22:14:26.943 - RealTimeSTT: realtimestt - INFO - State changed from 'inactive' to 'listening'
2026-07-21 22:14:26.943 - RealTimeSTT: realtimestt - DEBUG - Waiting for recording start
2026-07-21 22:14:28.897 - RealTimeSTT: realtimestt - INFO - voice activity detected
2026-07-21 22:14:28.897 - RealTimeSTT: realtimestt - INFO - recording started
2026-07-21 22:14:28.897 - RealTimeSTT: realtimestt - INFO - State changed from 'listening' to 'recording'
2026-07-21 22:14:28.897 - RealTimeSTT: realtimestt - DEBUG - Waiting for recording stop
2026-07-21 22:14:30.377 - RealTimeSTT: realtimestt - INFO - recording stopped
2026-07-21 22:14:30.378 - RealTimeSTT: realtimestt - DEBUG - No samples removed, final audio length: 39936
2026-07-21 22:14:30.378 - RealTimeSTT: realtimestt - INFO - State changed from 'recording' to 'inactive'
2026-07-21 22:14:30.378 - RealTimeSTT: realtimestt - INFO - State changed from 'inactive' to 'transcribing'
2026-07-21 22:14:30.378 - RealTimeSTT: realtimestt - DEBUG - Adding transcription request, no early transcription started
2026-07-21 22:14:30.383 - RealTimeSTT: realtimestt - DEBUG - Receive from parent_transcription_pipe after sendiung transcription request, transcribe_count: 1
2026-07-21 22:14:30.484 - RealTimeSTT: realtimestt - DEBUG - Receive from parent_transcription_pipe after sendiung transcription request, transcribe_count: 1
2026-07-21 22:14:30.534 - RealTimeSTT: realtimestt - INFO - State changed from 'transcribing' to 'inactive'
2026-07-21 22:14:30.535 - RealTimeSTT: realtimestt - DEBUG - Model tiny.en completed transcription in 0.16 seconds
2026-07-21 22:14:30.535 - RealTimeSTT: realtimestt - INFO - Setting listen time
2026-07-21 22:14:30.535 - RealTimeSTT: realtimestt - INFO - State changed from 'inactive' to 'listening'
2026-07-21 22:14:30.535 - RealTimeSTT: realtimestt - DEBUG - Waiting for recording start
2026-07-21 22:14:31.137 - RealTimeSTT: realtimestt - INFO - voice activity detected
2026-07-21 22:14:31.137 - RealTimeSTT: realtimestt - INFO - recording started
2026-07-21 22:14:31.137 - RealTimeSTT: realtimestt - INFO - State changed from 'listening' to 'recording'
2026-07-21 22:14:31.137 - RealTimeSTT: realtimestt - DEBUG - Waiting for recording stop
2026-07-21 22:14:34.597 - RealTimeSTT: realtimestt - INFO - recording stopped
2026-07-21 22:14:34.599 - RealTimeSTT: realtimestt - DEBUG - No samples removed, final audio length: 68096
2026-07-21 22:14:34.599 - RealTimeSTT: realtimestt - INFO - State changed from 'recording' to 'inactive'
2026-07-21 22:14:34.599 - RealTimeSTT: realtimestt - INFO - State changed from 'inactive' to 'transcribing'
2026-07-21 22:14:34.599 - RealTimeSTT: realtimestt - DEBUG - Adding transcription request, no early transcription started
2026-07-21 22:14:34.611 - RealTimeSTT: realtimestt - DEBUG - Receive from parent_transcription_pipe after sendiung transcription request, transcribe_count: 1
2026-07-21 22:14:34.711 - RealTimeSTT: realtimestt - DEBUG - Receive from parent_transcription_pipe after sendiung transcription request, transcribe_count: 1
2026-07-21 22:14:34.780 - RealTimeSTT: realtimestt - INFO - State changed from 'transcribing' to 'inactive'
2026-07-21 22:14:34.781 - RealTimeSTT: realtimestt - DEBUG - Model tiny.en completed transcription in 0.18 seconds
2026-07-21 22:14:34.781 - RealTimeSTT: realtimestt - INFO - Setting listen time
2026-07-21 22:14:34.781 - RealTimeSTT: realtimestt - INFO - State changed from 'inactive' to 'listening'
2026-07-21 22:14:34.781 - RealTimeSTT: realtimestt - DEBUG - Waiting for recording start
2026-07-21 22:14:35.237 - RealTimeSTT: realtimestt - INFO - voice activity detected
2026-07-21 22:14:35.237 - RealTimeSTT: realtimestt - INFO - recording started
2026-07-21 22:14:35.237 - RealTimeSTT: realtimestt - INFO - State changed from 'listening' to 'recording'
2026-07-21 22:14:35.237 - RealTimeSTT: realtimestt - DEBUG - Waiting for recording stop
2026-07-21 22:14:42.147 - RealTimeSTT: realtimestt - INFO - recording stopped
2026-07-21 22:14:42.149 - RealTimeSTT: realtimestt - DEBUG - No samples removed, final audio length: 121344
2026-07-21 22:14:42.149 - RealTimeSTT: realtimestt - INFO - State changed from 'recording' to 'inactive'
2026-07-21 22:14:42.149 - RealTimeSTT: realtimestt - INFO - State changed from 'inactive' to 'transcribing'
2026-07-21 22:14:42.149 - RealTimeSTT: realtimestt - DEBUG - Adding transcription request, no early transcription started
2026-07-21 22:14:42.150 - RealTimeSTT: realtimestt - DEBUG - Receive from parent_transcription_pipe after sendiung transcription request, transcribe_count: 1
2026-07-21 22:14:42.250 - RealTimeSTT: realtimestt - DEBUG - Receive from parent_transcription_pipe after sendiung transcription request, transcribe_count: 1
2026-07-21 22:14:42.351 - RealTimeSTT: realtimestt - DEBUG - Receive from parent_transcription_pipe after sendiung transcription request, transcribe_count: 1
2026-07-21 22:14:42.359 - RealTimeSTT: realtimestt - INFO - State changed from 'transcribing' to 'inactive'
2026-07-21 22:14:42.361 - RealTimeSTT: realtimestt - DEBUG - Model tiny.en completed transcription in 0.21 seconds
2026-07-21 22:14:42.361 - RealTimeSTT: realtimestt - INFO - Setting listen time
2026-07-21 22:14:42.361 - RealTimeSTT: realtimestt - INFO - State changed from 'inactive' to 'listening'
2026-07-21 22:14:42.361 - RealTimeSTT: realtimestt - DEBUG - Waiting for recording start
2026-07-21 22:14:45.858 - RealTimeSTT: realtimestt - INFO - voice activity detected
2026-07-21 22:14:45.858 - RealTimeSTT: realtimestt - INFO - recording started
2026-07-21 22:14:45.858 - RealTimeSTT: realtimestt - INFO - State changed from 'listening' to 'recording'
2026-07-21 22:14:45.858 - RealTimeSTT: realtimestt - DEBUG - Waiting for recording stop
2026-07-21 22:14:52.327 - RealTimeSTT: realtimestt - INFO - recording stopped
2026-07-21 22:14:52.329 - RealTimeSTT: realtimestt - DEBUG - No samples removed, final audio length: 119808
2026-07-21 22:14:52.329 - RealTimeSTT: realtimestt - INFO - State changed from 'recording' to 'inactive'
2026-07-21 22:14:52.329 - RealTimeSTT: realtimestt - INFO - State changed from 'inactive' to 'transcribing'
2026-07-21 22:14:52.329 - RealTimeSTT: realtimestt - DEBUG - Adding transcription request, no early transcription started
2026-07-21 22:14:52.342 - RealTimeSTT: realtimestt - DEBUG - Receive from parent_transcription_pipe after sendiung transcription request, transcribe_count: 1
2026-07-21 22:14:52.442 - RealTimeSTT: realtimestt - DEBUG - Receive from parent_transcription_pipe after sendiung transcription request, transcribe_count: 1
2026-07-21 22:14:52.543 - RealTimeSTT: realtimestt - DEBUG - Receive from parent_transcription_pipe after sendiung transcription request, transcribe_count: 1
2026-07-21 22:14:52.610 - RealTimeSTT: realtimestt - INFO - State changed from 'transcribing' to 'inactive'
2026-07-21 22:14:52.612 - RealTimeSTT: realtimestt - DEBUG - Model tiny.en completed transcription in 0.28 seconds
2026-07-21 22:14:52.612 - RealTimeSTT: realtimestt - INFO - Setting listen time
2026-07-21 22:14:52.612 - RealTimeSTT: realtimestt - INFO - State changed from 'inactive' to 'listening'
2026-07-21 22:14:52.612 - RealTimeSTT: realtimestt - DEBUG - Waiting for recording start
2026-07-21 22:21:34.633 - RealTimeSTT: realtimestt - INFO - voice activity detected
2026-07-21 22:21:34.633 - RealTimeSTT: realtimestt - INFO - recording started
2026-07-21 22:21:34.633 - RealTimeSTT: realtimestt - INFO - State changed from 'listening' to 'recording'
2026-07-21 22:21:34.633 - RealTimeSTT: realtimestt - DEBUG - Waiting for recording stop
2026-07-21 22:21:35.723 - RealTimeSTT: realtimestt - INFO - recording stopped
2026-07-21 22:21:35.724 - RealTimeSTT: realtimestt - DEBUG - No samples removed, final audio length: 33792
2026-07-21 22:21:35.724 - RealTimeSTT: realtimestt - INFO - State changed from 'recording' to 'inactive'
2026-07-21 22:21:35.724 - RealTimeSTT: realtimestt - INFO - State changed from 'inactive' to 'transcribing'
2026-07-21 22:21:35.724 - RealTimeSTT: realtimestt - DEBUG - Adding transcription request, no early transcription started
2026-07-21 22:21:35.724 - RealTimeSTT: realtimestt - DEBUG - Receive from parent_transcription_pipe after sendiung transcription request, transcribe_count: 1
2026-07-21 22:21:35.825 - RealTimeSTT: realtimestt - DEBUG - Receive from parent_transcription_pipe after sendiung transcription request, transcribe_count: 1
2026-07-21 22:21:35.876 - RealTimeSTT: realtimestt - INFO - State changed from 'transcribing' to 'inactive'
2026-07-21 22:21:35.877 - RealTimeSTT: realtimestt - DEBUG - Model tiny.en completed transcription in 0.15 seconds
2026-07-21 22:21:35.877 - RealTimeSTT: realtimestt - INFO - Setting listen time
2026-07-21 22:21:35.877 - RealTimeSTT: realtimestt - INFO - State changed from 'inactive' to 'listening'
2026-07-21 22:21:35.877 - RealTimeSTT: realtimestt - DEBUG - Waiting for recording start
2026-07-21 22:21:36.683 - RealTimeSTT: realtimestt - INFO - voice activity detected
2026-07-21 22:21:36.683 - RealTimeSTT: realtimestt - INFO - recording started
2026-07-21 22:21:36.683 - RealTimeSTT: realtimestt - INFO - State changed from 'listening' to 'recording'
2026-07-21 22:21:36.683 - RealTimeSTT: realtimestt - DEBUG - Waiting for recording stop
2026-07-21 22:21:38.343 - RealTimeSTT: realtimestt - INFO - recording stopped
2026-07-21 22:21:38.344 - RealTimeSTT: realtimestt - DEBUG - No samples removed, final audio length: 42496
2026-07-21 22:21:38.344 - RealTimeSTT: realtimestt - INFO - State changed from 'recording' to 'inactive'
2026-07-21 22:21:38.344 - RealTimeSTT: realtimestt - INFO - State changed from 'inactive' to 'transcribing'
2026-07-21 22:21:38.344 - RealTimeSTT: realtimestt - DEBUG - Adding transcription request, no early transcription started
2026-07-21 22:21:38.353 - RealTimeSTT: realtimestt - DEBUG - Receive from parent_transcription_pipe after sendiung transcription request, transcribe_count: 1
2026-07-21 22:21:38.454 - RealTimeSTT: realtimestt - DEBUG - Receive from parent_transcription_pipe after sendiung transcription request, transcribe_count: 1
2026-07-21 22:21:38.503 - RealTimeSTT: realtimestt - INFO - State changed from 'transcribing' to 'inactive'
2026-07-21 22:21:38.503 - RealTimeSTT: realtimestt - DEBUG - Model tiny.en completed transcription in 0.16 seconds
2026-07-21 22:21:38.504 - RealTimeSTT: realtimestt - INFO - Setting listen time
2026-07-21 22:21:38.504 - RealTimeSTT: realtimestt - INFO - State changed from 'inactive' to 'listening'
2026-07-21 22:21:38.504 - RealTimeSTT: realtimestt - DEBUG - Waiting for recording start
2026-07-21 22:21:38.983 - RealTimeSTT: realtimestt - INFO - voice activity detected
2026-07-21 22:21:38.983 - RealTimeSTT: realtimestt - INFO - recording started
2026-07-21 22:21:38.983 - RealTimeSTT: realtimestt - INFO - State changed from 'listening' to 'recording'
2026-07-21 22:21:38.983 - RealTimeSTT: realtimestt - DEBUG - Waiting for recording stop
2026-07-21 22:21:44.873 - RealTimeSTT: realtimestt - INFO - recording stopped
2026-07-21 22:21:44.874 - RealTimeSTT: realtimestt - DEBUG - No samples removed, final audio length: 104960
2026-07-21 22:21:44.875 - RealTimeSTT: realtimestt - INFO - State changed from 'recording' to 'inactive'
2026-07-21 22:21:44.875 - RealTimeSTT: realtimestt - INFO - State changed from 'inactive' to 'transcribing'
2026-07-21 22:21:44.875 - RealTimeSTT: realtimestt - DEBUG - Adding transcription request, no early transcription started
2026-07-21 22:21:44.875 - RealTimeSTT: realtimestt - DEBUG - Receive from parent_transcription_pipe after sendiung transcription request, transcribe_count: 1
2026-07-21 22:21:44.976 - RealTimeSTT: realtimestt - DEBUG - Receive from parent_transcription_pipe after sendiung transcription request, transcribe_count: 1
2026-07-21 22:21:45.077 - RealTimeSTT: realtimestt - DEBUG - Receive from parent_transcription_pipe after sendiung transcription request, transcribe_count: 1
2026-07-21 22:21:45.107 - RealTimeSTT: realtimestt - INFO - State changed from 'transcribing' to 'inactive'
2026-07-21 22:21:45.109 - RealTimeSTT: realtimestt - DEBUG - Model tiny.en completed transcription in 0.23 seconds
2026-07-21 22:21:45.109 - RealTimeSTT: realtimestt - INFO - Setting listen time
2026-07-21 22:21:45.109 - RealTimeSTT: realtimestt - INFO - State changed from 'inactive' to 'listening'
2026-07-21 22:21:45.109 - RealTimeSTT: realtimestt - DEBUG - Waiting for recording start
2026-07-21 22:21:51.404 - RealTimeSTT: realtimestt - INFO - voice activity detected
2026-07-21 22:21:51.404 - RealTimeSTT: realtimestt - INFO - recording started
2026-07-21 22:21:51.404 - RealTimeSTT: realtimestt - INFO - State changed from 'listening' to 'recording'
2026-07-21 22:21:51.404 - RealTimeSTT: realtimestt - DEBUG - Waiting for recording stop
2026-07-21 22:21:55.053 - RealTimeSTT: realtimestt - INFO - recording stopped
2026-07-21 22:21:55.054 - RealTimeSTT: realtimestt - DEBUG - No samples removed, final audio length: 74752
2026-07-21 22:21:55.055 - RealTimeSTT: realtimestt - INFO - State changed from 'recording' to 'inactive'
2026-07-21 22:21:55.055 - RealTimeSTT: realtimestt - INFO - State changed from 'inactive' to 'transcribing'
2026-07-21 22:21:55.055 - RealTimeSTT: realtimestt - DEBUG - Adding transcription request, no early transcription started
2026-07-21 22:21:55.060 - RealTimeSTT: realtimestt - DEBUG - Receive from parent_transcription_pipe after sendiung transcription request, transcribe_count: 1
2026-07-21 22:21:55.060 - RealTimeSTT: realtimestt - INFO - State changed from 'transcribing' to 'inactive'
2026-07-21 22:21:55.061 - RealTimeSTT: realtimestt - DEBUG - Model tiny.en completed transcription in 0.01 seconds
2026-07-21 22:21:55.062 - RealTimeSTT: realtimestt - INFO - Setting listen time
2026-07-21 22:21:55.062 - RealTimeSTT: realtimestt - INFO - State changed from 'inactive' to 'listening'
2026-07-21 22:21:55.062 - RealTimeSTT: realtimestt - DEBUG - Waiting for recording start
2026-07-21 22:21:57.423 - RealTimeSTT: realtimestt - INFO - voice activity detected
2026-07-21 22:21:57.423 - RealTimeSTT: realtimestt - INFO - recording started
2026-07-21 22:21:57.423 - RealTimeSTT: realtimestt - INFO - State changed from 'listening' to 'recording'
2026-07-21 22:21:57.423 - RealTimeSTT: realtimestt - DEBUG - Waiting for recording stop
2026-07-21 22:21:59.213 - RealTimeSTT: realtimestt - INFO - recording stopped
2026-07-21 22:21:59.215 - RealTimeSTT: realtimestt - DEBUG - No samples removed, final audio length: 45056
2026-07-21 22:21:59.215 - RealTimeSTT: realtimestt - INFO - State changed from 'recording' to 'inactive'
2026-07-21 22:21:59.215 - RealTimeSTT: realtimestt - INFO - State changed from 'inactive' to 'transcribing'
2026-07-21 22:21:59.215 - RealTimeSTT: realtimestt - DEBUG - Adding transcription request, no early transcription started
2026-07-21 22:21:59.223 - RealTimeSTT: realtimestt - DEBUG - Receive from parent_transcription_pipe after sendiung transcription request, transcribe_count: 1
2026-07-21 22:21:59.324 - RealTimeSTT: realtimestt - DEBUG - Receive from parent_transcription_pipe after sendiung transcription request, transcribe_count: 1
2026-07-21 22:21:59.374 - RealTimeSTT: realtimestt - INFO - State changed from 'transcribing' to 'inactive'
2026-07-21 22:21:59.374 - RealTimeSTT: realtimestt - DEBUG - Model tiny.en completed transcription in 0.16 seconds
2026-07-21 22:21:59.375 - RealTimeSTT: realtimestt - INFO - Setting listen time
2026-07-21 22:21:59.375 - RealTimeSTT: realtimestt - INFO - State changed from 'inactive' to 'listening'
2026-07-21 22:21:59.375 - RealTimeSTT: realtimestt - DEBUG - Waiting for recording start
2026-07-21 22:22:02.093 - RealTimeSTT: realtimestt - INFO - voice activity detected
2026-07-21 22:22:02.093 - RealTimeSTT: realtimestt - INFO - recording started
2026-07-21 22:22:02.093 - RealTimeSTT: realtimestt - INFO - State changed from 'listening' to 'recording'
2026-07-21 22:22:02.093 - RealTimeSTT: realtimestt - DEBUG - Waiting for recording stop
2026-07-21 22:22:07.663 - RealTimeSTT: realtimestt - INFO - recording stopped
2026-07-21 22:22:07.665 - RealTimeSTT: realtimestt - DEBUG - No samples removed, final audio length: 105472
2026-07-21 22:22:07.665 - RealTimeSTT: realtimestt - INFO - State changed from 'recording' to 'inactive'
2026-07-21 22:22:07.665 - RealTimeSTT: realtimestt - INFO - State changed from 'inactive' to 'transcribing'
2026-07-21 22:22:07.665 - RealTimeSTT: realtimestt - DEBUG - Adding transcription request, no early transcription started
2026-07-21 22:22:07.677 - RealTimeSTT: realtimestt - DEBUG - Receive from parent_transcription_pipe after sendiung transcription request, transcribe_count: 1
2026-07-21 22:22:07.778 - RealTimeSTT: realtimestt - DEBUG - Receive from parent_transcription_pipe after sendiung transcription request, transcribe_count: 1
2026-07-21 22:22:07.879 - RealTimeSTT: realtimestt - DEBUG - Receive from parent_transcription_pipe after sendiung transcription request, transcribe_count: 1
2026-07-21 22:22:07.908 - RealTimeSTT: realtimestt - INFO - State changed from 'transcribing' to 'inactive'
2026-07-21 22:22:07.910 - RealTimeSTT: realtimestt - DEBUG - Model tiny.en completed transcription in 0.24 seconds
2026-07-21 22:22:07.910 - RealTimeSTT: realtimestt - INFO - Setting listen time
2026-07-21 22:22:07.910 - RealTimeSTT: realtimestt - INFO - State changed from 'inactive' to 'listening'
2026-07-21 22:22:07.910 - RealTimeSTT: realtimestt - DEBUG - Waiting for recording start
2026-07-21 22:22:11.303 - RealTimeSTT: realtimestt - INFO - voice activity detected
2026-07-21 22:22:11.304 - RealTimeSTT: realtimestt - INFO - recording started
2026-07-21 22:22:11.304 - RealTimeSTT: realtimestt - INFO - State changed from 'listening' to 'recording'
2026-07-21 22:22:11.304 - RealTimeSTT: realtimestt - DEBUG - Waiting for recording stop
2026-07-21 22:22:13.804 - RealTimeSTT: realtimestt - INFO - recording stopped
2026-07-21 22:22:13.805 - RealTimeSTT: realtimestt - DEBUG - No samples removed, final audio length: 56320
2026-07-21 22:22:13.805 - RealTimeSTT: realtimestt - INFO - State changed from 'recording' to 'inactive'
2026-07-21 22:22:13.805 - RealTimeSTT: realtimestt - INFO - State changed from 'inactive' to 'transcribing'
2026-07-21 22:22:13.805 - RealTimeSTT: realtimestt - DEBUG - Adding transcription request, no early transcription started
2026-07-21 22:22:13.813 - RealTimeSTT: realtimestt - DEBUG - Receive from parent_transcription_pipe after sendiung transcription request, transcribe_count: 1
2026-07-21 22:22:13.913 - RealTimeSTT: realtimestt - DEBUG - Receive from parent_transcription_pipe after sendiung transcription request, transcribe_count: 1
2026-07-21 22:22:14.014 - RealTimeSTT: realtimestt - INFO - State changed from 'transcribing' to 'inactive'
2026-07-21 22:22:14.014 - RealTimeSTT: realtimestt - DEBUG - Model tiny.en completed transcription in 0.21 seconds
2026-07-21 22:22:14.015 - RealTimeSTT: realtimestt - INFO - Setting listen time
2026-07-21 22:22:14.015 - RealTimeSTT: realtimestt - INFO - State changed from 'inactive' to 'listening'
2026-07-21 22:22:14.015 - RealTimeSTT: realtimestt - DEBUG - Waiting for recording start
2026-07-21 22:22:16.813 - RealTimeSTT: realtimestt - INFO - voice activity detected
2026-07-21 22:22:16.814 - RealTimeSTT: realtimestt - INFO - recording started
2026-07-21 22:22:16.814 - RealTimeSTT: realtimestt - INFO - State changed from 'listening' to 'recording'
2026-07-21 22:22:16.814 - RealTimeSTT: realtimestt - DEBUG - Waiting for recording stop
2026-07-21 22:22:18.983 - RealTimeSTT: realtimestt - INFO - recording stopped
2026-07-21 22:22:18.984 - RealTimeSTT: realtimestt - DEBUG - No samples removed, final audio length: 51200
2026-07-21 22:22:18.985 - RealTimeSTT: realtimestt - INFO - State changed from 'recording' to 'inactive'
2026-07-21 22:22:18.985 - RealTimeSTT: realtimestt - INFO - State changed from 'inactive' to 'transcribing'
2026-07-21 22:22:18.985 - RealTimeSTT: realtimestt - DEBUG - Adding transcription request, no early transcription started
2026-07-21 22:22:18.989 - RealTimeSTT: realtimestt - DEBUG - Receive from parent_transcription_pipe after sendiung transcription request, transcribe_count: 1
2026-07-21 22:22:19.090 - RealTimeSTT: realtimestt - DEBUG - Receive from parent_transcription_pipe after sendiung transcription request, transcribe_count: 1
2026-07-21 22:22:19.140 - RealTimeSTT: realtimestt - INFO - State changed from 'transcribing' to 'inactive'
2026-07-21 22:22:19.141 - RealTimeSTT: realtimestt - DEBUG - Model tiny.en completed transcription in 0.16 seconds
2026-07-21 22:22:19.141 - RealTimeSTT: realtimestt - INFO - Setting listen time
2026-07-21 22:22:19.142 - RealTimeSTT: realtimestt - INFO - State changed from 'inactive' to 'listening'
2026-07-21 22:22:19.142 - RealTimeSTT: realtimestt - DEBUG - Waiting for recording start
2026-07-21 22:22:22.124 - RealTimeSTT: realtimestt - INFO - voice activity detected
2026-07-21 22:22:22.124 - RealTimeSTT: realtimestt - INFO - recording started
2026-07-21 22:22:22.124 - RealTimeSTT: realtimestt - INFO - State changed from 'listening' to 'recording'
2026-07-21 22:22:22.125 - RealTimeSTT: realtimestt - DEBUG - Waiting for recording stop
2026-07-21 22:22:23.274 - RealTimeSTT: realtimestt - INFO - recording stopped
2026-07-21 22:22:23.274 - RealTimeSTT: realtimestt - DEBUG - No samples removed, final audio length: 34816
2026-07-21 22:22:23.274 - RealTimeSTT: realtimestt - INFO - State changed from 'recording' to 'inactive'
2026-07-21 22:22:23.274 - RealTimeSTT: realtimestt - INFO - State changed from 'inactive' to 'transcribing'
2026-07-21 22:22:23.274 - RealTimeSTT: realtimestt - DEBUG - Adding transcription request, no early transcription started
2026-07-21 22:22:23.278 - RealTimeSTT: realtimestt - DEBUG - Receive from parent_transcription_pipe after sendiung transcription request, transcribe_count: 1
2026-07-21 22:22:23.378 - RealTimeSTT: realtimestt - DEBUG - Receive from parent_transcription_pipe after sendiung transcription request, transcribe_count: 1
2026-07-21 22:22:23.417 - RealTimeSTT: realtimestt - INFO - State changed from 'transcribing' to 'inactive'
2026-07-21 22:22:23.418 - RealTimeSTT: realtimestt - DEBUG - Model tiny.en completed transcription in 0.14 seconds
2026-07-21 22:22:23.418 - RealTimeSTT: realtimestt - INFO - Setting listen time
2026-07-21 22:22:23.418 - RealTimeSTT: realtimestt - INFO - State changed from 'inactive' to 'listening'
2026-07-21 22:22:23.418 - RealTimeSTT: realtimestt - DEBUG - Waiting for recording start
2026-07-21 22:22:27.244 - RealTimeSTT: realtimestt - INFO - voice activity detected
2026-07-21 22:22:27.244 - RealTimeSTT: realtimestt - INFO - recording started
2026-07-21 22:22:27.244 - RealTimeSTT: realtimestt - INFO - State changed from 'listening' to 'recording'
2026-07-21 22:22:27.244 - RealTimeSTT: realtimestt - DEBUG - Waiting for recording stop
2026-07-21 22:22:32.174 - RealTimeSTT: realtimestt - INFO - recording stopped
2026-07-21 22:22:32.175 - RealTimeSTT: realtimestt - DEBUG - No samples removed, final audio length: 95232
2026-07-21 22:22:32.175 - RealTimeSTT: realtimestt - INFO - State changed from 'recording' to 'inactive'
2026-07-21 22:22:32.175 - RealTimeSTT: realtimestt - INFO - State changed from 'inactive' to 'transcribing'
2026-07-21 22:22:32.175 - RealTimeSTT: realtimestt - DEBUG - Adding transcription request, no early transcription started
2026-07-21 22:22:32.192 - RealTimeSTT: realtimestt - DEBUG - Receive from parent_transcription_pipe after sendiung transcription request, transcribe_count: 1
2026-07-21 22:22:32.292 - RealTimeSTT: realtimestt - DEBUG - Receive from parent_transcription_pipe after sendiung transcription request, transcribe_count: 1
2026-07-21 22:22:32.351 - RealTimeSTT: realtimestt - INFO - State changed from 'transcribing' to 'inactive'
2026-07-21 22:22:32.352 - RealTimeSTT: realtimestt - DEBUG - Model tiny.en completed transcription in 0.18 seconds
2026-07-21 22:22:32.352 - RealTimeSTT: realtimestt - INFO - Setting listen time
2026-07-21 22:22:32.352 - RealTimeSTT: realtimestt - INFO - State changed from 'inactive' to 'listening'
2026-07-21 22:22:32.352 - RealTimeSTT: realtimestt - DEBUG - Waiting for recording start
2026-07-21 22:22:32.424 - RealTimeSTT: realtimestt - INFO - voice activity detected
2026-07-21 22:22:32.424 - RealTimeSTT: realtimestt - INFO - recording started
2026-07-21 22:22:32.424 - RealTimeSTT: realtimestt - INFO - State changed from 'listening' to 'recording'
2026-07-21 22:22:32.424 - RealTimeSTT: realtimestt - DEBUG - Waiting for recording stop
2026-07-21 22:22:33.324 - RealTimeSTT: realtimestt - INFO - recording stopped
2026-07-21 22:22:33.324 - RealTimeSTT: realtimestt - DEBUG - No samples removed, final audio length: 18944
2026-07-21 22:22:33.324 - RealTimeSTT: realtimestt - INFO - State changed from 'recording' to 'inactive'
2026-07-21 22:22:33.324 - RealTimeSTT: realtimestt - INFO - State changed from 'inactive' to 'transcribing'
2026-07-21 22:22:33.324 - RealTimeSTT: realtimestt - DEBUG - Adding transcription request, no early transcription started
2026-07-21 22:22:33.330 - RealTimeSTT: realtimestt - DEBUG - Receive from parent_transcription_pipe after sendiung transcription request, transcribe_count: 1
2026-07-21 22:22:33.430 - RealTimeSTT: realtimestt - DEBUG - Receive from parent_transcription_pipe after sendiung transcription request, transcribe_count: 1
2026-07-21 22:22:33.469 - RealTimeSTT: realtimestt - INFO - State changed from 'transcribing' to 'inactive'
2026-07-21 22:22:33.470 - RealTimeSTT: realtimestt - DEBUG - Model tiny.en completed transcription in 0.15 seconds
2026-07-21 22:22:33.470 - RealTimeSTT: realtimestt - INFO - Setting listen time
2026-07-21 22:22:33.470 - RealTimeSTT: realtimestt - INFO - State changed from 'inactive' to 'listening'
2026-07-21 22:22:33.470 - RealTimeSTT: realtimestt - DEBUG - Waiting for recording start
2026-07-21 22:22:37.424 - RealTimeSTT: realtimestt - INFO - voice activity detected
2026-07-21 22:22:37.424 - RealTimeSTT: realtimestt - INFO - recording started
2026-07-21 22:22:37.424 - RealTimeSTT: realtimestt - INFO - State changed from 'listening' to 'recording'
2026-07-21 22:22:37.424 - RealTimeSTT: realtimestt - DEBUG - Waiting for recording stop
2026-07-21 22:22:40.874 - RealTimeSTT: realtimestt - INFO - recording stopped
2026-07-21 22:22:40.875 - RealTimeSTT: realtimestt - DEBUG - No samples removed, final audio length: 71680
2026-07-21 22:22:40.875 - RealTimeSTT: realtimestt - INFO - State changed from 'recording' to 'inactive'
2026-07-21 22:22:40.875 - RealTimeSTT: realtimestt - INFO - State changed from 'inactive' to 'transcribing'
2026-07-21 22:22:40.875 - RealTimeSTT: realtimestt - DEBUG - Adding transcription request, no early transcription started
2026-07-21 22:22:40.883 - RealTimeSTT: realtimestt - DEBUG - Receive from parent_transcription_pipe after sendiung transcription request, transcribe_count: 1
2026-07-21 22:22:40.984 - RealTimeSTT: realtimestt - DEBUG - Receive from parent_transcription_pipe after sendiung transcription request, transcribe_count: 1
2026-07-21 22:22:41.079 - RealTimeSTT: realtimestt - INFO - State changed from 'transcribing' to 'inactive'
2026-07-21 22:22:41.080 - RealTimeSTT: realtimestt - DEBUG - Model tiny.en completed transcription in 0.21 seconds
2026-07-21 22:22:41.081 - RealTimeSTT: realtimestt - INFO - Setting listen time
2026-07-21 22:22:41.081 - RealTimeSTT: realtimestt - INFO - State changed from 'inactive' to 'listening'
2026-07-21 22:22:41.081 - RealTimeSTT: realtimestt - DEBUG - Waiting for recording start
2026-07-21 22:22:45.864 - RealTimeSTT: realtimestt - INFO - voice activity detected
2026-07-21 22:22:45.864 - RealTimeSTT: realtimestt - INFO - recording started
2026-07-21 22:22:45.864 - RealTimeSTT: realtimestt - INFO - State changed from 'listening' to 'recording'
2026-07-21 22:22:45.864 - RealTimeSTT: realtimestt - DEBUG - Waiting for recording stop
2026-07-21 22:22:49.704 - RealTimeSTT: realtimestt - INFO - recording stopped
2026-07-21 22:22:49.705 - RealTimeSTT: realtimestt - DEBUG - No samples removed, final audio length: 77824
2026-07-21 22:22:49.705 - RealTimeSTT: realtimestt - INFO - State changed from 'recording' to 'inactive'
2026-07-21 22:22:49.705 - RealTimeSTT: realtimestt - INFO - State changed from 'inactive' to 'transcribing'
2026-07-21 22:22:49.705 - RealTimeSTT: realtimestt - DEBUG - Adding transcription request, no early transcription started
2026-07-21 22:22:49.719 - RealTimeSTT: realtimestt - DEBUG - Receive from parent_transcription_pipe after sendiung transcription request, transcribe_count: 1
2026-07-21 22:22:49.820 - RealTimeSTT: realtimestt - DEBUG - Receive from parent_transcription_pipe after sendiung transcription request, transcribe_count: 1
2026-07-21 22:22:49.920 - RealTimeSTT: realtimestt - DEBUG - Receive from parent_transcription_pipe after sendiung transcription request, transcribe_count: 1
2026-07-21 22:22:50.021 - RealTimeSTT: realtimestt - DEBUG - Receive from parent_transcription_pipe after sendiung transcription request, transcribe_count: 1
2026-07-21 22:22:50.032 - RealTimeSTT: realtimestt - INFO - State changed from 'transcribing' to 'inactive'
2026-07-21 22:22:50.033 - RealTimeSTT: realtimestt - DEBUG - Model tiny.en completed transcription in 0.33 seconds
2026-07-21 22:22:50.033 - RealTimeSTT: realtimestt - INFO - Setting listen time
2026-07-21 22:22:50.033 - RealTimeSTT: realtimestt - INFO - State changed from 'inactive' to 'listening'
2026-07-21 22:22:50.033 - RealTimeSTT: realtimestt - DEBUG - Waiting for recording start
2026-07-21 22:22:54.064 - RealTimeSTT: realtimestt - INFO - voice activity detected
2026-07-21 22:22:54.064 - RealTimeSTT: realtimestt - INFO - recording started
2026-07-21 22:22:54.064 - RealTimeSTT: realtimestt - INFO - State changed from 'listening' to 'recording'
2026-07-21 22:22:54.064 - RealTimeSTT: realtimestt - DEBUG - Waiting for recording stop
2026-07-21 22:23:01.164 - RealTimeSTT: realtimestt - INFO - recording stopped
2026-07-21 22:23:01.166 - RealTimeSTT: realtimestt - DEBUG - No samples removed, final audio length: 130048
2026-07-21 22:23:01.166 - RealTimeSTT: realtimestt - INFO - State changed from 'recording' to 'inactive'
2026-07-21 22:23:01.166 - RealTimeSTT: realtimestt - INFO - State changed from 'inactive' to 'transcribing'
2026-07-21 22:23:01.166 - RealTimeSTT: realtimestt - DEBUG - Adding transcription request, no early transcription started
2026-07-21 22:23:01.169 - RealTimeSTT: realtimestt - DEBUG - Receive from parent_transcription_pipe after sendiung transcription request, transcribe_count: 1
2026-07-21 22:23:01.270 - RealTimeSTT: realtimestt - DEBUG - Receive from parent_transcription_pipe after sendiung transcription request, transcribe_count: 1
2026-07-21 22:23:01.319 - RealTimeSTT: realtimestt - INFO - State changed from 'transcribing' to 'inactive'
2026-07-21 22:23:01.321 - RealTimeSTT: realtimestt - DEBUG - Model tiny.en completed transcription in 0.15 seconds
2026-07-21 22:23:01.321 - RealTimeSTT: realtimestt - INFO - Setting listen time
2026-07-21 22:23:01.321 - RealTimeSTT: realtimestt - INFO - State changed from 'inactive' to 'listening'
2026-07-21 22:23:01.321 - RealTimeSTT: realtimestt - DEBUG - Waiting for recording start
2026-07-21 22:23:02.254 - RealTimeSTT: realtimestt - INFO - voice activity detected
2026-07-21 22:23:02.254 - RealTimeSTT: realtimestt - INFO - recording started
2026-07-21 22:23:02.254 - RealTimeSTT: realtimestt - INFO - State changed from 'listening' to 'recording'
2026-07-21 22:23:02.254 - RealTimeSTT: realtimestt - DEBUG - Waiting for recording stop
2026-07-21 22:23:05.904 - RealTimeSTT: realtimestt - INFO - recording stopped
2026-07-21 22:23:05.905 - RealTimeSTT: realtimestt - DEBUG - No samples removed, final audio length: 74752
2026-07-21 22:23:05.905 - RealTimeSTT: realtimestt - INFO - State changed from 'recording' to 'inactive'
2026-07-21 22:23:05.905 - RealTimeSTT: realtimestt - INFO - State changed from 'inactive' to 'transcribing'
2026-07-21 22:23:05.906 - RealTimeSTT: realtimestt - DEBUG - Adding transcription request, no early transcription started
2026-07-21 22:23:05.907 - RealTimeSTT: realtimestt - DEBUG - Receive from parent_transcription_pipe after sendiung transcription request, transcribe_count: 1
2026-07-21 22:23:06.008 - RealTimeSTT: realtimestt - DEBUG - Receive from parent_transcription_pipe after sendiung transcription request, transcribe_count: 1
2026-07-21 22:23:06.109 - RealTimeSTT: realtimestt - DEBUG - Receive from parent_transcription_pipe after sendiung transcription request, transcribe_count: 1
2026-07-21 22:23:06.129 - RealTimeSTT: realtimestt - INFO - State changed from 'transcribing' to 'inactive'
2026-07-21 22:23:06.130 - RealTimeSTT: realtimestt - DEBUG - Model tiny.en completed transcription in 0.22 seconds
2026-07-21 22:23:06.131 - RealTimeSTT: realtimestt - INFO - Setting listen time
2026-07-21 22:23:06.131 - RealTimeSTT: realtimestt - INFO - State changed from 'inactive' to 'listening'
2026-07-21 22:23:06.131 - RealTimeSTT: realtimestt - DEBUG - Waiting for recording start
2026-07-21 22:23:06.285 - RealTimeSTT: realtimestt - INFO - voice activity detected
2026-07-21 22:23:06.285 - RealTimeSTT: realtimestt - INFO - recording started
2026-07-21 22:23:06.285 - RealTimeSTT: realtimestt - INFO - State changed from 'listening' to 'recording'
2026-07-21 22:23:06.285 - RealTimeSTT: realtimestt - DEBUG - Waiting for recording stop
2026-07-21 22:23:19.084 - RealTimeSTT: realtimestt - INFO - recording stopped
2026-07-21 22:23:19.087 - RealTimeSTT: realtimestt - DEBUG - No samples removed, final audio length: 211456
2026-07-21 22:23:19.087 - RealTimeSTT: realtimestt - INFO - State changed from 'recording' to 'inactive'
2026-07-21 22:23:19.087 - RealTimeSTT: realtimestt - INFO - State changed from 'inactive' to 'transcribing'
2026-07-21 22:23:19.087 - RealTimeSTT: realtimestt - DEBUG - Adding transcription request, no early transcription started
2026-07-21 22:23:19.094 - RealTimeSTT: realtimestt - DEBUG - Receive from parent_transcription_pipe after sendiung transcription request, transcribe_count: 1
2026-07-21 22:23:19.194 - RealTimeSTT: realtimestt - DEBUG - Receive from parent_transcription_pipe after sendiung transcription request, transcribe_count: 1
2026-07-21 22:23:19.295 - RealTimeSTT: realtimestt - DEBUG - Receive from parent_transcription_pipe after sendiung transcription request, transcribe_count: 1
2026-07-21 22:23:19.360 - RealTimeSTT: realtimestt - INFO - State changed from 'transcribing' to 'inactive'
2026-07-21 22:23:19.363 - RealTimeSTT: realtimestt - DEBUG - Model tiny.en completed transcription in 0.28 seconds
2026-07-21 22:23:19.363 - RealTimeSTT: realtimestt - INFO - Setting listen time
2026-07-21 22:23:19.363 - RealTimeSTT: realtimestt - INFO - State changed from 'inactive' to 'listening'
2026-07-21 22:23:19.363 - RealTimeSTT: realtimestt - DEBUG - Waiting for recording start
2026-07-21 22:23:20.424 - RealTimeSTT: realtimestt - INFO - voice activity detected
2026-07-21 22:23:20.424 - RealTimeSTT: realtimestt - INFO - recording started
2026-07-21 22:23:20.424 - RealTimeSTT: realtimestt - INFO - State changed from 'listening' to 'recording'
2026-07-21 22:23:20.425 - RealTimeSTT: realtimestt - DEBUG - Waiting for recording stop
2026-07-21 22:23:21.454 - RealTimeSTT: realtimestt - INFO - recording stopped
2026-07-21 22:23:21.455 - RealTimeSTT: realtimestt - DEBUG - No samples removed, final audio length: 32768
2026-07-21 22:23:21.455 - RealTimeSTT: realtimestt - INFO - State changed from 'recording' to 'inactive'
2026-07-21 22:23:21.455 - RealTimeSTT: realtimestt - INFO - State changed from 'inactive' to 'transcribing'
2026-07-21 22:23:21.455 - RealTimeSTT: realtimestt - DEBUG - Adding transcription request, no early transcription started
2026-07-21 22:23:21.457 - RealTimeSTT: realtimestt - DEBUG - Receive from parent_transcription_pipe after sendiung transcription request, transcribe_count: 1
2026-07-21 22:23:21.558 - RealTimeSTT: realtimestt - DEBUG - Receive from parent_transcription_pipe after sendiung transcription request, transcribe_count: 1
2026-07-21 22:23:21.600 - RealTimeSTT: realtimestt - INFO - State changed from 'transcribing' to 'inactive'
2026-07-21 22:23:21.600 - RealTimeSTT: realtimestt - DEBUG - Model tiny.en completed transcription in 0.15 seconds
2026-07-21 22:23:21.601 - RealTimeSTT: realtimestt - INFO - Setting listen time
2026-07-21 22:23:21.601 - RealTimeSTT: realtimestt - INFO - State changed from 'inactive' to 'listening'
2026-07-21 22:23:21.601 - RealTimeSTT: realtimestt - DEBUG - Waiting for recording start
2026-07-21 22:23:21.904 - RealTimeSTT: realtimestt - INFO - voice activity detected
2026-07-21 22:23:21.904 - RealTimeSTT: realtimestt - INFO - recording started
2026-07-21 22:23:21.904 - RealTimeSTT: realtimestt - INFO - State changed from 'listening' to 'recording'
2026-07-21 22:23:21.905 - RealTimeSTT: realtimestt - DEBUG - Waiting for recording stop
2026-07-21 22:23:23.884 - RealTimeSTT: realtimestt - INFO - recording stopped
2026-07-21 22:23:23.885 - RealTimeSTT: realtimestt - DEBUG - No samples removed, final audio length: 39424
2026-07-21 22:23:23.885 - RealTimeSTT: realtimestt - INFO - State changed from 'recording' to 'inactive'
2026-07-21 22:23:23.885 - RealTimeSTT: realtimestt - INFO - State changed from 'inactive' to 'transcribing'
2026-07-21 22:23:23.885 - RealTimeSTT: realtimestt - DEBUG - Adding transcription request, no early transcription started
2026-07-21 22:23:23.900 - RealTimeSTT: realtimestt - DEBUG - Receive from parent_transcription_pipe after sendiung transcription request, transcribe_count: 1
2026-07-21 22:23:24.001 - RealTimeSTT: realtimestt - DEBUG - Receive from parent_transcription_pipe after sendiung transcription request, transcribe_count: 1
2026-07-21 22:23:24.036 - RealTimeSTT: realtimestt - INFO - State changed from 'transcribing' to 'inactive'
2026-07-21 22:23:24.037 - RealTimeSTT: realtimestt - DEBUG - Model tiny.en completed transcription in 0.15 seconds
2026-07-21 22:23:24.037 - RealTimeSTT: realtimestt - INFO - Setting listen time
2026-07-21 22:23:24.037 - RealTimeSTT: realtimestt - INFO - State changed from 'inactive' to 'listening'
2026-07-21 22:23:24.037 - RealTimeSTT: realtimestt - DEBUG - Waiting for recording start
2026-07-21 22:23:24.394 - RealTimeSTT: realtimestt - INFO - voice activity detected
2026-07-21 22:23:24.394 - RealTimeSTT: realtimestt - INFO - recording started
2026-07-21 22:23:24.394 - RealTimeSTT: realtimestt - INFO - State changed from 'listening' to 'recording'
2026-07-21 22:23:24.395 - RealTimeSTT: realtimestt - DEBUG - Waiting for recording stop
2026-07-21 22:23:31.185 - RealTimeSTT: realtimestt - INFO - recording stopped
2026-07-21 22:23:31.186 - RealTimeSTT: realtimestt - DEBUG - No samples removed, final audio length: 117248
2026-07-21 22:23:31.187 - RealTimeSTT: realtimestt - INFO - State changed from 'recording' to 'inactive'
2026-07-21 22:23:31.187 - RealTimeSTT: realtimestt - INFO - State changed from 'inactive' to 'transcribing'
2026-07-21 22:23:31.187 - RealTimeSTT: realtimestt - DEBUG - Adding transcription request, no early transcription started
2026-07-21 22:23:31.192 - RealTimeSTT: realtimestt - DEBUG - Receive from parent_transcription_pipe after sendiung transcription request, transcribe_count: 1
2026-07-21 22:23:31.293 - RealTimeSTT: realtimestt - DEBUG - Receive from parent_transcription_pipe after sendiung transcription request, transcribe_count: 1
2026-07-21 22:23:31.393 - RealTimeSTT: realtimestt - DEBUG - Receive from parent_transcription_pipe after sendiung transcription request, transcribe_count: 1
2026-07-21 22:23:31.407 - RealTimeSTT: realtimestt - INFO - State changed from 'transcribing' to 'inactive'
2026-07-21 22:23:31.409 - RealTimeSTT: realtimestt - DEBUG - Model tiny.en completed transcription in 0.22 seconds
2026-07-21 22:23:31.409 - RealTimeSTT: realtimestt - INFO - Setting listen time
2026-07-21 22:23:31.409 - RealTimeSTT: realtimestt - INFO - State changed from 'inactive' to 'listening'
2026-07-21 22:23:31.409 - RealTimeSTT: realtimestt - DEBUG - Waiting for recording start
2026-07-21 22:23:32.395 - RealTimeSTT: realtimestt - INFO - voice activity detected
2026-07-21 22:23:32.395 - RealTimeSTT: realtimestt - INFO - recording started
2026-07-21 22:23:32.395 - RealTimeSTT: realtimestt - INFO - State changed from 'listening' to 'recording'
2026-07-21 22:23:32.395 - RealTimeSTT: realtimestt - DEBUG - Waiting for recording stop
2026-07-21 22:23:40.205 - RealTimeSTT: realtimestt - INFO - recording stopped
2026-07-21 22:23:40.208 - RealTimeSTT: realtimestt - DEBUG - No samples removed, final audio length: 141312
2026-07-21 22:23:40.208 - RealTimeSTT: realtimestt - INFO - State changed from 'recording' to 'inactive'
2026-07-21 22:23:40.208 - RealTimeSTT: realtimestt - INFO - State changed from 'inactive' to 'transcribing'
2026-07-21 22:23:40.208 - RealTimeSTT: realtimestt - DEBUG - Adding transcription request, no early transcription started
2026-07-21 22:23:40.225 - RealTimeSTT: realtimestt - DEBUG - Receive from parent_transcription_pipe after sendiung transcription request, transcribe_count: 1
2026-07-21 22:23:40.326 - RealTimeSTT: realtimestt - DEBUG - Receive from parent_transcription_pipe after sendiung transcription request, transcribe_count: 1
2026-07-21 22:23:40.426 - RealTimeSTT: realtimestt - DEBUG - Receive from parent_transcription_pipe after sendiung transcription request, transcribe_count: 1
2026-07-21 22:23:40.457 - RealTimeSTT: realtimestt - INFO - State changed from 'transcribing' to 'inactive'
2026-07-21 22:23:40.460 - RealTimeSTT: realtimestt - DEBUG - Model tiny.en completed transcription in 0.25 seconds
2026-07-21 22:23:40.460 - RealTimeSTT: realtimestt - INFO - Setting listen time
2026-07-21 22:23:40.460 - RealTimeSTT: realtimestt - INFO - State changed from 'inactive' to 'listening'
2026-07-21 22:23:40.460 - RealTimeSTT: realtimestt - DEBUG - Waiting for recording start
2026-07-21 22:23:41.675 - RealTimeSTT: realtimestt - INFO - voice activity detected
2026-07-21 22:23:41.675 - RealTimeSTT: realtimestt - INFO - recording started
2026-07-21 22:23:41.675 - RealTimeSTT: realtimestt - INFO - State changed from 'listening' to 'recording'
2026-07-21 22:23:41.675 - RealTimeSTT: realtimestt - DEBUG - Waiting for recording stop
2026-07-21 22:23:43.465 - RealTimeSTT: realtimestt - INFO - recording stopped
2026-07-21 22:23:43.465 - RealTimeSTT: realtimestt - DEBUG - No samples removed, final audio length: 45056
2026-07-21 22:23:43.466 - RealTimeSTT: realtimestt - INFO - State changed from 'recording' to 'inactive'
2026-07-21 22:23:43.466 - RealTimeSTT: realtimestt - INFO - State changed from 'inactive' to 'transcribing'
2026-07-21 22:23:43.466 - RealTimeSTT: realtimestt - DEBUG - Adding transcription request, no early transcription started
2026-07-21 22:23:43.466 - RealTimeSTT: realtimestt - DEBUG - Receive from parent_transcription_pipe after sendiung transcription request, transcribe_count: 1
2026-07-21 22:23:43.470 - RealTimeSTT: realtimestt - INFO - State changed from 'transcribing' to 'inactive'
2026-07-21 22:23:43.470 - RealTimeSTT: realtimestt - DEBUG - Model tiny.en completed transcription in 0.00 seconds
2026-07-21 22:23:43.470 - RealTimeSTT: realtimestt - INFO - Setting listen time
2026-07-21 22:23:43.470 - RealTimeSTT: realtimestt - INFO - State changed from 'inactive' to 'listening'
2026-07-21 22:23:43.470 - RealTimeSTT: realtimestt - DEBUG - Waiting for recording start
2026-07-21 22:23:44.045 - RealTimeSTT: realtimestt - INFO - voice activity detected
2026-07-21 22:23:44.045 - RealTimeSTT: realtimestt - INFO - recording started
2026-07-21 22:23:44.045 - RealTimeSTT: realtimestt - INFO - State changed from 'listening' to 'recording'
2026-07-21 22:23:44.045 - RealTimeSTT: realtimestt - DEBUG - Waiting for recording stop
2026-07-21 22:23:48.905 - RealTimeSTT: realtimestt - INFO - recording stopped
2026-07-21 22:23:48.906 - RealTimeSTT: realtimestt - DEBUG - No samples removed, final audio length: 87552
2026-07-21 22:23:48.906 - RealTimeSTT: realtimestt - INFO - State changed from 'recording' to 'inactive'
2026-07-21 22:23:48.906 - RealTimeSTT: realtimestt - INFO - State changed from 'inactive' to 'transcribing'
2026-07-21 22:23:48.906 - RealTimeSTT: realtimestt - DEBUG - Adding transcription request, no early transcription started
2026-07-21 22:23:48.917 - RealTimeSTT: realtimestt - DEBUG - Receive from parent_transcription_pipe after sendiung transcription request, transcribe_count: 1
2026-07-21 22:23:49.017 - RealTimeSTT: realtimestt - DEBUG - Receive from parent_transcription_pipe after sendiung transcription request, transcribe_count: 1
2026-07-21 22:23:49.118 - RealTimeSTT: realtimestt - DEBUG - Receive from parent_transcription_pipe after sendiung transcription request, transcribe_count: 1
2026-07-21 22:23:49.139 - RealTimeSTT: realtimestt - INFO - State changed from 'transcribing' to 'inactive'
2026-07-21 22:23:49.141 - RealTimeSTT: realtimestt - DEBUG - Model tiny.en completed transcription in 0.23 seconds
2026-07-21 22:23:49.141 - RealTimeSTT: realtimestt - INFO - Setting listen time
2026-07-21 22:23:49.141 - RealTimeSTT: realtimestt - INFO - State changed from 'inactive' to 'listening'
2026-07-21 22:23:49.141 - RealTimeSTT: realtimestt - DEBUG - Waiting for recording start
2026-07-21 22:23:49.865 - RealTimeSTT: realtimestt - INFO - voice activity detected
2026-07-21 22:23:49.865 - RealTimeSTT: realtimestt - INFO - recording started
2026-07-21 22:23:49.865 - RealTimeSTT: realtimestt - INFO - State changed from 'listening' to 'recording'
2026-07-21 22:23:49.865 - RealTimeSTT: realtimestt - DEBUG - Waiting for recording stop
2026-07-21 22:23:53.455 - RealTimeSTT: realtimestt - INFO - recording stopped
2026-07-21 22:23:53.456 - RealTimeSTT: realtimestt - DEBUG - No samples removed, final audio length: 73216
2026-07-21 22:23:53.456 - RealTimeSTT: realtimestt - INFO - State changed from 'recording' to 'inactive'
2026-07-21 22:23:53.456 - RealTimeSTT: realtimestt - INFO - State changed from 'inactive' to 'transcribing'
2026-07-21 22:23:53.456 - RealTimeSTT: realtimestt - DEBUG - Adding transcription request, no early transcription started
2026-07-21 22:23:53.474 - RealTimeSTT: realtimestt - DEBUG - Receive from parent_transcription_pipe after sendiung transcription request, transcribe_count: 1
2026-07-21 22:23:53.574 - RealTimeSTT: realtimestt - DEBUG - Receive from parent_transcription_pipe after sendiung transcription request, transcribe_count: 1
2026-07-21 22:23:53.657 - RealTimeSTT: realtimestt - INFO - State changed from 'transcribing' to 'inactive'
2026-07-21 22:23:53.659 - RealTimeSTT: realtimestt - DEBUG - Model tiny.en completed transcription in 0.20 seconds
2026-07-21 22:23:53.659 - RealTimeSTT: realtimestt - INFO - Setting listen time
2026-07-21 22:23:53.659 - RealTimeSTT: realtimestt - INFO - State changed from 'inactive' to 'listening'
2026-07-21 22:23:53.659 - RealTimeSTT: realtimestt - DEBUG - Waiting for recording start
2026-07-21 22:23:55.116 - RealTimeSTT: realtimestt - INFO - voice activity detected
2026-07-21 22:23:55.116 - RealTimeSTT: realtimestt - INFO - recording started
2026-07-21 22:23:55.116 - RealTimeSTT: realtimestt - INFO - State changed from 'listening' to 'recording'
2026-07-21 22:23:55.116 - RealTimeSTT: realtimestt - DEBUG - Waiting for recording stop
2026-07-21 22:23:57.105 - RealTimeSTT: realtimestt - INFO - recording stopped
2026-07-21 22:23:57.106 - RealTimeSTT: realtimestt - DEBUG - No samples removed, final audio length: 48128
2026-07-21 22:23:57.106 - RealTimeSTT: realtimestt - INFO - State changed from 'recording' to 'inactive'
2026-07-21 22:23:57.106 - RealTimeSTT: realtimestt - INFO - State changed from 'inactive' to 'transcribing'
2026-07-21 22:23:57.106 - RealTimeSTT: realtimestt - DEBUG - Adding transcription request, no early transcription started
2026-07-21 22:23:57.114 - RealTimeSTT: realtimestt - DEBUG - Receive from parent_transcription_pipe after sendiung transcription request, transcribe_count: 1
2026-07-21 22:23:57.214 - RealTimeSTT: realtimestt - DEBUG - Receive from parent_transcription_pipe after sendiung transcription request, transcribe_count: 1
2026-07-21 22:23:57.267 - RealTimeSTT: realtimestt - INFO - State changed from 'transcribing' to 'inactive'
2026-07-21 22:23:57.268 - RealTimeSTT: realtimestt - DEBUG - Model tiny.en completed transcription in 0.16 seconds
2026-07-21 22:23:57.268 - RealTimeSTT: realtimestt - INFO - Setting listen time
2026-07-21 22:23:57.268 - RealTimeSTT: realtimestt - INFO - State changed from 'inactive' to 'listening'
2026-07-21 22:23:57.268 - RealTimeSTT: realtimestt - DEBUG - Waiting for recording start
2026-07-21 22:23:57.865 - RealTimeSTT: realtimestt - INFO - voice activity detected
2026-07-21 22:23:57.865 - RealTimeSTT: realtimestt - INFO - recording started
2026-07-21 22:23:57.865 - RealTimeSTT: realtimestt - INFO - State changed from 'listening' to 'recording'
2026-07-21 22:23:57.865 - RealTimeSTT: realtimestt - DEBUG - Waiting for recording stop
2026-07-21 22:24:04.395 - RealTimeSTT: realtimestt - INFO - recording stopped
2026-07-21 22:24:04.397 - RealTimeSTT: realtimestt - DEBUG - No samples removed, final audio length: 117248
2026-07-21 22:24:04.397 - RealTimeSTT: realtimestt - INFO - State changed from 'recording' to 'inactive'
2026-07-21 22:24:04.397 - RealTimeSTT: realtimestt - INFO - State changed from 'inactive' to 'transcribing'
2026-07-21 22:24:04.397 - RealTimeSTT: realtimestt - DEBUG - Adding transcription request, no early transcription started
2026-07-21 22:24:04.403 - RealTimeSTT: realtimestt - DEBUG - Receive from parent_transcription_pipe after sendiung transcription request, transcribe_count: 1
2026-07-21 22:24:04.504 - RealTimeSTT: realtimestt - DEBUG - Receive from parent_transcription_pipe after sendiung transcription request, transcribe_count: 1
2026-07-21 22:24:04.604 - RealTimeSTT: realtimestt - DEBUG - Receive from parent_transcription_pipe after sendiung transcription request, transcribe_count: 1
2026-07-21 22:24:04.705 - RealTimeSTT: realtimestt - DEBUG - Receive from parent_transcription_pipe after sendiung transcription request, transcribe_count: 1
2026-07-21 22:24:04.721 - RealTimeSTT: realtimestt - INFO - State changed from 'transcribing' to 'inactive'
2026-07-21 22:24:04.723 - RealTimeSTT: realtimestt - DEBUG - Model tiny.en completed transcription in 0.33 seconds
2026-07-21 22:24:04.723 - RealTimeSTT: realtimestt - INFO - Setting listen time
2026-07-21 22:24:04.723 - RealTimeSTT: realtimestt - INFO - State changed from 'inactive' to 'listening'
2026-07-21 22:24:04.723 - RealTimeSTT: realtimestt - DEBUG - Waiting for recording start
2026-07-21 22:24:15.595 - RealTimeSTT: realtimestt - INFO - voice activity detected
2026-07-21 22:24:15.595 - RealTimeSTT: realtimestt - INFO - recording started
2026-07-21 22:24:15.595 - RealTimeSTT: realtimestt - INFO - State changed from 'listening' to 'recording'
2026-07-21 22:24:15.595 - RealTimeSTT: realtimestt - DEBUG - Waiting for recording stop
2026-07-21 22:24:16.555 - RealTimeSTT: realtimestt - INFO - recording stopped
2026-07-21 22:24:16.556 - RealTimeSTT: realtimestt - DEBUG - No samples removed, final audio length: 31744
2026-07-21 22:24:16.556 - RealTimeSTT: realtimestt - INFO - State changed from 'recording' to 'inactive'
2026-07-21 22:24:16.556 - RealTimeSTT: realtimestt - INFO - State changed from 'inactive' to 'transcribing'
2026-07-21 22:24:16.556 - RealTimeSTT: realtimestt - DEBUG - Adding transcription request, no early transcription started
2026-07-21 22:24:16.560 - RealTimeSTT: realtimestt - DEBUG - Receive from parent_transcription_pipe after sendiung transcription request, transcribe_count: 1
2026-07-21 22:24:16.563 - RealTimeSTT: realtimestt - INFO - State changed from 'transcribing' to 'inactive'
2026-07-21 22:24:16.563 - RealTimeSTT: realtimestt - DEBUG - Model tiny.en completed transcription in 0.01 seconds
2026-07-21 22:24:16.564 - RealTimeSTT: realtimestt - INFO - Setting listen time
2026-07-21 22:24:16.564 - RealTimeSTT: realtimestt - INFO - State changed from 'inactive' to 'listening'
2026-07-21 22:24:16.564 - RealTimeSTT: realtimestt - DEBUG - Waiting for recording start
2026-07-21 22:24:19.435 - RealTimeSTT: realtimestt - INFO - voice activity detected
2026-07-21 22:24:19.435 - RealTimeSTT: realtimestt - INFO - recording started
2026-07-21 22:24:19.435 - RealTimeSTT: realtimestt - INFO - State changed from 'listening' to 'recording'
2026-07-21 22:24:19.435 - RealTimeSTT: realtimestt - DEBUG - Waiting for recording stop
2026-07-21 22:24:20.205 - RealTimeSTT: realtimestt - INFO - recording stopped
2026-07-21 22:24:20.206 - RealTimeSTT: realtimestt - DEBUG - No samples removed, final audio length: 28672
2026-07-21 22:24:20.206 - RealTimeSTT: realtimestt - INFO - State changed from 'recording' to 'inactive'
2026-07-21 22:24:20.206 - RealTimeSTT: realtimestt - INFO - State changed from 'inactive' to 'transcribing'
2026-07-21 22:24:20.206 - RealTimeSTT: realtimestt - DEBUG - Adding transcription request, no early transcription started
2026-07-21 22:24:20.206 - RealTimeSTT: realtimestt - DEBUG - Receive from parent_transcription_pipe after sendiung transcription request, transcribe_count: 1
2026-07-21 22:24:20.306 - RealTimeSTT: realtimestt - DEBUG - Receive from parent_transcription_pipe after sendiung transcription request, transcribe_count: 1
2026-07-21 22:24:20.369 - RealTimeSTT: realtimestt - INFO - State changed from 'transcribing' to 'inactive'
2026-07-21 22:24:20.369 - RealTimeSTT: realtimestt - DEBUG - Model tiny.en completed transcription in 0.16 seconds
2026-07-21 22:24:20.370 - RealTimeSTT: realtimestt - INFO - Setting listen time
2026-07-21 22:24:20.370 - RealTimeSTT: realtimestt - INFO - State changed from 'inactive' to 'listening'
2026-07-21 22:24:20.370 - RealTimeSTT: realtimestt - DEBUG - Waiting for recording start
2026-07-21 22:24:21.545 - RealTimeSTT: realtimestt - INFO - voice activity detected
2026-07-21 22:24:21.545 - RealTimeSTT: realtimestt - INFO - recording started
2026-07-21 22:24:21.545 - RealTimeSTT: realtimestt - INFO - State changed from 'listening' to 'recording'
2026-07-21 22:24:21.545 - RealTimeSTT: realtimestt - DEBUG - Waiting for recording stop
2026-07-21 22:24:22.185 - RealTimeSTT: realtimestt - INFO - recording stopped
2026-07-21 22:24:22.186 - RealTimeSTT: realtimestt - DEBUG - No samples removed, final audio length: 26624
2026-07-21 22:24:22.186 - RealTimeSTT: realtimestt - INFO - State changed from 'recording' to 'inactive'
2026-07-21 22:24:22.186 - RealTimeSTT: realtimestt - INFO - State changed from 'inactive' to 'transcribing'
2026-07-21 22:24:22.186 - RealTimeSTT: realtimestt - DEBUG - Adding transcription request, no early transcription started
2026-07-21 22:24:22.186 - RealTimeSTT: realtimestt - DEBUG - Receive from parent_transcription_pipe after sendiung transcription request, transcribe_count: 1
2026-07-21 22:24:22.286 - RealTimeSTT: realtimestt - DEBUG - Receive from parent_transcription_pipe after sendiung transcription request, transcribe_count: 1
2026-07-21 22:24:22.354 - RealTimeSTT: realtimestt - INFO - State changed from 'transcribing' to 'inactive'
2026-07-21 22:24:22.354 - RealTimeSTT: realtimestt - DEBUG - Model tiny.en completed transcription in 0.17 seconds
2026-07-21 22:24:22.354 - RealTimeSTT: realtimestt - INFO - Setting listen time
2026-07-21 22:24:22.354 - RealTimeSTT: realtimestt - INFO - State changed from 'inactive' to 'listening'
2026-07-21 22:24:22.354 - RealTimeSTT: realtimestt - DEBUG - Waiting for recording start
2026-07-21 22:24:23.275 - RealTimeSTT: realtimestt - INFO - voice activity detected
2026-07-21 22:24:23.275 - RealTimeSTT: realtimestt - INFO - recording started
2026-07-21 22:24:23.275 - RealTimeSTT: realtimestt - INFO - State changed from 'listening' to 'recording'
2026-07-21 22:24:23.275 - RealTimeSTT: realtimestt - DEBUG - Waiting for recording stop
2026-07-21 22:24:24.876 - RealTimeSTT: realtimestt - INFO - recording stopped
2026-07-21 22:24:24.877 - RealTimeSTT: realtimestt - DEBUG - No samples removed, final audio length: 41984
2026-07-21 22:24:24.877 - RealTimeSTT: realtimestt - INFO - State changed from 'recording' to 'inactive'
2026-07-21 22:24:24.877 - RealTimeSTT: realtimestt - INFO - State changed from 'inactive' to 'transcribing'
2026-07-21 22:24:24.877 - RealTimeSTT: realtimestt - DEBUG - Adding transcription request, no early transcription started
2026-07-21 22:24:24.877 - RealTimeSTT: realtimestt - DEBUG - Receive from parent_transcription_pipe after sendiung transcription request, transcribe_count: 1
2026-07-21 22:24:24.977 - RealTimeSTT: realtimestt - DEBUG - Receive from parent_transcription_pipe after sendiung transcription request, transcribe_count: 1
2026-07-21 22:24:25.035 - RealTimeSTT: realtimestt - INFO - State changed from 'transcribing' to 'inactive'
2026-07-21 22:24:25.036 - RealTimeSTT: realtimestt - DEBUG - Model tiny.en completed transcription in 0.16 seconds
2026-07-21 22:24:25.036 - RealTimeSTT: realtimestt - INFO - Setting listen time
2026-07-21 22:24:25.036 - RealTimeSTT: realtimestt - INFO - State changed from 'inactive' to 'listening'
2026-07-21 22:24:25.036 - RealTimeSTT: realtimestt - DEBUG - Waiting for recording start
2026-07-21 22:24:29.745 - RealTimeSTT: realtimestt - INFO - voice activity detected
2026-07-21 22:24:29.745 - RealTimeSTT: realtimestt - INFO - recording started
2026-07-21 22:24:29.745 - RealTimeSTT: realtimestt - INFO - State changed from 'listening' to 'recording'
2026-07-21 22:24:29.745 - RealTimeSTT: realtimestt - DEBUG - Waiting for recording stop
2026-07-21 22:24:30.385 - RealTimeSTT: realtimestt - INFO - recording stopped
2026-07-21 22:24:30.386 - RealTimeSTT: realtimestt - DEBUG - No samples removed, final audio length: 26624
2026-07-21 22:24:30.386 - RealTimeSTT: realtimestt - INFO - State changed from 'recording' to 'inactive'
2026-07-21 22:24:30.386 - RealTimeSTT: realtimestt - INFO - State changed from 'inactive' to 'transcribing'
2026-07-21 22:24:30.386 - RealTimeSTT: realtimestt - DEBUG - Adding transcription request, no early transcription started
2026-07-21 22:24:30.394 - RealTimeSTT: realtimestt - DEBUG - Receive from parent_transcription_pipe after sendiung transcription request, transcribe_count: 1
2026-07-21 22:24:30.494 - RealTimeSTT: realtimestt - DEBUG - Receive from parent_transcription_pipe after sendiung transcription request, transcribe_count: 1
2026-07-21 22:24:30.534 - RealTimeSTT: realtimestt - INFO - State changed from 'transcribing' to 'inactive'
2026-07-21 22:24:30.534 - RealTimeSTT: realtimestt - DEBUG - Model tiny.en completed transcription in 0.15 seconds
2026-07-21 22:24:30.535 - RealTimeSTT: realtimestt - INFO - Setting listen time
2026-07-21 22:24:30.535 - RealTimeSTT: realtimestt - INFO - State changed from 'inactive' to 'listening'
2026-07-21 22:24:30.535 - RealTimeSTT: realtimestt - DEBUG - Waiting for recording start
2026-07-21 22:24:38.765 - RealTimeSTT: realtimestt - INFO - voice activity detected
2026-07-21 22:24:38.766 - RealTimeSTT: realtimestt - INFO - recording started
2026-07-21 22:24:38.766 - RealTimeSTT: realtimestt - INFO - State changed from 'listening' to 'recording'
2026-07-21 22:24:38.766 - RealTimeSTT: realtimestt - DEBUG - Waiting for recording stop
2026-07-21 22:24:53.356 - RealTimeSTT: realtimestt - INFO - recording stopped
2026-07-21 22:24:53.359 - RealTimeSTT: realtimestt - DEBUG - No samples removed, final audio length: 249856
2026-07-21 22:24:53.359 - RealTimeSTT: realtimestt - INFO - State changed from 'recording' to 'inactive'
2026-07-21 22:24:53.359 - RealTimeSTT: realtimestt - INFO - State changed from 'inactive' to 'transcribing'
2026-07-21 22:24:53.359 - RealTimeSTT: realtimestt - DEBUG - Adding transcription request, no early transcription started
2026-07-21 22:24:53.361 - RealTimeSTT: realtimestt - DEBUG - Receive from parent_transcription_pipe after sendiung transcription request, transcribe_count: 1
2026-07-21 22:24:53.461 - RealTimeSTT: realtimestt - DEBUG - Receive from parent_transcription_pipe after sendiung transcription request, transcribe_count: 1
2026-07-21 22:24:53.562 - RealTimeSTT: realtimestt - DEBUG - Receive from parent_transcription_pipe after sendiung transcription request, transcribe_count: 1
2026-07-21 22:24:53.576 - RealTimeSTT: realtimestt - INFO - State changed from 'transcribing' to 'inactive'
2026-07-21 22:24:53.579 - RealTimeSTT: realtimestt - DEBUG - Model tiny.en completed transcription in 0.22 seconds
2026-07-21 22:24:53.580 - RealTimeSTT: realtimestt - INFO - Setting listen time
2026-07-21 22:24:53.580 - RealTimeSTT: realtimestt - INFO - State changed from 'inactive' to 'listening'
2026-07-21 22:24:53.580 - RealTimeSTT: realtimestt - DEBUG - Waiting for recording start
2026-07-21 22:24:54.576 - RealTimeSTT: realtimestt - INFO - voice activity detected
2026-07-21 22:24:54.576 - RealTimeSTT: realtimestt - INFO - recording started
2026-07-21 22:24:54.576 - RealTimeSTT: realtimestt - INFO - State changed from 'listening' to 'recording'
2026-07-21 22:24:54.576 - RealTimeSTT: realtimestt - DEBUG - Waiting for recording stop
2026-07-21 22:25:06.416 - RealTimeSTT: realtimestt - INFO - recording stopped
2026-07-21 22:25:06.418 - RealTimeSTT: realtimestt - DEBUG - No samples removed, final audio length: 205824
2026-07-21 22:25:06.418 - RealTimeSTT: realtimestt - INFO - State changed from 'recording' to 'inactive'
2026-07-21 22:25:06.419 - RealTimeSTT: realtimestt - INFO - State changed from 'inactive' to 'transcribing'
2026-07-21 22:25:06.419 - RealTimeSTT: realtimestt - DEBUG - Adding transcription request, no early transcription started
2026-07-21 22:25:06.434 - RealTimeSTT: realtimestt - DEBUG - Receive from parent_transcription_pipe after sendiung transcription request, transcribe_count: 1
2026-07-21 22:25:06.535 - RealTimeSTT: realtimestt - DEBUG - Receive from parent_transcription_pipe after sendiung transcription request, transcribe_count: 1
2026-07-21 22:25:06.625 - RealTimeSTT: realtimestt - INFO - State changed from 'transcribing' to 'inactive'
2026-07-21 22:25:06.628 - RealTimeSTT: realtimestt - DEBUG - Model tiny.en completed transcription in 0.21 seconds
2026-07-21 22:25:06.628 - RealTimeSTT: realtimestt - INFO - Setting listen time
2026-07-21 22:25:06.628 - RealTimeSTT: realtimestt - INFO - State changed from 'inactive' to 'listening'
2026-07-21 22:25:06.628 - RealTimeSTT: realtimestt - DEBUG - Waiting for recording start
2026-07-21 22:25:09.546 - RealTimeSTT: realtimestt - INFO - voice activity detected
2026-07-21 22:25:09.546 - RealTimeSTT: realtimestt - INFO - recording started
2026-07-21 22:25:09.546 - RealTimeSTT: realtimestt - INFO - State changed from 'listening' to 'recording'
2026-07-21 22:25:09.546 - RealTimeSTT: realtimestt - DEBUG - Waiting for recording stop
2026-07-21 22:25:10.186 - RealTimeSTT: realtimestt - INFO - recording stopped
2026-07-21 22:25:10.187 - RealTimeSTT: realtimestt - DEBUG - No samples removed, final audio length: 26624
2026-07-21 22:25:10.187 - RealTimeSTT: realtimestt - INFO - State changed from 'recording' to 'inactive'
2026-07-21 22:25:10.187 - RealTimeSTT: realtimestt - INFO - State changed from 'inactive' to 'transcribing'
2026-07-21 22:25:10.187 - RealTimeSTT: realtimestt - DEBUG - Adding transcription request, no early transcription started
2026-07-21 22:25:10.188 - RealTimeSTT: realtimestt - DEBUG - Receive from parent_transcription_pipe after sendiung transcription request, transcribe_count: 1
2026-07-21 22:25:10.289 - RealTimeSTT: realtimestt - DEBUG - Receive from parent_transcription_pipe after sendiung transcription request, transcribe_count: 1
2026-07-21 22:25:10.337 - RealTimeSTT: realtimestt - INFO - State changed from 'transcribing' to 'inactive'
2026-07-21 22:25:10.338 - RealTimeSTT: realtimestt - DEBUG - Model tiny.en completed transcription in 0.15 seconds
2026-07-21 22:25:10.338 - RealTimeSTT: realtimestt - INFO - Setting listen time
2026-07-21 22:25:10.338 - RealTimeSTT: realtimestt - INFO - State changed from 'inactive' to 'listening'
2026-07-21 22:25:10.338 - RealTimeSTT: realtimestt - DEBUG - Waiting for recording start
2026-07-21 22:25:13.066 - RealTimeSTT: realtimestt - INFO - voice activity detected
2026-07-21 22:25:13.066 - RealTimeSTT: realtimestt - INFO - recording started
2026-07-21 22:25:13.066 - RealTimeSTT: realtimestt - INFO - State changed from 'listening' to 'recording'
2026-07-21 22:25:13.066 - RealTimeSTT: realtimestt - DEBUG - Waiting for recording stop
2026-07-21 22:25:15.306 - RealTimeSTT: realtimestt - INFO - recording stopped
2026-07-21 22:25:15.307 - RealTimeSTT: realtimestt - DEBUG - No samples removed, final audio length: 52224
2026-07-21 22:25:15.307 - RealTimeSTT: realtimestt - INFO - State changed from 'recording' to 'inactive'
2026-07-21 22:25:15.307 - RealTimeSTT: realtimestt - INFO - State changed from 'inactive' to 'transcribing'
2026-07-21 22:25:15.307 - RealTimeSTT: realtimestt - DEBUG - Adding transcription request, no early transcription started
2026-07-21 22:25:15.315 - RealTimeSTT: realtimestt - DEBUG - Receive from parent_transcription_pipe after sendiung transcription request, transcribe_count: 1
2026-07-21 22:25:15.416 - RealTimeSTT: realtimestt - DEBUG - Receive from parent_transcription_pipe after sendiung transcription request, transcribe_count: 1
2026-07-21 22:25:15.471 - RealTimeSTT: realtimestt - INFO - State changed from 'transcribing' to 'inactive'
2026-07-21 22:25:15.472 - RealTimeSTT: realtimestt - DEBUG - Model tiny.en completed transcription in 0.16 seconds
2026-07-21 22:25:15.472 - RealTimeSTT: realtimestt - INFO - Setting listen time
2026-07-21 22:25:15.472 - RealTimeSTT: realtimestt - INFO - State changed from 'inactive' to 'listening'
2026-07-21 22:25:15.472 - RealTimeSTT: realtimestt - DEBUG - Waiting for recording start
2026-07-21 22:25:37.646 - RealTimeSTT: realtimestt - INFO - voice activity detected
2026-07-21 22:25:37.646 - RealTimeSTT: realtimestt - INFO - recording started
2026-07-21 22:25:37.646 - RealTimeSTT: realtimestt - INFO - State changed from 'listening' to 'recording'
2026-07-21 22:25:37.646 - RealTimeSTT: realtimestt - DEBUG - Waiting for recording stop
2026-07-21 22:25:38.417 - RealTimeSTT: realtimestt - INFO - recording stopped
2026-07-21 22:25:38.418 - RealTimeSTT: realtimestt - DEBUG - No samples removed, final audio length: 28672
2026-07-21 22:25:38.418 - RealTimeSTT: realtimestt - INFO - State changed from 'recording' to 'inactive'
2026-07-21 22:25:38.418 - RealTimeSTT: realtimestt - INFO - State changed from 'inactive' to 'transcribing'
2026-07-21 22:25:38.418 - RealTimeSTT: realtimestt - DEBUG - Adding transcription request, no early transcription started
2026-07-21 22:25:38.421 - RealTimeSTT: realtimestt - DEBUG - Receive from parent_transcription_pipe after sendiung transcription request, transcribe_count: 1
2026-07-21 22:25:38.521 - RealTimeSTT: realtimestt - DEBUG - Receive from parent_transcription_pipe after sendiung transcription request, transcribe_count: 1
2026-07-21 22:25:38.584 - RealTimeSTT: realtimestt - INFO - State changed from 'transcribing' to 'inactive'
2026-07-21 22:25:38.584 - RealTimeSTT: realtimestt - DEBUG - Model tiny.en completed transcription in 0.17 seconds
2026-07-21 22:25:38.585 - RealTimeSTT: realtimestt - INFO - Setting listen time
2026-07-21 22:25:38.585 - RealTimeSTT: realtimestt - INFO - State changed from 'inactive' to 'listening'
2026-07-21 22:25:38.585 - RealTimeSTT: realtimestt - DEBUG - Waiting for recording start
2026-07-21 22:25:38.926 - RealTimeSTT: realtimestt - INFO - voice activity detected
2026-07-21 22:25:38.926 - RealTimeSTT: realtimestt - INFO - recording started
2026-07-21 22:25:38.926 - RealTimeSTT: realtimestt - INFO - State changed from 'listening' to 'recording'
2026-07-21 22:25:38.926 - RealTimeSTT: realtimestt - DEBUG - Waiting for recording stop
2026-07-21 22:25:40.906 - RealTimeSTT: realtimestt - INFO - recording stopped
2026-07-21 22:25:40.907 - RealTimeSTT: realtimestt - DEBUG - No samples removed, final audio length: 40448
2026-07-21 22:25:40.907 - RealTimeSTT: realtimestt - INFO - State changed from 'recording' to 'inactive'
2026-07-21 22:25:40.907 - RealTimeSTT: realtimestt - INFO - State changed from 'inactive' to 'transcribing'
2026-07-21 22:25:40.907 - RealTimeSTT: realtimestt - DEBUG - Adding transcription request, no early transcription started
2026-07-21 22:25:40.913 - RealTimeSTT: realtimestt - DEBUG - Receive from parent_transcription_pipe after sendiung transcription request, transcribe_count: 1
2026-07-21 22:25:41.014 - RealTimeSTT: realtimestt - DEBUG - Receive from parent_transcription_pipe after sendiung transcription request, transcribe_count: 1
2026-07-21 22:25:41.113 - RealTimeSTT: realtimestt - INFO - State changed from 'transcribing' to 'inactive'
2026-07-21 22:25:41.114 - RealTimeSTT: realtimestt - DEBUG - Model tiny.en completed transcription in 0.21 seconds
2026-07-21 22:25:41.114 - RealTimeSTT: realtimestt - INFO - Setting listen time
2026-07-21 22:25:41.114 - RealTimeSTT: realtimestt - INFO - State changed from 'inactive' to 'listening'
2026-07-21 22:25:41.114 - RealTimeSTT: realtimestt - DEBUG - Waiting for recording start
2026-07-21 22:25:43.217 - RealTimeSTT: realtimestt - INFO - voice activity detected
2026-07-21 22:25:43.217 - RealTimeSTT: realtimestt - INFO - recording started
2026-07-21 22:25:43.217 - RealTimeSTT: realtimestt - INFO - State changed from 'listening' to 'recording'
2026-07-21 22:25:43.217 - RealTimeSTT: realtimestt - DEBUG - Waiting for recording stop
2026-07-21 22:25:45.326 - RealTimeSTT: realtimestt - INFO - recording stopped
2026-07-21 22:25:45.327 - RealTimeSTT: realtimestt - DEBUG - No samples removed, final audio length: 50176
2026-07-21 22:25:45.327 - RealTimeSTT: realtimestt - INFO - State changed from 'recording' to 'inactive'
2026-07-21 22:25:45.327 - RealTimeSTT: realtimestt - INFO - State changed from 'inactive' to 'transcribing'
2026-07-21 22:25:45.327 - RealTimeSTT: realtimestt - DEBUG - Adding transcription request, no early transcription started
2026-07-21 22:25:45.335 - RealTimeSTT: realtimestt - DEBUG - Receive from parent_transcription_pipe after sendiung transcription request, transcribe_count: 1
2026-07-21 22:25:45.435 - RealTimeSTT: realtimestt - DEBUG - Receive from parent_transcription_pipe after sendiung transcription request, transcribe_count: 1
2026-07-21 22:25:45.500 - RealTimeSTT: realtimestt - INFO - State changed from 'transcribing' to 'inactive'
2026-07-21 22:25:45.501 - RealTimeSTT: realtimestt - DEBUG - Model tiny.en completed transcription in 0.17 seconds
2026-07-21 22:25:45.501 - RealTimeSTT: realtimestt - INFO - Setting listen time
2026-07-21 22:25:45.501 - RealTimeSTT: realtimestt - INFO - State changed from 'inactive' to 'listening'
2026-07-21 22:25:45.501 - RealTimeSTT: realtimestt - DEBUG - Waiting for recording start
2026-07-21 22:25:46.227 - RealTimeSTT: realtimestt - INFO - voice activity detected
2026-07-21 22:25:46.227 - RealTimeSTT: realtimestt - INFO - recording started
2026-07-21 22:25:46.227 - RealTimeSTT: realtimestt - INFO - State changed from 'listening' to 'recording'
2026-07-21 22:25:46.227 - RealTimeSTT: realtimestt - DEBUG - Waiting for recording stop
2026-07-21 22:25:47.887 - RealTimeSTT: realtimestt - INFO - recording stopped
2026-07-21 22:25:47.887 - RealTimeSTT: realtimestt - DEBUG - No samples removed, final audio length: 41472
2026-07-21 22:25:47.887 - RealTimeSTT: realtimestt - INFO - State changed from 'recording' to 'inactive'
2026-07-21 22:25:47.888 - RealTimeSTT: realtimestt - INFO - State changed from 'inactive' to 'transcribing'
2026-07-21 22:25:47.888 - RealTimeSTT: realtimestt - DEBUG - Adding transcription request, no early transcription started
2026-07-21 22:25:47.894 - RealTimeSTT: realtimestt - DEBUG - Receive from parent_transcription_pipe after sendiung transcription request, transcribe_count: 1
2026-07-21 22:25:47.994 - RealTimeSTT: realtimestt - DEBUG - Receive from parent_transcription_pipe after sendiung transcription request, transcribe_count: 1
2026-07-21 22:25:48.056 - RealTimeSTT: realtimestt - INFO - State changed from 'transcribing' to 'inactive'
2026-07-21 22:25:48.057 - RealTimeSTT: realtimestt - DEBUG - Model tiny.en completed transcription in 0.17 seconds
2026-07-21 22:25:48.057 - RealTimeSTT: realtimestt - INFO - Setting listen time
2026-07-21 22:25:48.057 - RealTimeSTT: realtimestt - INFO - State changed from 'inactive' to 'listening'
2026-07-21 22:25:48.057 - RealTimeSTT: realtimestt - DEBUG - Waiting for recording start
2026-07-21 22:25:48.586 - RealTimeSTT: realtimestt - INFO - voice activity detected
2026-07-21 22:25:48.586 - RealTimeSTT: realtimestt - INFO - recording started
2026-07-21 22:25:48.586 - RealTimeSTT: realtimestt - INFO - State changed from 'listening' to 'recording'
2026-07-21 22:25:48.587 - RealTimeSTT: realtimestt - DEBUG - Waiting for recording stop
2026-07-21 22:25:56.787 - RealTimeSTT: realtimestt - INFO - recording stopped
2026-07-21 22:25:56.789 - RealTimeSTT: realtimestt - DEBUG - No samples removed, final audio length: 142848
2026-07-21 22:25:56.790 - RealTimeSTT: realtimestt - INFO - State changed from 'recording' to 'inactive'
2026-07-21 22:25:56.790 - RealTimeSTT: realtimestt - INFO - State changed from 'inactive' to 'transcribing'
2026-07-21 22:25:56.790 - RealTimeSTT: realtimestt - DEBUG - Adding transcription request, no early transcription started
2026-07-21 22:25:56.791 - RealTimeSTT: realtimestt - DEBUG - Receive from parent_transcription_pipe after sendiung transcription request, transcribe_count: 1
2026-07-21 22:25:56.892 - RealTimeSTT: realtimestt - DEBUG - Receive from parent_transcription_pipe after sendiung transcription request, transcribe_count: 1
2026-07-21 22:25:56.992 - RealTimeSTT: realtimestt - DEBUG - Receive from parent_transcription_pipe after sendiung transcription request, transcribe_count: 1
2026-07-21 22:25:57.033 - RealTimeSTT: realtimestt - INFO - State changed from 'transcribing' to 'inactive'
2026-07-21 22:25:57.035 - RealTimeSTT: realtimestt - DEBUG - Model tiny.en completed transcription in 0.24 seconds
2026-07-21 22:25:57.035 - RealTimeSTT: realtimestt - INFO - Setting listen time
2026-07-21 22:25:57.035 - RealTimeSTT: realtimestt - INFO - State changed from 'inactive' to 'listening'
2026-07-21 22:25:57.035 - RealTimeSTT: realtimestt - DEBUG - Waiting for recording start
2026-07-21 22:25:57.546 - RealTimeSTT: realtimestt - INFO - voice activity detected
2026-07-21 22:25:57.546 - RealTimeSTT: realtimestt - INFO - recording started
2026-07-21 22:25:57.547 - RealTimeSTT: realtimestt - INFO - State changed from 'listening' to 'recording'
2026-07-21 22:25:57.547 - RealTimeSTT: realtimestt - DEBUG - Waiting for recording stop
2026-07-21 22:26:00.947 - RealTimeSTT: realtimestt - INFO - recording stopped
2026-07-21 22:26:00.948 - RealTimeSTT: realtimestt - DEBUG - No samples removed, final audio length: 67072
2026-07-21 22:26:00.948 - RealTimeSTT: realtimestt - INFO - State changed from 'recording' to 'inactive'
2026-07-21 22:26:00.948 - RealTimeSTT: realtimestt - INFO - State changed from 'inactive' to 'transcribing'
2026-07-21 22:26:00.948 - RealTimeSTT: realtimestt - DEBUG - Adding transcription request, no early transcription started
2026-07-21 22:26:00.952 - RealTimeSTT: realtimestt - DEBUG - Receive from parent_transcription_pipe after sendiung transcription request, transcribe_count: 1
2026-07-21 22:26:01.052 - RealTimeSTT: realtimestt - DEBUG - Receive from parent_transcription_pipe after sendiung transcription request, transcribe_count: 1
2026-07-21 22:26:01.149 - RealTimeSTT: realtimestt - INFO - State changed from 'transcribing' to 'inactive'
2026-07-21 22:26:01.150 - RealTimeSTT: realtimestt - DEBUG - Model tiny.en completed transcription in 0.20 seconds
2026-07-21 22:26:01.150 - RealTimeSTT: realtimestt - INFO - Setting listen time
2026-07-21 22:26:01.150 - RealTimeSTT: realtimestt - INFO - State changed from 'inactive' to 'listening'
2026-07-21 22:26:01.150 - RealTimeSTT: realtimestt - DEBUG - Waiting for recording start
2026-07-21 22:26:08.107 - RealTimeSTT: realtimestt - INFO - voice activity detected
2026-07-21 22:26:08.107 - RealTimeSTT: realtimestt - INFO - recording started
2026-07-21 22:26:08.107 - RealTimeSTT: realtimestt - INFO - State changed from 'listening' to 'recording'
2026-07-21 22:26:08.107 - RealTimeSTT: realtimestt - DEBUG - Waiting for recording stop
2026-07-21 22:26:13.487 - RealTimeSTT: realtimestt - INFO - recording stopped
2026-07-21 22:26:13.488 - RealTimeSTT: realtimestt - DEBUG - No samples removed, final audio length: 102400
2026-07-21 22:26:13.488 - RealTimeSTT: realtimestt - INFO - State changed from 'recording' to 'inactive'
2026-07-21 22:26:13.488 - RealTimeSTT: realtimestt - INFO - State changed from 'inactive' to 'transcribing'
2026-07-21 22:26:13.488 - RealTimeSTT: realtimestt - DEBUG - Adding transcription request, no early transcription started
2026-07-21 22:26:13.503 - RealTimeSTT: realtimestt - DEBUG - Receive from parent_transcription_pipe after sendiung transcription request, transcribe_count: 1
2026-07-21 22:26:13.604 - RealTimeSTT: realtimestt - DEBUG - Receive from parent_transcription_pipe after sendiung transcription request, transcribe_count: 1
2026-07-21 22:26:13.704 - RealTimeSTT: realtimestt - DEBUG - Receive from parent_transcription_pipe after sendiung transcription request, transcribe_count: 1
2026-07-21 22:26:13.804 - RealTimeSTT: realtimestt - DEBUG - Receive from parent_transcription_pipe after sendiung transcription request, transcribe_count: 1
2026-07-21 22:26:13.907 - RealTimeSTT: realtimestt - DEBUG - Receive from parent_transcription_pipe after sendiung transcription request, transcribe_count: 1
2026-07-21 22:26:13.968 - RealTimeSTT: realtimestt - INFO - State changed from 'transcribing' to 'inactive'
2026-07-21 22:26:13.969 - RealTimeSTT: realtimestt - DEBUG - Model tiny.en completed transcription in 0.48 seconds
2026-07-21 22:26:13.970 - RealTimeSTT: realtimestt - INFO - Setting listen time
2026-07-21 22:26:13.970 - RealTimeSTT: realtimestt - INFO - State changed from 'inactive' to 'listening'
2026-07-21 22:26:13.970 - RealTimeSTT: realtimestt - DEBUG - Waiting for recording start
2026-07-21 22:26:14.127 - RealTimeSTT: realtimestt - INFO - voice activity detected
2026-07-21 22:26:14.127 - RealTimeSTT: realtimestt - INFO - recording started
2026-07-21 22:26:14.127 - RealTimeSTT: realtimestt - INFO - State changed from 'listening' to 'recording'
2026-07-21 22:26:14.127 - RealTimeSTT: realtimestt - DEBUG - Waiting for recording stop
2026-07-21 22:26:15.787 - RealTimeSTT: realtimestt - INFO - recording stopped
2026-07-21 22:26:15.788 - RealTimeSTT: realtimestt - DEBUG - No samples removed, final audio length: 37376
2026-07-21 22:26:15.788 - RealTimeSTT: realtimestt - INFO - State changed from 'recording' to 'inactive'
2026-07-21 22:26:15.788 - RealTimeSTT: realtimestt - INFO - State changed from 'inactive' to 'transcribing'
2026-07-21 22:26:15.788 - RealTimeSTT: realtimestt - DEBUG - Adding transcription request, no early transcription started
2026-07-21 22:26:15.799 - RealTimeSTT: realtimestt - DEBUG - Receive from parent_transcription_pipe after sendiung transcription request, transcribe_count: 1
2026-07-21 22:26:15.899 - RealTimeSTT: realtimestt - DEBUG - Receive from parent_transcription_pipe after sendiung transcription request, transcribe_count: 1
2026-07-21 22:26:15.950 - RealTimeSTT: realtimestt - INFO - State changed from 'transcribing' to 'inactive'
2026-07-21 22:26:15.951 - RealTimeSTT: realtimestt - DEBUG - Model tiny.en completed transcription in 0.16 seconds
2026-07-21 22:26:15.951 - RealTimeSTT: realtimestt - INFO - Setting listen time
2026-07-21 22:26:15.951 - RealTimeSTT: realtimestt - INFO - State changed from 'inactive' to 'listening'
2026-07-21 22:26:15.951 - RealTimeSTT: realtimestt - DEBUG - Waiting for recording start
2026-07-21 22:26:16.427 - RealTimeSTT: realtimestt - INFO - voice activity detected
2026-07-21 22:26:16.427 - RealTimeSTT: realtimestt - INFO - recording started
2026-07-21 22:26:16.427 - RealTimeSTT: realtimestt - INFO - State changed from 'listening' to 'recording'
2026-07-21 22:26:16.427 - RealTimeSTT: realtimestt - DEBUG - Waiting for recording stop
2026-07-21 22:26:21.807 - RealTimeSTT: realtimestt - INFO - recording stopped
2026-07-21 22:26:21.808 - RealTimeSTT: realtimestt - DEBUG - No samples removed, final audio length: 96768
2026-07-21 22:26:21.808 - RealTimeSTT: realtimestt - INFO - State changed from 'recording' to 'inactive'
2026-07-21 22:26:21.809 - RealTimeSTT: realtimestt - INFO - State changed from 'inactive' to 'transcribing'
2026-07-21 22:26:21.809 - RealTimeSTT: realtimestt - DEBUG - Adding transcription request, no early transcription started
2026-07-21 22:26:21.827 - RealTimeSTT: realtimestt - DEBUG - Receive from parent_transcription_pipe after sendiung transcription request, transcribe_count: 1
2026-07-21 22:26:21.928 - RealTimeSTT: realtimestt - DEBUG - Receive from parent_transcription_pipe after sendiung transcription request, transcribe_count: 1
2026-07-21 22:26:22.029 - RealTimeSTT: realtimestt - DEBUG - Receive from parent_transcription_pipe after sendiung transcription request, transcribe_count: 1
2026-07-21 22:26:22.108 - RealTimeSTT: realtimestt - INFO - State changed from 'transcribing' to 'inactive'
2026-07-21 22:26:22.110 - RealTimeSTT: realtimestt - DEBUG - Model tiny.en completed transcription in 0.30 seconds
2026-07-21 22:26:22.110 - RealTimeSTT: realtimestt - INFO - Setting listen time
2026-07-21 22:26:22.110 - RealTimeSTT: realtimestt - INFO - State changed from 'inactive' to 'listening'
2026-07-21 22:26:22.110 - RealTimeSTT: realtimestt - DEBUG - Waiting for recording start
2026-07-21 22:26:23.467 - RealTimeSTT: realtimestt - INFO - voice activity detected
2026-07-21 22:26:23.467 - RealTimeSTT: realtimestt - INFO - recording started
2026-07-21 22:26:23.467 - RealTimeSTT: realtimestt - INFO - State changed from 'listening' to 'recording'
2026-07-21 22:26:23.467 - RealTimeSTT: realtimestt - DEBUG - Waiting for recording stop
2026-07-21 22:26:32.497 - RealTimeSTT: realtimestt - INFO - recording stopped
2026-07-21 22:26:32.499 - RealTimeSTT: realtimestt - DEBUG - No samples removed, final audio length: 160768
2026-07-21 22:26:32.499 - RealTimeSTT: realtimestt - INFO - State changed from 'recording' to 'inactive'
2026-07-21 22:26:32.499 - RealTimeSTT: realtimestt - INFO - State changed from 'inactive' to 'transcribing'
2026-07-21 22:26:32.499 - RealTimeSTT: realtimestt - DEBUG - Adding transcription request, no early transcription started
2026-07-21 22:26:32.500 - RealTimeSTT: realtimestt - DEBUG - Receive from parent_transcription_pipe after sendiung transcription request, transcribe_count: 1
2026-07-21 22:26:32.600 - RealTimeSTT: realtimestt - DEBUG - Receive from parent_transcription_pipe after sendiung transcription request, transcribe_count: 1
2026-07-21 22:26:32.701 - RealTimeSTT: realtimestt - DEBUG - Receive from parent_transcription_pipe after sendiung transcription request, transcribe_count: 1
2026-07-21 22:26:32.738 - RealTimeSTT: realtimestt - INFO - State changed from 'transcribing' to 'inactive'
2026-07-21 22:26:32.740 - RealTimeSTT: realtimestt - DEBUG - Model tiny.en completed transcription in 0.24 seconds
2026-07-21 22:26:32.740 - RealTimeSTT: realtimestt - INFO - Setting listen time
2026-07-21 22:26:32.740 - RealTimeSTT: realtimestt - INFO - State changed from 'inactive' to 'listening'
2026-07-21 22:26:32.740 - RealTimeSTT: realtimestt - DEBUG - Waiting for recording start
2026-07-21 22:26:36.207 - RealTimeSTT: realtimestt - INFO - voice activity detected
2026-07-21 22:26:36.207 - RealTimeSTT: realtimestt - INFO - recording started
2026-07-21 22:26:36.207 - RealTimeSTT: realtimestt - INFO - State changed from 'listening' to 'recording'
2026-07-21 22:26:36.207 - RealTimeSTT: realtimestt - DEBUG - Waiting for recording stop
2026-07-21 22:26:42.227 - RealTimeSTT: realtimestt - INFO - recording stopped
2026-07-21 22:26:42.229 - RealTimeSTT: realtimestt - DEBUG - No samples removed, final audio length: 112640
2026-07-21 22:26:42.229 - RealTimeSTT: realtimestt - INFO - State changed from 'recording' to 'inactive'
2026-07-21 22:26:42.229 - RealTimeSTT: realtimestt - INFO - State changed from 'inactive' to 'transcribing'
2026-07-21 22:26:42.229 - RealTimeSTT: realtimestt - DEBUG - Adding transcription request, no early transcription started
2026-07-21 22:26:42.234 - RealTimeSTT: realtimestt - DEBUG - Receive from parent_transcription_pipe after sendiung transcription request, transcribe_count: 1
2026-07-21 22:26:42.335 - RealTimeSTT: realtimestt - DEBUG - Receive from parent_transcription_pipe after sendiung transcription request, transcribe_count: 1
2026-07-21 22:26:42.401 - RealTimeSTT: realtimestt - INFO - State changed from 'transcribing' to 'inactive'
2026-07-21 22:26:42.403 - RealTimeSTT: realtimestt - DEBUG - Model tiny.en completed transcription in 0.17 seconds
2026-07-21 22:26:42.403 - RealTimeSTT: realtimestt - INFO - Setting listen time
2026-07-21 22:26:42.403 - RealTimeSTT: realtimestt - INFO - State changed from 'inactive' to 'listening'
2026-07-21 22:26:42.403 - RealTimeSTT: realtimestt - DEBUG - Waiting for recording start
2026-07-21 22:26:42.988 - RealTimeSTT: realtimestt - INFO - voice activity detected
2026-07-21 22:26:42.988 - RealTimeSTT: realtimestt - INFO - recording started
2026-07-21 22:26:42.988 - RealTimeSTT: realtimestt - INFO - State changed from 'listening' to 'recording'
2026-07-21 22:26:42.988 - RealTimeSTT: realtimestt - DEBUG - Waiting for recording stop
2026-07-21 22:26:46.708 - RealTimeSTT: realtimestt - INFO - recording stopped
2026-07-21 22:26:46.709 - RealTimeSTT: realtimestt - DEBUG - No samples removed, final audio length: 72192
2026-07-21 22:26:46.709 - RealTimeSTT: realtimestt - INFO - State changed from 'recording' to 'inactive'
2026-07-21 22:26:46.709 - RealTimeSTT: realtimestt - INFO - State changed from 'inactive' to 'transcribing'
2026-07-21 22:26:46.709 - RealTimeSTT: realtimestt - DEBUG - Adding transcription request, no early transcription started
2026-07-21 22:26:46.709 - RealTimeSTT: realtimestt - DEBUG - Receive from parent_transcription_pipe after sendiung transcription request, transcribe_count: 1
2026-07-21 22:26:46.809 - RealTimeSTT: realtimestt - DEBUG - Receive from parent_transcription_pipe after sendiung transcription request, transcribe_count: 1
2026-07-21 22:26:46.910 - RealTimeSTT: realtimestt - DEBUG - Receive from parent_transcription_pipe after sendiung transcription request, transcribe_count: 1
2026-07-21 22:26:46.913 - RealTimeSTT: realtimestt - INFO - State changed from 'transcribing' to 'inactive'
2026-07-21 22:26:46.914 - RealTimeSTT: realtimestt - DEBUG - Model tiny.en completed transcription in 0.20 seconds
2026-07-21 22:26:46.914 - RealTimeSTT: realtimestt - INFO - Setting listen time
2026-07-21 22:26:46.914 - RealTimeSTT: realtimestt - INFO - State changed from 'inactive' to 'listening'
2026-07-21 22:26:46.914 - RealTimeSTT: realtimestt - DEBUG - Waiting for recording start
2026-07-21 22:26:48.367 - RealTimeSTT: realtimestt - INFO - voice activity detected
2026-07-21 22:26:48.367 - RealTimeSTT: realtimestt - INFO - recording started
2026-07-21 22:26:48.367 - RealTimeSTT: realtimestt - INFO - State changed from 'listening' to 'recording'
2026-07-21 22:26:48.367 - RealTimeSTT: realtimestt - DEBUG - Waiting for recording stop
2026-07-21 22:26:51.440 - RealTimeSTT: realtimestt - INFO - recording stopped
2026-07-21 22:26:51.441 - RealTimeSTT: realtimestt - DEBUG - No samples removed, final audio length: 65536
2026-07-21 22:26:51.441 - RealTimeSTT: realtimestt - INFO - State changed from 'recording' to 'inactive'
2026-07-21 22:26:51.441 - RealTimeSTT: realtimestt - INFO - State changed from 'inactive' to 'transcribing'
2026-07-21 22:26:51.441 - RealTimeSTT: realtimestt - DEBUG - Adding transcription request, no early transcription started
2026-07-21 22:26:51.446 - RealTimeSTT: realtimestt - DEBUG - Receive from parent_transcription_pipe after sendiung transcription request, transcribe_count: 1
2026-07-21 22:26:51.547 - RealTimeSTT: realtimestt - DEBUG - Receive from parent_transcription_pipe after sendiung transcription request, transcribe_count: 1
2026-07-21 22:26:51.620 - RealTimeSTT: realtimestt - INFO - State changed from 'transcribing' to 'inactive'
2026-07-21 22:26:51.621 - RealTimeSTT: realtimestt - DEBUG - Model tiny.en completed transcription in 0.18 seconds
2026-07-21 22:26:51.621 - RealTimeSTT: realtimestt - INFO - Setting listen time
2026-07-21 22:26:51.621 - RealTimeSTT: realtimestt - INFO - State changed from 'inactive' to 'listening'
2026-07-21 22:26:51.621 - RealTimeSTT: realtimestt - DEBUG - Waiting for recording start
2026-07-21 22:29:07.379 - RealTimeSTT: realtimestt - INFO - voice activity detected
2026-07-21 22:29:07.379 - RealTimeSTT: realtimestt - INFO - recording started
2026-07-21 22:29:07.379 - RealTimeSTT: realtimestt - INFO - State changed from 'listening' to 'recording'
2026-07-21 22:29:07.379 - RealTimeSTT: realtimestt - DEBUG - Waiting for recording stop
2026-07-21 22:29:11.789 - RealTimeSTT: realtimestt - INFO - recording stopped
2026-07-21 22:29:11.791 - RealTimeSTT: realtimestt - DEBUG - No samples removed, final audio length: 87040
2026-07-21 22:29:11.791 - RealTimeSTT: realtimestt - INFO - State changed from 'recording' to 'inactive'
2026-07-21 22:29:11.791 - RealTimeSTT: realtimestt - INFO - State changed from 'inactive' to 'transcribing'
2026-07-21 22:29:11.791 - RealTimeSTT: realtimestt - DEBUG - Adding transcription request, no early transcription started
2026-07-21 22:29:11.809 - RealTimeSTT: realtimestt - DEBUG - Receive from parent_transcription_pipe after sendiung transcription request, transcribe_count: 1
2026-07-21 22:29:11.910 - RealTimeSTT: realtimestt - DEBUG - Receive from parent_transcription_pipe after sendiung transcription request, transcribe_count: 1
2026-07-21 22:29:12.010 - RealTimeSTT: realtimestt - DEBUG - Receive from parent_transcription_pipe after sendiung transcription request, transcribe_count: 1
2026-07-21 22:29:12.028 - RealTimeSTT: realtimestt - INFO - State changed from 'transcribing' to 'inactive'
2026-07-21 22:29:12.029 - RealTimeSTT: realtimestt - DEBUG - Model tiny.en completed transcription in 0.24 seconds
2026-07-21 22:29:12.029 - RealTimeSTT: realtimestt - INFO - Setting listen time
2026-07-21 22:29:12.030 - RealTimeSTT: realtimestt - INFO - State changed from 'inactive' to 'listening'
2026-07-21 22:29:12.030 - RealTimeSTT: realtimestt - DEBUG - Waiting for recording start
2026-07-21 22:29:50.390 - RealTimeSTT: realtimestt - INFO - voice activity detected
2026-07-21 22:29:50.390 - RealTimeSTT: realtimestt - INFO - recording started
2026-07-21 22:29:50.390 - RealTimeSTT: realtimestt - INFO - State changed from 'listening' to 'recording'
2026-07-21 22:29:50.390 - RealTimeSTT: realtimestt - DEBUG - Waiting for recording stop
2026-07-21 22:29:51.151 - RealTimeSTT: realtimestt - INFO - recording stopped
2026-07-21 22:29:51.151 - RealTimeSTT: realtimestt - DEBUG - No samples removed, final audio length: 28672
2026-07-21 22:29:51.151 - RealTimeSTT: realtimestt - INFO - State changed from 'recording' to 'inactive'
2026-07-21 22:29:51.151 - RealTimeSTT: realtimestt - INFO - State changed from 'inactive' to 'transcribing'
2026-07-21 22:29:51.151 - RealTimeSTT: realtimestt - DEBUG - Adding transcription request, no early transcription started
2026-07-21 22:29:51.163 - RealTimeSTT: realtimestt - DEBUG - Receive from parent_transcription_pipe after sendiung transcription request, transcribe_count: 1
2026-07-21 22:29:51.264 - RealTimeSTT: realtimestt - DEBUG - Receive from parent_transcription_pipe after sendiung transcription request, transcribe_count: 1
2026-07-21 22:29:51.304 - RealTimeSTT: realtimestt - INFO - State changed from 'transcribing' to 'inactive'
2026-07-21 22:29:51.304 - RealTimeSTT: realtimestt - DEBUG - Model tiny.en completed transcription in 0.15 seconds
2026-07-21 22:29:51.304 - RealTimeSTT: realtimestt - INFO - Setting listen time
2026-07-21 22:29:51.304 - RealTimeSTT: realtimestt - INFO - State changed from 'inactive' to 'listening'
2026-07-21 22:29:51.305 - RealTimeSTT: realtimestt - DEBUG - Waiting for recording start
2026-07-21 22:30:43.510 - RealTimeSTT: realtimestt - INFO - voice activity detected
2026-07-21 22:30:43.510 - RealTimeSTT: realtimestt - INFO - recording started
2026-07-21 22:30:43.510 - RealTimeSTT: realtimestt - INFO - State changed from 'listening' to 'recording'
2026-07-21 22:30:43.511 - RealTimeSTT: realtimestt - DEBUG - Waiting for recording stop
2026-07-21 22:30:44.470 - RealTimeSTT: realtimestt - INFO - recording stopped
2026-07-21 22:30:44.471 - RealTimeSTT: realtimestt - DEBUG - No samples removed, final audio length: 31744
2026-07-21 22:30:44.471 - RealTimeSTT: realtimestt - INFO - State changed from 'recording' to 'inactive'
2026-07-21 22:30:44.471 - RealTimeSTT: realtimestt - INFO - State changed from 'inactive' to 'transcribing'
2026-07-21 22:30:44.471 - RealTimeSTT: realtimestt - DEBUG - Adding transcription request, no early transcription started
2026-07-21 22:30:44.472 - RealTimeSTT: realtimestt - DEBUG - Receive from parent_transcription_pipe after sendiung transcription request, transcribe_count: 1
2026-07-21 22:30:44.474 - RealTimeSTT: realtimestt - INFO - State changed from 'transcribing' to 'inactive'
2026-07-21 22:30:44.475 - RealTimeSTT: realtimestt - DEBUG - Model tiny.en completed transcription in 0.00 seconds
2026-07-21 22:30:44.475 - RealTimeSTT: realtimestt - INFO - Setting listen time
2026-07-21 22:30:44.475 - RealTimeSTT: realtimestt - INFO - State changed from 'inactive' to 'listening'
2026-07-21 22:30:44.475 - RealTimeSTT: realtimestt - DEBUG - Waiting for recording start
2026-07-21 22:30:50.800 - RealTimeSTT: realtimestt - INFO - voice activity detected
2026-07-21 22:30:50.801 - RealTimeSTT: realtimestt - INFO - recording started
2026-07-21 22:30:50.801 - RealTimeSTT: realtimestt - INFO - State changed from 'listening' to 'recording'
2026-07-21 22:30:50.801 - RealTimeSTT: realtimestt - DEBUG - Waiting for recording stop
2026-07-21 22:30:51.760 - RealTimeSTT: realtimestt - INFO - recording stopped
2026-07-21 22:30:51.761 - RealTimeSTT: realtimestt - DEBUG - No samples removed, final audio length: 31744
2026-07-21 22:30:51.761 - RealTimeSTT: realtimestt - INFO - State changed from 'recording' to 'inactive'
2026-07-21 22:30:51.761 - RealTimeSTT: realtimestt - INFO - State changed from 'inactive' to 'transcribing'
2026-07-21 22:30:51.761 - RealTimeSTT: realtimestt - DEBUG - Adding transcription request, no early transcription started
2026-07-21 22:30:51.761 - RealTimeSTT: realtimestt - DEBUG - Receive from parent_transcription_pipe after sendiung transcription request, transcribe_count: 1
2026-07-21 22:30:51.862 - RealTimeSTT: realtimestt - DEBUG - Receive from parent_transcription_pipe after sendiung transcription request, transcribe_count: 1
2026-07-21 22:30:51.893 - RealTimeSTT: realtimestt - INFO - State changed from 'transcribing' to 'inactive'
2026-07-21 22:30:51.893 - RealTimeSTT: realtimestt - DEBUG - Model tiny.en completed transcription in 0.13 seconds
2026-07-21 22:30:51.894 - RealTimeSTT: realtimestt - INFO - Setting listen time
2026-07-21 22:30:51.894 - RealTimeSTT: realtimestt - INFO - State changed from 'inactive' to 'listening'
2026-07-21 22:30:51.894 - RealTimeSTT: realtimestt - DEBUG - Waiting for recording start
2026-07-21 22:30:52.851 - RealTimeSTT: realtimestt - INFO - voice activity detected
2026-07-21 22:30:52.851 - RealTimeSTT: realtimestt - INFO - recording started
2026-07-21 22:30:52.851 - RealTimeSTT: realtimestt - INFO - State changed from 'listening' to 'recording'
2026-07-21 22:30:52.851 - RealTimeSTT: realtimestt - DEBUG - Waiting for recording stop
2026-07-21 22:30:53.621 - RealTimeSTT: realtimestt - INFO - recording stopped
2026-07-21 22:30:53.621 - RealTimeSTT: realtimestt - DEBUG - No samples removed, final audio length: 28672
2026-07-21 22:30:53.621 - RealTimeSTT: realtimestt - INFO - State changed from 'recording' to 'inactive'
2026-07-21 22:30:53.621 - RealTimeSTT: realtimestt - INFO - State changed from 'inactive' to 'transcribing'
2026-07-21 22:30:53.621 - RealTimeSTT: realtimestt - DEBUG - Adding transcription request, no early transcription started
2026-07-21 22:30:53.622 - RealTimeSTT: realtimestt - DEBUG - Receive from parent_transcription_pipe after sendiung transcription request, transcribe_count: 1
2026-07-21 22:30:53.722 - RealTimeSTT: realtimestt - DEBUG - Receive from parent_transcription_pipe after sendiung transcription request, transcribe_count: 1
2026-07-21 22:30:53.760 - RealTimeSTT: realtimestt - INFO - State changed from 'transcribing' to 'inactive'
2026-07-21 22:30:53.761 - RealTimeSTT: realtimestt - DEBUG - Model tiny.en completed transcription in 0.14 seconds
2026-07-21 22:30:53.761 - RealTimeSTT: realtimestt - INFO - Setting listen time
2026-07-21 22:30:53.761 - RealTimeSTT: realtimestt - INFO - State changed from 'inactive' to 'listening'
2026-07-21 22:30:53.761 - RealTimeSTT: realtimestt - DEBUG - Waiting for recording start
2026-07-21 22:34:07.033 - RealTimeSTT: realtimestt - INFO - voice activity detected
2026-07-21 22:34:07.033 - RealTimeSTT: realtimestt - INFO - recording started
2026-07-21 22:34:07.033 - RealTimeSTT: realtimestt - INFO - State changed from 'listening' to 'recording'
2026-07-21 22:34:07.033 - RealTimeSTT: realtimestt - DEBUG - Waiting for recording stop
2026-07-21 22:34:09.713 - RealTimeSTT: realtimestt - INFO - recording stopped
2026-07-21 22:34:09.715 - RealTimeSTT: realtimestt - DEBUG - No samples removed, final audio length: 59392
2026-07-21 22:34:09.715 - RealTimeSTT: realtimestt - INFO - State changed from 'recording' to 'inactive'
2026-07-21 22:34:09.715 - RealTimeSTT: realtimestt - INFO - State changed from 'inactive' to 'transcribing'
2026-07-21 22:34:09.715 - RealTimeSTT: realtimestt - DEBUG - Adding transcription request, no early transcription started
2026-07-21 22:34:09.715 - RealTimeSTT: realtimestt - DEBUG - Receive from parent_transcription_pipe after sendiung transcription request, transcribe_count: 1
2026-07-21 22:34:09.816 - RealTimeSTT: realtimestt - DEBUG - Receive from parent_transcription_pipe after sendiung transcription request, transcribe_count: 1
2026-07-21 22:34:09.851 - RealTimeSTT: realtimestt - INFO - State changed from 'transcribing' to 'inactive'
2026-07-21 22:34:09.852 - RealTimeSTT: realtimestt - DEBUG - Model tiny.en completed transcription in 0.14 seconds
2026-07-21 22:34:09.852 - RealTimeSTT: realtimestt - INFO - Setting listen time
2026-07-21 22:34:09.852 - RealTimeSTT: realtimestt - INFO - State changed from 'inactive' to 'listening'
2026-07-21 22:34:09.852 - RealTimeSTT: realtimestt - DEBUG - Waiting for recording start
2026-07-21 22:34:23.923 - RealTimeSTT: realtimestt - INFO - voice activity detected
2026-07-21 22:34:23.923 - RealTimeSTT: realtimestt - INFO - recording started
2026-07-21 22:34:23.923 - RealTimeSTT: realtimestt - INFO - State changed from 'listening' to 'recording'
2026-07-21 22:34:23.924 - RealTimeSTT: realtimestt - DEBUG - Waiting for recording stop
2026-07-21 22:34:43.194 - RealTimeSTT: realtimestt - INFO - recording stopped
2026-07-21 22:34:43.198 - RealTimeSTT: realtimestt - DEBUG - No samples removed, final audio length: 324608
2026-07-21 22:34:43.199 - RealTimeSTT: realtimestt - INFO - State changed from 'recording' to 'inactive'
2026-07-21 22:34:43.199 - RealTimeSTT: realtimestt - INFO - State changed from 'inactive' to 'transcribing'
2026-07-21 22:34:43.199 - RealTimeSTT: realtimestt - DEBUG - Adding transcription request, no early transcription started
2026-07-21 22:34:43.208 - RealTimeSTT: realtimestt - DEBUG - Receive from parent_transcription_pipe after sendiung transcription request, transcribe_count: 1
2026-07-21 22:34:43.308 - RealTimeSTT: realtimestt - DEBUG - Receive from parent_transcription_pipe after sendiung transcription request, transcribe_count: 1
2026-07-21 22:34:43.408 - RealTimeSTT: realtimestt - DEBUG - Receive from parent_transcription_pipe after sendiung transcription request, transcribe_count: 1
2026-07-21 22:34:43.453 - RealTimeSTT: realtimestt - INFO - State changed from 'transcribing' to 'inactive'
2026-07-21 22:34:43.458 - RealTimeSTT: realtimestt - DEBUG - Model tiny.en completed transcription in 0.26 seconds
2026-07-21 22:34:43.459 - RealTimeSTT: realtimestt - INFO - Setting listen time
2026-07-21 22:34:43.459 - RealTimeSTT: realtimestt - INFO - State changed from 'inactive' to 'listening'
2026-07-21 22:34:43.459 - RealTimeSTT: realtimestt - DEBUG - Waiting for recording start
2026-07-21 22:34:48.564 - RealTimeSTT: realtimestt - INFO - voice activity detected
2026-07-21 22:34:48.564 - RealTimeSTT: realtimestt - INFO - recording started
2026-07-21 22:34:48.564 - RealTimeSTT: realtimestt - INFO - State changed from 'listening' to 'recording'
2026-07-21 22:34:48.564 - RealTimeSTT: realtimestt - DEBUG - Waiting for recording stop
2026-07-21 22:34:52.724 - RealTimeSTT: realtimestt - INFO - recording stopped
2026-07-21 22:34:52.725 - RealTimeSTT: realtimestt - DEBUG - No samples removed, final audio length: 82944
2026-07-21 22:34:52.725 - RealTimeSTT: realtimestt - INFO - State changed from 'recording' to 'inactive'
2026-07-21 22:34:52.725 - RealTimeSTT: realtimestt - INFO - State changed from 'inactive' to 'transcribing'
2026-07-21 22:34:52.725 - RealTimeSTT: realtimestt - DEBUG - Adding transcription request, no early transcription started
2026-07-21 22:34:52.726 - RealTimeSTT: realtimestt - DEBUG - Receive from parent_transcription_pipe after sendiung transcription request, transcribe_count: 1
2026-07-21 22:34:52.826 - RealTimeSTT: realtimestt - DEBUG - Receive from parent_transcription_pipe after sendiung transcription request, transcribe_count: 1
2026-07-21 22:34:52.876 - RealTimeSTT: realtimestt - INFO - State changed from 'transcribing' to 'inactive'
2026-07-21 22:34:52.878 - RealTimeSTT: realtimestt - DEBUG - Model tiny.en completed transcription in 0.15 seconds
2026-07-21 22:34:52.878 - RealTimeSTT: realtimestt - INFO - Setting listen time
2026-07-21 22:34:52.878 - RealTimeSTT: realtimestt - INFO - State changed from 'inactive' to 'listening'
2026-07-21 22:34:52.878 - RealTimeSTT: realtimestt - DEBUG - Waiting for recording start
2026-07-21 22:35:06.104 - RealTimeSTT: realtimestt - INFO - voice activity detected
2026-07-21 22:35:06.104 - RealTimeSTT: realtimestt - INFO - recording started
2026-07-21 22:35:06.104 - RealTimeSTT: realtimestt - INFO - State changed from 'listening' to 'recording'
2026-07-21 22:35:06.104 - RealTimeSTT: realtimestt - DEBUG - Waiting for recording stop
2026-07-21 22:35:06.874 - RealTimeSTT: realtimestt - INFO - recording stopped
2026-07-21 22:35:06.875 - RealTimeSTT: realtimestt - DEBUG - No samples removed, final audio length: 28672
2026-07-21 22:35:06.875 - RealTimeSTT: realtimestt - INFO - State changed from 'recording' to 'inactive'
2026-07-21 22:35:06.875 - RealTimeSTT: realtimestt - INFO - State changed from 'inactive' to 'transcribing'
2026-07-21 22:35:06.875 - RealTimeSTT: realtimestt - DEBUG - Adding transcription request, no early transcription started
2026-07-21 22:35:06.878 - RealTimeSTT: realtimestt - DEBUG - Receive from parent_transcription_pipe after sendiung transcription request, transcribe_count: 1
2026-07-21 22:35:06.979 - RealTimeSTT: realtimestt - DEBUG - Receive from parent_transcription_pipe after sendiung transcription request, transcribe_count: 1
2026-07-21 22:35:07.018 - RealTimeSTT: realtimestt - INFO - State changed from 'transcribing' to 'inactive'
2026-07-21 22:35:07.018 - RealTimeSTT: realtimestt - DEBUG - Model tiny.en completed transcription in 0.14 seconds
2026-07-21 22:35:07.019 - RealTimeSTT: realtimestt - INFO - Setting listen time
2026-07-21 22:35:07.019 - RealTimeSTT: realtimestt - INFO - State changed from 'inactive' to 'listening'
2026-07-21 22:35:07.019 - RealTimeSTT: realtimestt - DEBUG - Waiting for recording start
2026-07-21 22:35:09.434 - RealTimeSTT: realtimestt - INFO - voice activity detected
2026-07-21 22:35:09.434 - RealTimeSTT: realtimestt - INFO - recording started
2026-07-21 22:35:09.434 - RealTimeSTT: realtimestt - INFO - State changed from 'listening' to 'recording'
2026-07-21 22:35:09.434 - RealTimeSTT: realtimestt - DEBUG - Waiting for recording stop
2026-07-21 22:35:14.804 - RealTimeSTT: realtimestt - INFO - recording stopped
2026-07-21 22:35:14.806 - RealTimeSTT: realtimestt - DEBUG - No samples removed, final audio length: 102400
2026-07-21 22:35:14.806 - RealTimeSTT: realtimestt - INFO - State changed from 'recording' to 'inactive'
2026-07-21 22:35:14.806 - RealTimeSTT: realtimestt - INFO - State changed from 'inactive' to 'transcribing'
2026-07-21 22:35:14.806 - RealTimeSTT: realtimestt - DEBUG - Adding transcription request, no early transcription started
2026-07-21 22:35:14.806 - RealTimeSTT: realtimestt - DEBUG - Receive from parent_transcription_pipe after sendiung transcription request, transcribe_count: 1
2026-07-21 22:35:14.906 - RealTimeSTT: realtimestt - DEBUG - Receive from parent_transcription_pipe after sendiung transcription request, transcribe_count: 1
2026-07-21 22:35:15.006 - RealTimeSTT: realtimestt - DEBUG - Receive from parent_transcription_pipe after sendiung transcription request, transcribe_count: 1
2026-07-21 22:35:15.007 - RealTimeSTT: realtimestt - INFO - State changed from 'transcribing' to 'inactive'
2026-07-21 22:35:15.009 - RealTimeSTT: realtimestt - DEBUG - Model tiny.en completed transcription in 0.20 seconds
2026-07-21 22:35:15.009 - RealTimeSTT: realtimestt - INFO - Setting listen time
2026-07-21 22:35:15.009 - RealTimeSTT: realtimestt - INFO - State changed from 'inactive' to 'listening'
2026-07-21 22:35:15.009 - RealTimeSTT: realtimestt - DEBUG - Waiting for recording start
2026-07-21 22:35:21.464 - RealTimeSTT: realtimestt - INFO - voice activity detected
2026-07-21 22:35:21.464 - RealTimeSTT: realtimestt - INFO - recording started
2026-07-21 22:35:21.464 - RealTimeSTT: realtimestt - INFO - State changed from 'listening' to 'recording'
2026-07-21 22:35:21.465 - RealTimeSTT: realtimestt - DEBUG - Waiting for recording stop
2026-07-21 22:35:24.084 - RealTimeSTT: realtimestt - INFO - recording stopped
2026-07-21 22:35:24.085 - RealTimeSTT: realtimestt - DEBUG - No samples removed, final audio length: 58368
2026-07-21 22:35:24.085 - RealTimeSTT: realtimestt - INFO - State changed from 'recording' to 'inactive'
2026-07-21 22:35:24.085 - RealTimeSTT: realtimestt - INFO - State changed from 'inactive' to 'transcribing'
2026-07-21 22:35:24.085 - RealTimeSTT: realtimestt - DEBUG - Adding transcription request, no early transcription started
2026-07-21 22:35:24.086 - RealTimeSTT: realtimestt - DEBUG - Receive from parent_transcription_pipe after sendiung transcription request, transcribe_count: 1
2026-07-21 22:35:24.186 - RealTimeSTT: realtimestt - DEBUG - Receive from parent_transcription_pipe after sendiung transcription request, transcribe_count: 1
2026-07-21 22:35:24.270 - RealTimeSTT: realtimestt - INFO - State changed from 'transcribing' to 'inactive'
2026-07-21 22:35:24.270 - RealTimeSTT: realtimestt - DEBUG - Model tiny.en completed transcription in 0.18 seconds
2026-07-21 22:35:24.271 - RealTimeSTT: realtimestt - INFO - Setting listen time
2026-07-21 22:35:24.271 - RealTimeSTT: realtimestt - INFO - State changed from 'inactive' to 'listening'
2026-07-21 22:35:24.271 - RealTimeSTT: realtimestt - DEBUG - Waiting for recording start
2026-07-21 22:35:29.076 - RealTimeSTT: realtimestt - INFO - voice activity detected
2026-07-21 22:35:29.077 - RealTimeSTT: realtimestt - INFO - recording started
2026-07-21 22:35:29.077 - RealTimeSTT: realtimestt - INFO - State changed from 'listening' to 'recording'
2026-07-21 22:35:29.077 - RealTimeSTT: realtimestt - DEBUG - Waiting for recording stop
2026-07-21 22:35:33.234 - RealTimeSTT: realtimestt - INFO - recording stopped
2026-07-21 22:35:33.236 - RealTimeSTT: realtimestt - DEBUG - No samples removed, final audio length: 82944
2026-07-21 22:35:33.236 - RealTimeSTT: realtimestt - INFO - State changed from 'recording' to 'inactive'
2026-07-21 22:35:33.236 - RealTimeSTT: realtimestt - INFO - State changed from 'inactive' to 'transcribing'
2026-07-21 22:35:33.236 - RealTimeSTT: realtimestt - DEBUG - Adding transcription request, no early transcription started
2026-07-21 22:35:33.241 - RealTimeSTT: realtimestt - DEBUG - Receive from parent_transcription_pipe after sendiung transcription request, transcribe_count: 1
2026-07-21 22:35:33.341 - RealTimeSTT: realtimestt - DEBUG - Receive from parent_transcription_pipe after sendiung transcription request, transcribe_count: 1
2026-07-21 22:35:33.418 - RealTimeSTT: realtimestt - INFO - State changed from 'transcribing' to 'inactive'
2026-07-21 22:35:33.419 - RealTimeSTT: realtimestt - DEBUG - Model tiny.en completed transcription in 0.18 seconds
2026-07-21 22:35:33.419 - RealTimeSTT: realtimestt - INFO - Setting listen time
2026-07-21 22:35:33.420 - RealTimeSTT: realtimestt - INFO - State changed from 'inactive' to 'listening'
2026-07-21 22:35:33.420 - RealTimeSTT: realtimestt - DEBUG - Waiting for recording start
2026-07-21 22:35:37.464 - RealTimeSTT: realtimestt - INFO - voice activity detected
2026-07-21 22:35:37.464 - RealTimeSTT: realtimestt - INFO - recording started
2026-07-21 22:35:37.465 - RealTimeSTT: realtimestt - INFO - State changed from 'listening' to 'recording'
2026-07-21 22:35:37.465 - RealTimeSTT: realtimestt - DEBUG - Waiting for recording stop
2026-07-21 22:35:46.555 - RealTimeSTT: realtimestt - INFO - recording stopped
2026-07-21 22:35:46.557 - RealTimeSTT: realtimestt - DEBUG - No samples removed, final audio length: 161792
2026-07-21 22:35:46.557 - RealTimeSTT: realtimestt - INFO - State changed from 'recording' to 'inactive'
2026-07-21 22:35:46.557 - RealTimeSTT: realtimestt - INFO - State changed from 'inactive' to 'transcribing'
2026-07-21 22:35:46.557 - RealTimeSTT: realtimestt - DEBUG - Adding transcription request, no early transcription started
2026-07-21 22:35:46.558 - RealTimeSTT: realtimestt - DEBUG - Receive from parent_transcription_pipe after sendiung transcription request, transcribe_count: 1
2026-07-21 22:35:46.658 - RealTimeSTT: realtimestt - DEBUG - Receive from parent_transcription_pipe after sendiung transcription request, transcribe_count: 1
2026-07-21 22:35:46.758 - RealTimeSTT: realtimestt - DEBUG - Receive from parent_transcription_pipe after sendiung transcription request, transcribe_count: 1
2026-07-21 22:35:46.762 - RealTimeSTT: realtimestt - INFO - State changed from 'transcribing' to 'inactive'
2026-07-21 22:35:46.764 - RealTimeSTT: realtimestt - DEBUG - Model tiny.en completed transcription in 0.21 seconds
2026-07-21 22:35:46.765 - RealTimeSTT: realtimestt - INFO - Setting listen time
2026-07-21 22:35:46.765 - RealTimeSTT: realtimestt - INFO - State changed from 'inactive' to 'listening'
2026-07-21 22:35:46.765 - RealTimeSTT: realtimestt - DEBUG - Waiting for recording start
2026-07-21 22:35:48.535 - RealTimeSTT: realtimestt - INFO - voice activity detected
2026-07-21 22:35:48.535 - RealTimeSTT: realtimestt - INFO - recording started
2026-07-21 22:35:48.535 - RealTimeSTT: realtimestt - INFO - State changed from 'listening' to 'recording'
2026-07-21 22:35:48.535 - RealTimeSTT: realtimestt - DEBUG - Waiting for recording stop
2026-07-21 22:35:52.055 - RealTimeSTT: realtimestt - INFO - recording stopped
2026-07-21 22:35:52.056 - RealTimeSTT: realtimestt - DEBUG - No samples removed, final audio length: 72704
2026-07-21 22:35:52.056 - RealTimeSTT: realtimestt - INFO - State changed from 'recording' to 'inactive'
2026-07-21 22:35:52.056 - RealTimeSTT: realtimestt - INFO - State changed from 'inactive' to 'transcribing'
2026-07-21 22:35:52.056 - RealTimeSTT: realtimestt - DEBUG - Adding transcription request, no early transcription started
2026-07-21 22:35:52.066 - RealTimeSTT: realtimestt - DEBUG - Receive from parent_transcription_pipe after sendiung transcription request, transcribe_count: 1
2026-07-21 22:35:52.167 - RealTimeSTT: realtimestt - DEBUG - Receive from parent_transcription_pipe after sendiung transcription request, transcribe_count: 1
2026-07-21 22:35:52.253 - RealTimeSTT: realtimestt - INFO - State changed from 'transcribing' to 'inactive'
2026-07-21 22:35:52.254 - RealTimeSTT: realtimestt - DEBUG - Model tiny.en completed transcription in 0.20 seconds
2026-07-21 22:35:52.254 - RealTimeSTT: realtimestt - INFO - Setting listen time
2026-07-21 22:35:52.254 - RealTimeSTT: realtimestt - INFO - State changed from 'inactive' to 'listening'
2026-07-21 22:35:52.254 - RealTimeSTT: realtimestt - DEBUG - Waiting for recording start
2026-07-21 22:35:58.005 - RealTimeSTT: realtimestt - INFO - voice activity detected
2026-07-21 22:35:58.005 - RealTimeSTT: realtimestt - INFO - recording started
2026-07-21 22:35:58.005 - RealTimeSTT: realtimestt - INFO - State changed from 'listening' to 'recording'
2026-07-21 22:35:58.005 - RealTimeSTT: realtimestt - DEBUG - Waiting for recording stop
2026-07-21 22:36:00.435 - RealTimeSTT: realtimestt - INFO - recording stopped
2026-07-21 22:36:00.436 - RealTimeSTT: realtimestt - DEBUG - No samples removed, final audio length: 55296
2026-07-21 22:36:00.436 - RealTimeSTT: realtimestt - INFO - State changed from 'recording' to 'inactive'
2026-07-21 22:36:00.436 - RealTimeSTT: realtimestt - INFO - State changed from 'inactive' to 'transcribing'
2026-07-21 22:36:00.436 - RealTimeSTT: realtimestt - DEBUG - Adding transcription request, no early transcription started
2026-07-21 22:36:00.438 - RealTimeSTT: realtimestt - DEBUG - Receive from parent_transcription_pipe after sendiung transcription request, transcribe_count: 1
2026-07-21 22:36:00.539 - RealTimeSTT: realtimestt - DEBUG - Receive from parent_transcription_pipe after sendiung transcription request, transcribe_count: 1
2026-07-21 22:36:00.620 - RealTimeSTT: realtimestt - INFO - State changed from 'transcribing' to 'inactive'
2026-07-21 22:36:00.620 - RealTimeSTT: realtimestt - DEBUG - Model tiny.en completed transcription in 0.18 seconds
2026-07-21 22:36:00.621 - RealTimeSTT: realtimestt - INFO - Setting listen time
2026-07-21 22:36:00.621 - RealTimeSTT: realtimestt - INFO - State changed from 'inactive' to 'listening'
2026-07-21 22:36:00.621 - RealTimeSTT: realtimestt - DEBUG - Waiting for recording start
2026-07-21 22:36:01.075 - RealTimeSTT: realtimestt - INFO - voice activity detected
2026-07-21 22:36:01.075 - RealTimeSTT: realtimestt - INFO - recording started
2026-07-21 22:36:01.075 - RealTimeSTT: realtimestt - INFO - State changed from 'listening' to 'recording'
2026-07-21 22:36:01.075 - RealTimeSTT: realtimestt - DEBUG - Waiting for recording stop
2026-07-21 22:36:02.615 - RealTimeSTT: realtimestt - INFO - recording stopped
2026-07-21 22:36:02.615 - RealTimeSTT: realtimestt - DEBUG - No samples removed, final audio length: 35328
2026-07-21 22:36:02.615 - RealTimeSTT: realtimestt - INFO - State changed from 'recording' to 'inactive'
2026-07-21 22:36:02.616 - RealTimeSTT: realtimestt - INFO - State changed from 'inactive' to 'transcribing'
2026-07-21 22:36:02.616 - RealTimeSTT: realtimestt - DEBUG - Adding transcription request, no early transcription started
2026-07-21 22:36:02.629 - RealTimeSTT: realtimestt - DEBUG - Receive from parent_transcription_pipe after sendiung transcription request, transcribe_count: 1
2026-07-21 22:36:02.729 - RealTimeSTT: realtimestt - DEBUG - Receive from parent_transcription_pipe after sendiung transcription request, transcribe_count: 1
2026-07-21 22:36:02.776 - RealTimeSTT: realtimestt - INFO - State changed from 'transcribing' to 'inactive'
2026-07-21 22:36:02.777 - RealTimeSTT: realtimestt - DEBUG - Model tiny.en completed transcription in 0.16 seconds
2026-07-21 22:36:02.777 - RealTimeSTT: realtimestt - INFO - Setting listen time
2026-07-21 22:36:02.777 - RealTimeSTT: realtimestt - INFO - State changed from 'inactive' to 'listening'
2026-07-21 22:36:02.777 - RealTimeSTT: realtimestt - DEBUG - Waiting for recording start
2026-07-21 22:36:03.315 - RealTimeSTT: realtimestt - INFO - voice activity detected
2026-07-21 22:36:03.315 - RealTimeSTT: realtimestt - INFO - recording started
2026-07-21 22:36:03.315 - RealTimeSTT: realtimestt - INFO - State changed from 'listening' to 'recording'
2026-07-21 22:36:03.315 - RealTimeSTT: realtimestt - DEBUG - Waiting for recording stop
2026-07-21 22:36:06.005 - RealTimeSTT: realtimestt - INFO - recording stopped
2026-07-21 22:36:06.006 - RealTimeSTT: realtimestt - DEBUG - No samples removed, final audio length: 54784
2026-07-21 22:36:06.006 - RealTimeSTT: realtimestt - INFO - State changed from 'recording' to 'inactive'
2026-07-21 22:36:06.006 - RealTimeSTT: realtimestt - INFO - State changed from 'inactive' to 'transcribing'
2026-07-21 22:36:06.006 - RealTimeSTT: realtimestt - DEBUG - Adding transcription request, no early transcription started
2026-07-21 22:36:06.007 - RealTimeSTT: realtimestt - DEBUG - Receive from parent_transcription_pipe after sendiung transcription request, transcribe_count: 1
2026-07-21 22:36:06.107 - RealTimeSTT: realtimestt - DEBUG - Receive from parent_transcription_pipe after sendiung transcription request, transcribe_count: 1
2026-07-21 22:36:06.184 - RealTimeSTT: realtimestt - INFO - State changed from 'transcribing' to 'inactive'
2026-07-21 22:36:06.185 - RealTimeSTT: realtimestt - DEBUG - Model tiny.en completed transcription in 0.18 seconds
2026-07-21 22:36:06.186 - RealTimeSTT: realtimestt - INFO - Setting listen time
2026-07-21 22:36:06.186 - RealTimeSTT: realtimestt - INFO - State changed from 'inactive' to 'listening'
2026-07-21 22:36:06.186 - RealTimeSTT: realtimestt - DEBUG - Waiting for recording start
2026-07-21 22:36:07.605 - RealTimeSTT: realtimestt - INFO - voice activity detected
2026-07-21 22:36:07.605 - RealTimeSTT: realtimestt - INFO - recording started
2026-07-21 22:36:07.605 - RealTimeSTT: realtimestt - INFO - State changed from 'listening' to 'recording'
2026-07-21 22:36:07.605 - RealTimeSTT: realtimestt - DEBUG - Waiting for recording stop
2026-07-21 22:36:22.965 - RealTimeSTT: realtimestt - INFO - recording stopped
2026-07-21 22:36:22.969 - RealTimeSTT: realtimestt - DEBUG - No samples removed, final audio length: 262144
2026-07-21 22:36:22.969 - RealTimeSTT: realtimestt - INFO - State changed from 'recording' to 'inactive'
2026-07-21 22:36:22.969 - RealTimeSTT: realtimestt - INFO - State changed from 'inactive' to 'transcribing'
2026-07-21 22:36:22.969 - RealTimeSTT: realtimestt - DEBUG - Adding transcription request, no early transcription started
2026-07-21 22:36:22.984 - RealTimeSTT: realtimestt - DEBUG - Receive from parent_transcription_pipe after sendiung transcription request, transcribe_count: 1
2026-07-21 22:36:23.084 - RealTimeSTT: realtimestt - DEBUG - Receive from parent_transcription_pipe after sendiung transcription request, transcribe_count: 1
2026-07-21 22:36:23.185 - RealTimeSTT: realtimestt - DEBUG - Receive from parent_transcription_pipe after sendiung transcription request, transcribe_count: 1
2026-07-21 22:36:23.285 - RealTimeSTT: realtimestt - DEBUG - Receive from parent_transcription_pipe after sendiung transcription request, transcribe_count: 1
2026-07-21 22:36:23.357 - RealTimeSTT: realtimestt - INFO - State changed from 'transcribing' to 'inactive'
2026-07-21 22:36:23.361 - RealTimeSTT: realtimestt - DEBUG - Model tiny.en completed transcription in 0.39 seconds
2026-07-21 22:36:23.361 - RealTimeSTT: realtimestt - INFO - Setting listen time
2026-07-21 22:36:23.361 - RealTimeSTT: realtimestt - INFO - State changed from 'inactive' to 'listening'
2026-07-21 22:36:23.361 - RealTimeSTT: realtimestt - DEBUG - Waiting for recording start
2026-07-21 22:36:27.705 - RealTimeSTT: realtimestt - INFO - voice activity detected
2026-07-21 22:36:27.705 - RealTimeSTT: realtimestt - INFO - recording started
2026-07-21 22:36:27.705 - RealTimeSTT: realtimestt - INFO - State changed from 'listening' to 'recording'
2026-07-21 22:36:27.705 - RealTimeSTT: realtimestt - DEBUG - Waiting for recording stop
2026-07-21 22:36:29.755 - RealTimeSTT: realtimestt - INFO - recording stopped
2026-07-21 22:36:29.756 - RealTimeSTT: realtimestt - DEBUG - No samples removed, final audio length: 49152
2026-07-21 22:36:29.756 - RealTimeSTT: realtimestt - INFO - State changed from 'recording' to 'inactive'
2026-07-21 22:36:29.756 - RealTimeSTT: realtimestt - INFO - State changed from 'inactive' to 'transcribing'
2026-07-21 22:36:29.756 - RealTimeSTT: realtimestt - DEBUG - Adding transcription request, no early transcription started
2026-07-21 22:36:29.774 - RealTimeSTT: realtimestt - DEBUG - Receive from parent_transcription_pipe after sendiung transcription request, transcribe_count: 1
2026-07-21 22:36:29.874 - RealTimeSTT: realtimestt - DEBUG - Receive from parent_transcription_pipe after sendiung transcription request, transcribe_count: 1
2026-07-21 22:36:29.945 - RealTimeSTT: realtimestt - INFO - State changed from 'transcribing' to 'inactive'
2026-07-21 22:36:29.946 - RealTimeSTT: realtimestt - DEBUG - Model tiny.en completed transcription in 0.19 seconds
2026-07-21 22:36:29.946 - RealTimeSTT: realtimestt - INFO - Setting listen time
2026-07-21 22:36:29.946 - RealTimeSTT: realtimestt - INFO - State changed from 'inactive' to 'listening'
2026-07-21 22:36:29.946 - RealTimeSTT: realtimestt - DEBUG - Waiting for recording start
2026-07-21 22:36:30.325 - RealTimeSTT: realtimestt - INFO - voice activity detected
2026-07-21 22:36:30.325 - RealTimeSTT: realtimestt - INFO - recording started
2026-07-21 22:36:30.325 - RealTimeSTT: realtimestt - INFO - State changed from 'listening' to 'recording'
2026-07-21 22:36:30.325 - RealTimeSTT: realtimestt - DEBUG - Waiting for recording stop
2026-07-21 22:36:34.165 - RealTimeSTT: realtimestt - INFO - recording stopped
2026-07-21 22:36:34.166 - RealTimeSTT: realtimestt - DEBUG - No samples removed, final audio length: 71168
2026-07-21 22:36:34.166 - RealTimeSTT: realtimestt - INFO - State changed from 'recording' to 'inactive'
2026-07-21 22:36:34.166 - RealTimeSTT: realtimestt - INFO - State changed from 'inactive' to 'transcribing'
2026-07-21 22:36:34.166 - RealTimeSTT: realtimestt - DEBUG - Adding transcription request, no early transcription started
2026-07-21 22:36:34.181 - RealTimeSTT: realtimestt - DEBUG - Receive from parent_transcription_pipe after sendiung transcription request, transcribe_count: 1
2026-07-21 22:36:34.282 - RealTimeSTT: realtimestt - DEBUG - Receive from parent_transcription_pipe after sendiung transcription request, transcribe_count: 1
2026-07-21 22:36:34.382 - RealTimeSTT: realtimestt - DEBUG - Receive from parent_transcription_pipe after sendiung transcription request, transcribe_count: 1
2026-07-21 22:36:34.395 - RealTimeSTT: realtimestt - INFO - State changed from 'transcribing' to 'inactive'
2026-07-21 22:36:34.396 - RealTimeSTT: realtimestt - DEBUG - Model tiny.en completed transcription in 0.23 seconds
2026-07-21 22:36:34.396 - RealTimeSTT: realtimestt - INFO - Setting listen time
2026-07-21 22:36:34.396 - RealTimeSTT: realtimestt - INFO - State changed from 'inactive' to 'listening'
2026-07-21 22:36:34.396 - RealTimeSTT: realtimestt - DEBUG - Waiting for recording start
2026-07-21 22:36:42.615 - RealTimeSTT: realtimestt - INFO - voice activity detected
2026-07-21 22:36:42.615 - RealTimeSTT: realtimestt - INFO - recording started
2026-07-21 22:36:42.615 - RealTimeSTT: realtimestt - INFO - State changed from 'listening' to 'recording'
2026-07-21 22:36:42.616 - RealTimeSTT: realtimestt - DEBUG - Waiting for recording stop
2026-07-21 22:36:44.985 - RealTimeSTT: realtimestt - INFO - recording stopped
2026-07-21 22:36:44.986 - RealTimeSTT: realtimestt - DEBUG - No samples removed, final audio length: 54272
2026-07-21 22:36:44.986 - RealTimeSTT: realtimestt - INFO - State changed from 'recording' to 'inactive'
2026-07-21 22:36:44.987 - RealTimeSTT: realtimestt - INFO - State changed from 'inactive' to 'transcribing'
2026-07-21 22:36:44.987 - RealTimeSTT: realtimestt - DEBUG - Adding transcription request, no early transcription started
2026-07-21 22:36:45.003 - RealTimeSTT: realtimestt - DEBUG - Receive from parent_transcription_pipe after sendiung transcription request, transcribe_count: 1
2026-07-21 22:36:45.103 - RealTimeSTT: realtimestt - DEBUG - Receive from parent_transcription_pipe after sendiung transcription request, transcribe_count: 1
2026-07-21 22:36:45.181 - RealTimeSTT: realtimestt - INFO - State changed from 'transcribing' to 'inactive'
2026-07-21 22:36:45.182 - RealTimeSTT: realtimestt - DEBUG - Model tiny.en completed transcription in 0.20 seconds
2026-07-21 22:36:45.182 - RealTimeSTT: realtimestt - INFO - Setting listen time
2026-07-21 22:36:45.182 - RealTimeSTT: realtimestt - INFO - State changed from 'inactive' to 'listening'
2026-07-21 22:36:45.182 - RealTimeSTT: realtimestt - DEBUG - Waiting for recording start
2026-07-21 22:36:51.516 - RealTimeSTT: realtimestt - INFO - voice activity detected
2026-07-21 22:36:51.516 - RealTimeSTT: realtimestt - INFO - recording started
2026-07-21 22:36:51.516 - RealTimeSTT: realtimestt - INFO - State changed from 'listening' to 'recording'
2026-07-21 22:36:51.516 - RealTimeSTT: realtimestt - DEBUG - Waiting for recording stop
2026-07-21 22:36:53.306 - RealTimeSTT: realtimestt - INFO - recording stopped
2026-07-21 22:36:53.306 - RealTimeSTT: realtimestt - DEBUG - No samples removed, final audio length: 45056
2026-07-21 22:36:53.306 - RealTimeSTT: realtimestt - INFO - State changed from 'recording' to 'inactive'
2026-07-21 22:36:53.306 - RealTimeSTT: realtimestt - INFO - State changed from 'inactive' to 'transcribing'
2026-07-21 22:36:53.306 - RealTimeSTT: realtimestt - DEBUG - Adding transcription request, no early transcription started
2026-07-21 22:36:53.307 - RealTimeSTT: realtimestt - DEBUG - Receive from parent_transcription_pipe after sendiung transcription request, transcribe_count: 1
2026-07-21 22:36:53.406 - RealTimeSTT: realtimestt - DEBUG - Receive from parent_transcription_pipe after sendiung transcription request, transcribe_count: 1
2026-07-21 22:36:53.480 - RealTimeSTT: realtimestt - INFO - State changed from 'transcribing' to 'inactive'
2026-07-21 22:36:53.481 - RealTimeSTT: realtimestt - DEBUG - Model tiny.en completed transcription in 0.17 seconds
2026-07-21 22:36:53.481 - RealTimeSTT: realtimestt - INFO - Setting listen time
2026-07-21 22:36:53.481 - RealTimeSTT: realtimestt - INFO - State changed from 'inactive' to 'listening'
2026-07-21 22:36:53.481 - RealTimeSTT: realtimestt - DEBUG - Waiting for recording start
2026-07-21 22:38:34.107 - RealTimeSTT: realtimestt - INFO - voice activity detected
2026-07-21 22:38:34.107 - RealTimeSTT: realtimestt - INFO - recording started
2026-07-21 22:38:34.107 - RealTimeSTT: realtimestt - INFO - State changed from 'listening' to 'recording'
2026-07-21 22:38:34.107 - RealTimeSTT: realtimestt - DEBUG - Waiting for recording stop
2026-07-21 22:38:36.407 - RealTimeSTT: realtimestt - INFO - recording stopped
2026-07-21 22:38:36.408 - RealTimeSTT: realtimestt - DEBUG - No samples removed, final audio length: 53248
2026-07-21 22:38:36.408 - RealTimeSTT: realtimestt - INFO - State changed from 'recording' to 'inactive'
2026-07-21 22:38:36.408 - RealTimeSTT: realtimestt - INFO - State changed from 'inactive' to 'transcribing'
2026-07-21 22:38:36.408 - RealTimeSTT: realtimestt - DEBUG - Adding transcription request, no early transcription started
2026-07-21 22:38:36.411 - RealTimeSTT: realtimestt - DEBUG - Receive from parent_transcription_pipe after sendiung transcription request, transcribe_count: 1
2026-07-21 22:38:36.511 - RealTimeSTT: realtimestt - DEBUG - Receive from parent_transcription_pipe after sendiung transcription request, transcribe_count: 1
2026-07-21 22:38:36.595 - RealTimeSTT: realtimestt - INFO - State changed from 'transcribing' to 'inactive'
2026-07-21 22:38:36.596 - RealTimeSTT: realtimestt - DEBUG - Model tiny.en completed transcription in 0.19 seconds
2026-07-21 22:38:36.596 - RealTimeSTT: realtimestt - INFO - Setting listen time
2026-07-21 22:38:36.596 - RealTimeSTT: realtimestt - INFO - State changed from 'inactive' to 'listening'
2026-07-21 22:38:36.596 - RealTimeSTT: realtimestt - DEBUG - Waiting for recording start
2026-07-21 22:38:36.917 - RealTimeSTT: realtimestt - INFO - voice activity detected
2026-07-21 22:38:36.917 - RealTimeSTT: realtimestt - INFO - recording started
2026-07-21 22:38:36.917 - RealTimeSTT: realtimestt - INFO - State changed from 'listening' to 'recording'
2026-07-21 22:38:36.917 - RealTimeSTT: realtimestt - DEBUG - Waiting for recording stop
2026-07-21 22:38:37.687 - RealTimeSTT: realtimestt - INFO - recording stopped
2026-07-21 22:38:37.687 - RealTimeSTT: realtimestt - DEBUG - No samples removed, final audio length: 20992
2026-07-21 22:38:37.688 - RealTimeSTT: realtimestt - INFO - State changed from 'recording' to 'inactive'
2026-07-21 22:38:37.688 - RealTimeSTT: realtimestt - INFO - State changed from 'inactive' to 'transcribing'
2026-07-21 22:38:37.688 - RealTimeSTT: realtimestt - DEBUG - Adding transcription request, no early transcription started
2026-07-21 22:38:37.688 - RealTimeSTT: realtimestt - DEBUG - Receive from parent_transcription_pipe after sendiung transcription request, transcribe_count: 1
2026-07-21 22:38:37.789 - RealTimeSTT: realtimestt - DEBUG - Receive from parent_transcription_pipe after sendiung transcription request, transcribe_count: 1
2026-07-21 22:38:37.836 - RealTimeSTT: realtimestt - INFO - State changed from 'transcribing' to 'inactive'
2026-07-21 22:38:37.836 - RealTimeSTT: realtimestt - DEBUG - Model tiny.en completed transcription in 0.15 seconds
2026-07-21 22:38:37.836 - RealTimeSTT: realtimestt - INFO - Setting listen time
2026-07-21 22:38:37.836 - RealTimeSTT: realtimestt - INFO - State changed from 'inactive' to 'listening'
2026-07-21 22:38:37.836 - RealTimeSTT: realtimestt - DEBUG - Waiting for recording start
2026-07-21 22:39:27.738 - RealTimeSTT: realtimestt - INFO - voice activity detected
2026-07-21 22:39:27.738 - RealTimeSTT: realtimestt - INFO - recording started
2026-07-21 22:39:27.738 - RealTimeSTT: realtimestt - INFO - State changed from 'listening' to 'recording'
2026-07-21 22:39:27.738 - RealTimeSTT: realtimestt - DEBUG - Waiting for recording stop
2026-07-21 22:39:29.598 - RealTimeSTT: realtimestt - INFO - recording stopped
2026-07-21 22:39:29.598 - RealTimeSTT: realtimestt - DEBUG - No samples removed, final audio length: 46080
2026-07-21 22:39:29.599 - RealTimeSTT: realtimestt - INFO - State changed from 'recording' to 'inactive'
2026-07-21 22:39:29.599 - RealTimeSTT: realtimestt - INFO - State changed from 'inactive' to 'transcribing'
2026-07-21 22:39:29.599 - RealTimeSTT: realtimestt - DEBUG - Adding transcription request, no early transcription started
2026-07-21 22:39:29.605 - RealTimeSTT: realtimestt - DEBUG - Receive from parent_transcription_pipe after sendiung transcription request, transcribe_count: 1
2026-07-21 22:39:29.609 - RealTimeSTT: realtimestt - INFO - State changed from 'transcribing' to 'inactive'
2026-07-21 22:39:29.610 - RealTimeSTT: realtimestt - DEBUG - Model tiny.en completed transcription in 0.01 seconds
2026-07-21 22:39:29.610 - RealTimeSTT: realtimestt - INFO - Setting listen time
2026-07-21 22:39:29.610 - RealTimeSTT: realtimestt - INFO - State changed from 'inactive' to 'listening'
2026-07-21 22:39:29.610 - RealTimeSTT: realtimestt - DEBUG - Waiting for recording start
2026-07-21 22:40:16.508 - RealTimeSTT: realtimestt - INFO - voice activity detected
2026-07-21 22:40:16.508 - RealTimeSTT: realtimestt - INFO - recording started
2026-07-21 22:40:16.508 - RealTimeSTT: realtimestt - INFO - State changed from 'listening' to 'recording'
2026-07-21 22:40:16.508 - RealTimeSTT: realtimestt - DEBUG - Waiting for recording stop
2026-07-21 22:40:18.038 - RealTimeSTT: realtimestt - INFO - recording stopped
2026-07-21 22:40:18.039 - RealTimeSTT: realtimestt - DEBUG - No samples removed, final audio length: 40960
2026-07-21 22:40:18.039 - RealTimeSTT: realtimestt - INFO - State changed from 'recording' to 'inactive'
2026-07-21 22:40:18.039 - RealTimeSTT: realtimestt - INFO - State changed from 'inactive' to 'transcribing'
2026-07-21 22:40:18.039 - RealTimeSTT: realtimestt - DEBUG - Adding transcription request, no early transcription started
2026-07-21 22:40:18.049 - RealTimeSTT: realtimestt - DEBUG - Receive from parent_transcription_pipe after sendiung transcription request, transcribe_count: 1
2026-07-21 22:40:18.150 - RealTimeSTT: realtimestt - DEBUG - Receive from parent_transcription_pipe after sendiung transcription request, transcribe_count: 1
2026-07-21 22:40:18.205 - RealTimeSTT: realtimestt - INFO - State changed from 'transcribing' to 'inactive'
2026-07-21 22:40:18.206 - RealTimeSTT: realtimestt - DEBUG - Model tiny.en completed transcription in 0.17 seconds
2026-07-21 22:40:18.206 - RealTimeSTT: realtimestt - INFO - Setting listen time
2026-07-21 22:40:18.206 - RealTimeSTT: realtimestt - INFO - State changed from 'inactive' to 'listening'
2026-07-21 22:40:18.206 - RealTimeSTT: realtimestt - DEBUG - Waiting for recording start
2026-07-21 23:04:34.318 - RealTimeSTT: realtimestt - INFO - voice activity detected
2026-07-21 23:04:34.318 - RealTimeSTT: realtimestt - INFO - recording started
2026-07-21 23:04:34.318 - RealTimeSTT: realtimestt - INFO - State changed from 'listening' to 'recording'
2026-07-21 23:04:34.318 - RealTimeSTT: realtimestt - DEBUG - Waiting for recording stop
2026-07-21 23:04:39.888 - RealTimeSTT: realtimestt - INFO - recording stopped
2026-07-21 23:04:39.890 - RealTimeSTT: realtimestt - DEBUG - No samples removed, final audio length: 105472
2026-07-21 23:04:39.890 - RealTimeSTT: realtimestt - INFO - State changed from 'recording' to 'inactive'
2026-07-21 23:04:39.890 - RealTimeSTT: realtimestt - INFO - State changed from 'inactive' to 'transcribing'
2026-07-21 23:04:39.890 - RealTimeSTT: realtimestt - DEBUG - Adding transcription request, no early transcription started
2026-07-21 23:04:39.904 - RealTimeSTT: realtimestt - DEBUG - Receive from parent_transcription_pipe after sendiung transcription request, transcribe_count: 1
2026-07-21 23:04:39.911 - RealTimeSTT: realtimestt - INFO - State changed from 'transcribing' to 'inactive'
2026-07-21 23:04:39.913 - RealTimeSTT: realtimestt - DEBUG - Model tiny.en completed transcription in 0.02 seconds
2026-07-21 23:04:39.913 - RealTimeSTT: realtimestt - INFO - Setting listen time
2026-07-21 23:04:39.913 - RealTimeSTT: realtimestt - INFO - State changed from 'inactive' to 'listening'
2026-07-21 23:04:39.913 - RealTimeSTT: realtimestt - DEBUG - Waiting for recording start
2026-07-21 23:27:52.677 - RealTimeSTT: realtimestt - INFO - voice activity detected
2026-07-21 23:27:52.677 - RealTimeSTT: realtimestt - INFO - recording started
2026-07-21 23:27:52.677 - RealTimeSTT: realtimestt - INFO - State changed from 'listening' to 'recording'
2026-07-21 23:27:52.678 - RealTimeSTT: realtimestt - DEBUG - Waiting for recording stop
2026-07-21 23:27:55.807 - RealTimeSTT: realtimestt - INFO - recording stopped
2026-07-21 23:27:55.809 - RealTimeSTT: realtimestt - DEBUG - No samples removed, final audio length: 66560
2026-07-21 23:27:55.809 - RealTimeSTT: realtimestt - INFO - State changed from 'recording' to 'inactive'
2026-07-21 23:27:55.809 - RealTimeSTT: realtimestt - INFO - State changed from 'inactive' to 'transcribing'
2026-07-21 23:27:55.809 - RealTimeSTT: realtimestt - DEBUG - Adding transcription request, no early transcription started
2026-07-21 23:27:55.820 - RealTimeSTT: realtimestt - DEBUG - Receive from parent_transcription_pipe after sendiung transcription request, transcribe_count: 1
2026-07-21 23:27:55.825 - RealTimeSTT: realtimestt - INFO - State changed from 'transcribing' to 'inactive'
2026-07-21 23:27:55.825 - RealTimeSTT: realtimestt - DEBUG - Model tiny.en completed transcription in 0.02 seconds
2026-07-21 23:27:55.826 - RealTimeSTT: realtimestt - INFO - Setting listen time
2026-07-21 23:27:55.826 - RealTimeSTT: realtimestt - INFO - State changed from 'inactive' to 'listening'
2026-07-21 23:27:55.826 - RealTimeSTT: realtimestt - DEBUG - Waiting for recording start
2026-07-21 23:29:23.239 - RealTimeSTT: realtimestt - INFO - voice activity detected
2026-07-21 23:29:23.239 - RealTimeSTT: realtimestt - INFO - recording started
2026-07-21 23:29:23.239 - RealTimeSTT: realtimestt - INFO - State changed from 'listening' to 'recording'
2026-07-21 23:29:23.239 - RealTimeSTT: realtimestt - DEBUG - Waiting for recording stop
2026-07-21 23:29:25.539 - RealTimeSTT: realtimestt - INFO - recording stopped
2026-07-21 23:29:25.540 - RealTimeSTT: realtimestt - DEBUG - No samples removed, final audio length: 53248
2026-07-21 23:29:25.540 - RealTimeSTT: realtimestt - INFO - State changed from 'recording' to 'inactive'
2026-07-21 23:29:25.540 - RealTimeSTT: realtimestt - INFO - State changed from 'inactive' to 'transcribing'
2026-07-21 23:29:25.540 - RealTimeSTT: realtimestt - DEBUG - Adding transcription request, no early transcription started
2026-07-21 23:29:25.544 - RealTimeSTT: realtimestt - DEBUG - Receive from parent_transcription_pipe after sendiung transcription request, transcribe_count: 1
2026-07-21 23:29:25.544 - RealTimeSTT: realtimestt - INFO - State changed from 'transcribing' to 'inactive'
2026-07-21 23:29:25.545 - RealTimeSTT: realtimestt - DEBUG - Model tiny.en completed transcription in 0.00 seconds
2026-07-21 23:29:25.547 - RealTimeSTT: realtimestt - INFO - Setting listen time
2026-07-21 23:29:25.547 - RealTimeSTT: realtimestt - INFO - State changed from 'inactive' to 'listening'
2026-07-21 23:29:25.547 - RealTimeSTT: realtimestt - DEBUG - Waiting for recording start
2026-07-22 00:41:14.155 - RealTimeSTT: realtimestt - INFO - voice activity detected
2026-07-22 00:41:14.155 - RealTimeSTT: realtimestt - INFO - recording started
2026-07-22 00:41:14.155 - RealTimeSTT: realtimestt - INFO - State changed from 'listening' to 'recording'
2026-07-22 00:41:14.155 - RealTimeSTT: realtimestt - DEBUG - Waiting for recording stop
2026-07-22 00:41:16.526 - RealTimeSTT: realtimestt - INFO - recording stopped
2026-07-22 00:41:16.527 - RealTimeSTT: realtimestt - DEBUG - No samples removed, final audio length: 54272
2026-07-22 00:41:16.527 - RealTimeSTT: realtimestt - INFO - State changed from 'recording' to 'inactive'
2026-07-22 00:41:16.527 - RealTimeSTT: realtimestt - INFO - State changed from 'inactive' to 'transcribing'
2026-07-22 00:41:16.527 - RealTimeSTT: realtimestt - DEBUG - Adding transcription request, no early transcription started
2026-07-22 00:41:16.531 - RealTimeSTT: realtimestt - DEBUG - Receive from parent_transcription_pipe after sendiung transcription request, transcribe_count: 1
2026-07-22 00:41:16.535 - RealTimeSTT: realtimestt - INFO - State changed from 'transcribing' to 'inactive'
2026-07-22 00:41:16.536 - RealTimeSTT: realtimestt - DEBUG - Model tiny.en completed transcription in 0.01 seconds
2026-07-22 00:41:16.536 - RealTimeSTT: realtimestt - INFO - Setting listen time
2026-07-22 00:41:16.536 - RealTimeSTT: realtimestt - INFO - State changed from 'inactive' to 'listening'
2026-07-22 00:41:16.536 - RealTimeSTT: realtimestt - DEBUG - Waiting for recording start
2026-07-22 01:04:30.558 - RealTimeSTT: realtimestt - INFO - voice activity detected
2026-07-22 01:04:30.558 - RealTimeSTT: realtimestt - INFO - recording started
2026-07-22 01:04:30.558 - RealTimeSTT: realtimestt - INFO - State changed from 'listening' to 'recording'
2026-07-22 01:04:30.558 - RealTimeSTT: realtimestt - DEBUG - Waiting for recording stop
2026-07-22 01:04:31.908 - RealTimeSTT: realtimestt - INFO - recording stopped
2026-07-22 01:04:31.909 - RealTimeSTT: realtimestt - DEBUG - No samples removed, final audio length: 37888
2026-07-22 01:04:31.909 - RealTimeSTT: realtimestt - INFO - State changed from 'recording' to 'inactive'
2026-07-22 01:04:31.909 - RealTimeSTT: realtimestt - INFO - State changed from 'inactive' to 'transcribing'
2026-07-22 01:04:31.909 - RealTimeSTT: realtimestt - DEBUG - Adding transcription request, no early transcription started
2026-07-22 01:04:31.923 - RealTimeSTT: realtimestt - DEBUG - Receive from parent_transcription_pipe after sendiung transcription request, transcribe_count: 1
2026-07-22 01:04:31.926 - RealTimeSTT: realtimestt - INFO - State changed from 'transcribing' to 'inactive'
2026-07-22 01:04:31.927 - RealTimeSTT: realtimestt - DEBUG - Model tiny.en completed transcription in 0.02 seconds
2026-07-22 01:04:31.927 - RealTimeSTT: realtimestt - INFO - Setting listen time
2026-07-22 01:04:31.927 - RealTimeSTT: realtimestt - INFO - State changed from 'inactive' to 'listening'
2026-07-22 01:04:31.927 - RealTimeSTT: realtimestt - DEBUG - Waiting for recording start
2026-07-22 01:04:41.118 - RealTimeSTT: realtimestt - INFO - voice activity detected
2026-07-22 01:04:41.118 - RealTimeSTT: realtimestt - INFO - recording started
2026-07-22 01:04:41.118 - RealTimeSTT: realtimestt - INFO - State changed from 'listening' to 'recording'
2026-07-22 01:04:41.118 - RealTimeSTT: realtimestt - DEBUG - Waiting for recording stop
2026-07-22 01:04:42.268 - RealTimeSTT: realtimestt - INFO - recording stopped
2026-07-22 01:04:42.269 - RealTimeSTT: realtimestt - DEBUG - No samples removed, final audio length: 34816
2026-07-22 01:04:42.269 - RealTimeSTT: realtimestt - INFO - State changed from 'recording' to 'inactive'
2026-07-22 01:04:42.269 - RealTimeSTT: realtimestt - INFO - State changed from 'inactive' to 'transcribing'
2026-07-22 01:04:42.269 - RealTimeSTT: realtimestt - DEBUG - Adding transcription request, no early transcription started
2026-07-22 01:04:42.276 - RealTimeSTT: realtimestt - DEBUG - Receive from parent_transcription_pipe after sendiung transcription request, transcribe_count: 1
2026-07-22 01:04:42.376 - RealTimeSTT: realtimestt - DEBUG - Receive from parent_transcription_pipe after sendiung transcription request, transcribe_count: 1
2026-07-22 01:04:42.420 - RealTimeSTT: realtimestt - INFO - State changed from 'transcribing' to 'inactive'
2026-07-22 01:04:42.420 - RealTimeSTT: realtimestt - DEBUG - Model tiny.en completed transcription in 0.15 seconds
2026-07-22 01:04:42.421 - RealTimeSTT: realtimestt - INFO - Setting listen time
2026-07-22 01:04:42.421 - RealTimeSTT: realtimestt - INFO - State changed from 'inactive' to 'listening'
2026-07-22 01:04:42.421 - RealTimeSTT: realtimestt - DEBUG - Waiting for recording start
2026-07-22 01:50:36.902 - RealTimeSTT: realtimestt - INFO - voice activity detected
2026-07-22 01:50:36.902 - RealTimeSTT: realtimestt - INFO - recording started
2026-07-22 01:50:36.902 - RealTimeSTT: realtimestt - INFO - State changed from 'listening' to 'recording'
2026-07-22 01:50:36.902 - RealTimeSTT: realtimestt - DEBUG - Waiting for recording stop
2026-07-22 01:50:37.612 - RealTimeSTT: realtimestt - INFO - recording stopped
2026-07-22 01:50:37.613 - RealTimeSTT: realtimestt - DEBUG - No samples removed, final audio length: 27648
2026-07-22 01:50:37.613 - RealTimeSTT: realtimestt - INFO - State changed from 'recording' to 'inactive'
2026-07-22 01:50:37.613 - RealTimeSTT: realtimestt - INFO - State changed from 'inactive' to 'transcribing'
2026-07-22 01:50:37.613 - RealTimeSTT: realtimestt - DEBUG - Adding transcription request, no early transcription started
2026-07-22 01:50:37.614 - RealTimeSTT: realtimestt - DEBUG - Receive from parent_transcription_pipe after sendiung transcription request, transcribe_count: 1
2026-07-22 01:50:37.616 - RealTimeSTT: realtimestt - INFO - State changed from 'transcribing' to 'inactive'
2026-07-22 01:50:37.616 - RealTimeSTT: realtimestt - DEBUG - Model tiny.en completed transcription in 0.00 seconds
2026-07-22 01:50:37.616 - RealTimeSTT: realtimestt - INFO - Setting listen time
2026-07-22 01:50:37.616 - RealTimeSTT: realtimestt - INFO - State changed from 'inactive' to 'listening'
2026-07-22 01:50:37.617 - RealTimeSTT: realtimestt - DEBUG - Waiting for recording start
2026-07-22 03:30:45.329 - RealTimeSTT: realtimestt - INFO - voice activity detected
2026-07-22 03:30:45.329 - RealTimeSTT: realtimestt - INFO - recording started
2026-07-22 03:30:45.329 - RealTimeSTT: realtimestt - INFO - State changed from 'listening' to 'recording'
2026-07-22 03:30:45.330 - RealTimeSTT: realtimestt - DEBUG - Waiting for recording stop
2026-07-22 03:30:45.969 - RealTimeSTT: realtimestt - INFO - recording stopped
2026-07-22 03:30:45.970 - RealTimeSTT: realtimestt - DEBUG - No samples removed, final audio length: 26624
2026-07-22 03:30:45.970 - RealTimeSTT: realtimestt - INFO - State changed from 'recording' to 'inactive'
2026-07-22 03:30:45.970 - RealTimeSTT: realtimestt - INFO - State changed from 'inactive' to 'transcribing'
2026-07-22 03:30:45.970 - RealTimeSTT: realtimestt - DEBUG - Adding transcription request, no early transcription started
2026-07-22 03:30:45.985 - RealTimeSTT: realtimestt - DEBUG - Receive from parent_transcription_pipe after sendiung transcription request, transcribe_count: 1
2026-07-22 03:30:46.085 - RealTimeSTT: realtimestt - DEBUG - Receive from parent_transcription_pipe after sendiung transcription request, transcribe_count: 1
2026-07-22 03:30:46.118 - RealTimeSTT: realtimestt - INFO - State changed from 'transcribing' to 'inactive'
2026-07-22 03:30:46.119 - RealTimeSTT: realtimestt - DEBUG - Model tiny.en completed transcription in 0.15 seconds
2026-07-22 03:30:46.119 - RealTimeSTT: realtimestt - INFO - Setting listen time
2026-07-22 03:30:46.119 - RealTimeSTT: realtimestt - INFO - State changed from 'inactive' to 'listening'
2026-07-22 03:30:46.119 - RealTimeSTT: realtimestt - DEBUG - Waiting for recording start
2026-07-22 03:30:47.509 - RealTimeSTT: realtimestt - INFO - voice activity detected
2026-07-22 03:30:47.510 - RealTimeSTT: realtimestt - INFO - recording started
2026-07-22 03:30:47.510 - RealTimeSTT: realtimestt - INFO - State changed from 'listening' to 'recording'
2026-07-22 03:30:47.510 - RealTimeSTT: realtimestt - DEBUG - Waiting for recording stop
2026-07-22 03:30:48.529 - RealTimeSTT: realtimestt - INFO - recording stopped
2026-07-22 03:30:48.530 - RealTimeSTT: realtimestt - DEBUG - No samples removed, final audio length: 32768
2026-07-22 03:30:48.530 - RealTimeSTT: realtimestt - INFO - State changed from 'recording' to 'inactive'
2026-07-22 03:30:48.530 - RealTimeSTT: realtimestt - INFO - State changed from 'inactive' to 'transcribing'
2026-07-22 03:30:48.530 - RealTimeSTT: realtimestt - DEBUG - Adding transcription request, no early transcription started
2026-07-22 03:30:48.546 - RealTimeSTT: realtimestt - DEBUG - Receive from parent_transcription_pipe after sendiung transcription request, transcribe_count: 1
2026-07-22 03:30:48.646 - RealTimeSTT: realtimestt - DEBUG - Receive from parent_transcription_pipe after sendiung transcription request, transcribe_count: 1
2026-07-22 03:30:48.688 - RealTimeSTT: realtimestt - INFO - State changed from 'transcribing' to 'inactive'
2026-07-22 03:30:48.689 - RealTimeSTT: realtimestt - DEBUG - Model tiny.en completed transcription in 0.16 seconds
2026-07-22 03:30:48.689 - RealTimeSTT: realtimestt - INFO - Setting listen time
2026-07-22 03:30:48.689 - RealTimeSTT: realtimestt - INFO - State changed from 'inactive' to 'listening'
2026-07-22 03:30:48.689 - RealTimeSTT: realtimestt - DEBUG - Waiting for recording start
2026-07-22 03:41:51.840 - RealTimeSTT: realtimestt - INFO - voice activity detected
2026-07-22 03:41:51.840 - RealTimeSTT: realtimestt - INFO - recording started
2026-07-22 03:41:51.840 - RealTimeSTT: realtimestt - INFO - State changed from 'listening' to 'recording'
2026-07-22 03:41:51.840 - RealTimeSTT: realtimestt - DEBUG - Waiting for recording stop
2026-07-22 03:41:53.310 - RealTimeSTT: realtimestt - INFO - recording stopped
2026-07-22 03:41:53.311 - RealTimeSTT: realtimestt - DEBUG - No samples removed, final audio length: 39936
2026-07-22 03:41:53.311 - RealTimeSTT: realtimestt - INFO - State changed from 'recording' to 'inactive'
2026-07-22 03:41:53.311 - RealTimeSTT: realtimestt - INFO - State changed from 'inactive' to 'transcribing'
2026-07-22 03:41:53.311 - RealTimeSTT: realtimestt - DEBUG - Adding transcription request, no early transcription started
2026-07-22 03:41:53.316 - RealTimeSTT: realtimestt - DEBUG - Receive from parent_transcription_pipe after sendiung transcription request, transcribe_count: 1
2026-07-22 03:41:53.416 - RealTimeSTT: realtimestt - DEBUG - Receive from parent_transcription_pipe after sendiung transcription request, transcribe_count: 1
2026-07-22 03:41:53.467 - RealTimeSTT: realtimestt - INFO - State changed from 'transcribing' to 'inactive'
2026-07-22 03:41:53.468 - RealTimeSTT: realtimestt - DEBUG - Model tiny.en completed transcription in 0.16 seconds
2026-07-22 03:41:53.468 - RealTimeSTT: realtimestt - INFO - Setting listen time
2026-07-22 03:41:53.468 - RealTimeSTT: realtimestt - INFO - State changed from 'inactive' to 'listening'
2026-07-22 03:41:53.468 - RealTimeSTT: realtimestt - DEBUG - Waiting for recording start
2026-07-22 06:35:37.926 - RealTimeSTT: realtimestt - INFO - voice activity detected
2026-07-22 06:35:37.926 - RealTimeSTT: realtimestt - INFO - recording started
2026-07-22 06:35:37.927 - RealTimeSTT: realtimestt - INFO - State changed from 'listening' to 'recording'
2026-07-22 06:35:37.927 - RealTimeSTT: realtimestt - DEBUG - Waiting for recording stop
2026-07-22 06:35:39.466 - RealTimeSTT: realtimestt - INFO - recording stopped
2026-07-22 06:35:39.467 - RealTimeSTT: realtimestt - DEBUG - No samples removed, final audio length: 40960
2026-07-22 06:35:39.467 - RealTimeSTT: realtimestt - INFO - State changed from 'recording' to 'inactive'
2026-07-22 06:35:39.467 - RealTimeSTT: realtimestt - INFO - State changed from 'inactive' to 'transcribing'
2026-07-22 06:35:39.467 - RealTimeSTT: realtimestt - DEBUG - Adding transcription request, no early transcription started
2026-07-22 06:35:39.471 - RealTimeSTT: realtimestt - DEBUG - Receive from parent_transcription_pipe after sendiung transcription request, transcribe_count: 1
2026-07-22 06:35:39.571 - RealTimeSTT: realtimestt - DEBUG - Receive from parent_transcription_pipe after sendiung transcription request, transcribe_count: 1
2026-07-22 06:35:39.601 - RealTimeSTT: realtimestt - INFO - State changed from 'transcribing' to 'inactive'
2026-07-22 06:35:39.601 - RealTimeSTT: realtimestt - DEBUG - Model tiny.en completed transcription in 0.13 seconds
2026-07-22 06:35:39.601 - RealTimeSTT: realtimestt - INFO - Setting listen time
2026-07-22 06:35:39.601 - RealTimeSTT: realtimestt - INFO - State changed from 'inactive' to 'listening'
2026-07-22 06:35:39.602 - RealTimeSTT: realtimestt - DEBUG - Waiting for recording start
2026-07-22 06:49:41.720 - RealTimeSTT: realtimestt - INFO - voice activity detected
2026-07-22 06:49:41.720 - RealTimeSTT: realtimestt - INFO - recording started
2026-07-22 06:49:41.720 - RealTimeSTT: realtimestt - INFO - State changed from 'listening' to 'recording'
2026-07-22 06:49:41.720 - RealTimeSTT: realtimestt - DEBUG - Waiting for recording stop
2026-07-22 06:49:42.930 - RealTimeSTT: realtimestt - INFO - recording stopped
2026-07-22 06:49:42.931 - RealTimeSTT: realtimestt - DEBUG - No samples removed, final audio length: 35840
2026-07-22 06:49:42.931 - RealTimeSTT: realtimestt - INFO - State changed from 'recording' to 'inactive'
2026-07-22 06:49:42.931 - RealTimeSTT: realtimestt - INFO - State changed from 'inactive' to 'transcribing'
2026-07-22 06:49:42.931 - RealTimeSTT: realtimestt - DEBUG - Adding transcription request, no early transcription started
2026-07-22 06:49:42.934 - RealTimeSTT: realtimestt - DEBUG - Receive from parent_transcription_pipe after sendiung transcription request, transcribe_count: 1
2026-07-22 06:49:42.937 - RealTimeSTT: realtimestt - INFO - State changed from 'transcribing' to 'inactive'
2026-07-22 06:49:42.938 - RealTimeSTT: realtimestt - DEBUG - Model tiny.en completed transcription in 0.01 seconds
2026-07-22 06:49:42.938 - RealTimeSTT: realtimestt - INFO - Setting listen time
2026-07-22 06:49:42.938 - RealTimeSTT: realtimestt - INFO - State changed from 'inactive' to 'listening'
2026-07-22 06:49:42.938 - RealTimeSTT: realtimestt - DEBUG - Waiting for recording start
2026-07-22 06:49:56.560 - RealTimeSTT: realtimestt - INFO - voice activity detected
2026-07-22 06:49:56.560 - RealTimeSTT: realtimestt - INFO - recording started
2026-07-22 06:49:56.560 - RealTimeSTT: realtimestt - INFO - State changed from 'listening' to 'recording'
2026-07-22 06:49:56.560 - RealTimeSTT: realtimestt - DEBUG - Waiting for recording stop
2026-07-22 06:49:57.200 - RealTimeSTT: realtimestt - INFO - recording stopped
2026-07-22 06:49:57.201 - RealTimeSTT: realtimestt - DEBUG - No samples removed, final audio length: 26624
2026-07-22 06:49:57.201 - RealTimeSTT: realtimestt - INFO - State changed from 'recording' to 'inactive'
2026-07-22 06:49:57.201 - RealTimeSTT: realtimestt - INFO - State changed from 'inactive' to 'transcribing'
2026-07-22 06:49:57.201 - RealTimeSTT: realtimestt - DEBUG - Adding transcription request, no early transcription started
2026-07-22 06:49:57.201 - RealTimeSTT: realtimestt - DEBUG - Receive from parent_transcription_pipe after sendiung transcription request, transcribe_count: 1
2026-07-22 06:49:57.301 - RealTimeSTT: realtimestt - DEBUG - Receive from parent_transcription_pipe after sendiung transcription request, transcribe_count: 1
2026-07-22 06:49:57.341 - RealTimeSTT: realtimestt - INFO - State changed from 'transcribing' to 'inactive'
2026-07-22 06:49:57.341 - RealTimeSTT: realtimestt - DEBUG - Model tiny.en completed transcription in 0.14 seconds
2026-07-22 06:49:57.341 - RealTimeSTT: realtimestt - INFO - Setting listen time
2026-07-22 06:49:57.342 - RealTimeSTT: realtimestt - INFO - State changed from 'inactive' to 'listening'
2026-07-22 06:49:57.342 - RealTimeSTT: realtimestt - DEBUG - Waiting for recording start
2026-07-22 07:37:48.926 - RealTimeSTT: realtimestt - INFO - voice activity detected
2026-07-22 07:37:48.926 - RealTimeSTT: realtimestt - INFO - recording started
2026-07-22 07:37:48.926 - RealTimeSTT: realtimestt - INFO - State changed from 'listening' to 'recording'
2026-07-22 07:37:48.926 - RealTimeSTT: realtimestt - DEBUG - Waiting for recording stop
2026-07-22 07:37:49.826 - RealTimeSTT: realtimestt - INFO - recording stopped
2026-07-22 07:37:49.826 - RealTimeSTT: realtimestt - DEBUG - No samples removed, final audio length: 30720
2026-07-22 07:37:49.826 - RealTimeSTT: realtimestt - INFO - State changed from 'recording' to 'inactive'
2026-07-22 07:37:49.826 - RealTimeSTT: realtimestt - INFO - State changed from 'inactive' to 'transcribing'
2026-07-22 07:37:49.826 - RealTimeSTT: realtimestt - DEBUG - Adding transcription request, no early transcription started
2026-07-22 07:37:49.847 - RealTimeSTT: realtimestt - DEBUG - Receive from parent_transcription_pipe after sendiung transcription request, transcribe_count: 1
2026-07-22 07:37:49.948 - RealTimeSTT: realtimestt - DEBUG - Receive from parent_transcription_pipe after sendiung transcription request, transcribe_count: 1
2026-07-22 07:37:49.978 - RealTimeSTT: realtimestt - INFO - State changed from 'transcribing' to 'inactive'
2026-07-22 07:37:49.978 - RealTimeSTT: realtimestt - DEBUG - Model tiny.en completed transcription in 0.15 seconds
2026-07-22 07:37:49.978 - RealTimeSTT: realtimestt - INFO - Setting listen time
2026-07-22 07:37:49.979 - RealTimeSTT: realtimestt - INFO - State changed from 'inactive' to 'listening'
2026-07-22 07:37:49.979 - RealTimeSTT: realtimestt - DEBUG - Waiting for recording start
2026-07-22 07:39:19.877 - RealTimeSTT: realtimestt - INFO - voice activity detected
2026-07-22 07:39:19.877 - RealTimeSTT: realtimestt - INFO - recording started
2026-07-22 07:39:19.877 - RealTimeSTT: realtimestt - INFO - State changed from 'listening' to 'recording'
2026-07-22 07:39:19.877 - RealTimeSTT: realtimestt - DEBUG - Waiting for recording stop
2026-07-22 07:39:21.537 - RealTimeSTT: realtimestt - INFO - recording stopped
2026-07-22 07:39:21.538 - RealTimeSTT: realtimestt - DEBUG - No samples removed, final audio length: 43008
2026-07-22 07:39:21.538 - RealTimeSTT: realtimestt - INFO - State changed from 'recording' to 'inactive'
2026-07-22 07:39:21.538 - RealTimeSTT: realtimestt - INFO - State changed from 'inactive' to 'transcribing'
2026-07-22 07:39:21.538 - RealTimeSTT: realtimestt - DEBUG - Adding transcription request, no early transcription started
2026-07-22 07:39:21.538 - RealTimeSTT: realtimestt - DEBUG - Receive from parent_transcription_pipe after sendiung transcription request, transcribe_count: 1
2026-07-22 07:39:21.542 - RealTimeSTT: realtimestt - INFO - State changed from 'transcribing' to 'inactive'
2026-07-22 07:39:21.542 - RealTimeSTT: realtimestt - DEBUG - Model tiny.en completed transcription in 0.00 seconds
2026-07-22 07:39:21.542 - RealTimeSTT: realtimestt - INFO - Setting listen time
2026-07-22 07:39:21.542 - RealTimeSTT: realtimestt - INFO - State changed from 'inactive' to 'listening'
2026-07-22 07:39:21.542 - RealTimeSTT: realtimestt - DEBUG - Waiting for recording start
2026-07-22 08:10:24.867 - RealTimeSTT: realtimestt - INFO - voice activity detected
2026-07-22 08:10:24.867 - RealTimeSTT: realtimestt - INFO - recording started
2026-07-22 08:10:24.867 - RealTimeSTT: realtimestt - INFO - State changed from 'listening' to 'recording'
2026-07-22 08:10:24.868 - RealTimeSTT: realtimestt - DEBUG - Waiting for recording stop
2026-07-22 08:10:27.297 - RealTimeSTT: realtimestt - INFO - recording stopped
2026-07-22 08:10:27.298 - RealTimeSTT: realtimestt - DEBUG - No samples removed, final audio length: 55296
2026-07-22 08:10:27.298 - RealTimeSTT: realtimestt - INFO - State changed from 'recording' to 'inactive'
2026-07-22 08:10:27.298 - RealTimeSTT: realtimestt - INFO - State changed from 'inactive' to 'transcribing'
2026-07-22 08:10:27.298 - RealTimeSTT: realtimestt - DEBUG - Adding transcription request, no early transcription started
2026-07-22 08:10:27.308 - RealTimeSTT: realtimestt - DEBUG - Receive from parent_transcription_pipe after sendiung transcription request, transcribe_count: 1
2026-07-22 08:10:27.409 - RealTimeSTT: realtimestt - DEBUG - Receive from parent_transcription_pipe after sendiung transcription request, transcribe_count: 1
2026-07-22 08:10:27.462 - RealTimeSTT: realtimestt - INFO - State changed from 'transcribing' to 'inactive'
2026-07-22 08:10:27.463 - RealTimeSTT: realtimestt - DEBUG - Model tiny.en completed transcription in 0.16 seconds
2026-07-22 08:10:27.463 - RealTimeSTT: realtimestt - INFO - Setting listen time
2026-07-22 08:10:27.463 - RealTimeSTT: realtimestt - INFO - State changed from 'inactive' to 'listening'
2026-07-22 08:10:27.463 - RealTimeSTT: realtimestt - DEBUG - Waiting for recording start
2026-07-22 08:10:32.477 - RealTimeSTT: realtimestt - INFO - voice activity detected
2026-07-22 08:10:32.477 - RealTimeSTT: realtimestt - INFO - recording started
2026-07-22 08:10:32.477 - RealTimeSTT: realtimestt - INFO - State changed from 'listening' to 'recording'
2026-07-22 08:10:32.477 - RealTimeSTT: realtimestt - DEBUG - Waiting for recording stop
2026-07-22 08:10:38.367 - RealTimeSTT: realtimestt - INFO - recording stopped
2026-07-22 08:10:38.369 - RealTimeSTT: realtimestt - DEBUG - No samples removed, final audio length: 110592
2026-07-22 08:10:38.369 - RealTimeSTT: realtimestt - INFO - State changed from 'recording' to 'inactive'
2026-07-22 08:10:38.369 - RealTimeSTT: realtimestt - INFO - State changed from 'inactive' to 'transcribing'
2026-07-22 08:10:38.369 - RealTimeSTT: realtimestt - DEBUG - Adding transcription request, no early transcription started
2026-07-22 08:10:38.369 - RealTimeSTT: realtimestt - DEBUG - Receive from parent_transcription_pipe after sendiung transcription request, transcribe_count: 1
2026-07-22 08:10:38.469 - RealTimeSTT: realtimestt - DEBUG - Receive from parent_transcription_pipe after sendiung transcription request, transcribe_count: 1
2026-07-22 08:10:38.532 - RealTimeSTT: realtimestt - INFO - State changed from 'transcribing' to 'inactive'
2026-07-22 08:10:38.533 - RealTimeSTT: realtimestt - DEBUG - Model tiny.en completed transcription in 0.16 seconds
2026-07-22 08:10:38.533 - RealTimeSTT: realtimestt - INFO - Setting listen time
2026-07-22 08:10:38.533 - RealTimeSTT: realtimestt - INFO - State changed from 'inactive' to 'listening'
2026-07-22 08:10:38.533 - RealTimeSTT: realtimestt - DEBUG - Waiting for recording start
2026-07-22 08:10:39.457 - RealTimeSTT: realtimestt - INFO - voice activity detected
2026-07-22 08:10:39.457 - RealTimeSTT: realtimestt - INFO - recording started
2026-07-22 08:10:39.457 - RealTimeSTT: realtimestt - INFO - State changed from 'listening' to 'recording'
2026-07-22 08:10:39.457 - RealTimeSTT: realtimestt - DEBUG - Waiting for recording stop
2026-07-22 08:10:42.848 - RealTimeSTT: realtimestt - INFO - recording stopped
2026-07-22 08:10:42.849 - RealTimeSTT: realtimestt - DEBUG - No samples removed, final audio length: 70656
2026-07-22 08:10:42.849 - RealTimeSTT: realtimestt - INFO - State changed from 'recording' to 'inactive'
2026-07-22 08:10:42.849 - RealTimeSTT: realtimestt - INFO - State changed from 'inactive' to 'transcribing'
2026-07-22 08:10:42.849 - RealTimeSTT: realtimestt - DEBUG - Adding transcription request, no early transcription started
2026-07-22 08:10:42.849 - RealTimeSTT: realtimestt - DEBUG - Receive from parent_transcription_pipe after sendiung transcription request, transcribe_count: 1
2026-07-22 08:10:42.949 - RealTimeSTT: realtimestt - DEBUG - Receive from parent_transcription_pipe after sendiung transcription request, transcribe_count: 1
2026-07-22 08:10:43.011 - RealTimeSTT: realtimestt - INFO - State changed from 'transcribing' to 'inactive'
2026-07-22 08:10:43.012 - RealTimeSTT: realtimestt - DEBUG - Model tiny.en completed transcription in 0.16 seconds
2026-07-22 08:10:43.012 - RealTimeSTT: realtimestt - INFO - Setting listen time
2026-07-22 08:10:43.012 - RealTimeSTT: realtimestt - INFO - State changed from 'inactive' to 'listening'
2026-07-22 08:10:43.012 - RealTimeSTT: realtimestt - DEBUG - Waiting for recording start
2026-07-22 08:10:49.057 - RealTimeSTT: realtimestt - INFO - voice activity detected
2026-07-22 08:10:49.057 - RealTimeSTT: realtimestt - INFO - recording started
2026-07-22 08:10:49.057 - RealTimeSTT: realtimestt - INFO - State changed from 'listening' to 'recording'
2026-07-22 08:10:49.057 - RealTimeSTT: realtimestt - DEBUG - Waiting for recording stop
2026-07-22 08:10:51.747 - RealTimeSTT: realtimestt - INFO - recording stopped
2026-07-22 08:10:51.748 - RealTimeSTT: realtimestt - DEBUG - No samples removed, final audio length: 59392
2026-07-22 08:10:51.748 - RealTimeSTT: realtimestt - INFO - State changed from 'recording' to 'inactive'
2026-07-22 08:10:51.748 - RealTimeSTT: realtimestt - INFO - State changed from 'inactive' to 'transcribing'
2026-07-22 08:10:51.749 - RealTimeSTT: realtimestt - DEBUG - Adding transcription request, no early transcription started
2026-07-22 08:10:51.765 - RealTimeSTT: realtimestt - DEBUG - Receive from parent_transcription_pipe after sendiung transcription request, transcribe_count: 1
2026-07-22 08:10:51.770 - RealTimeSTT: realtimestt - INFO - State changed from 'transcribing' to 'inactive'
2026-07-22 08:10:51.771 - RealTimeSTT: realtimestt - DEBUG - Model tiny.en completed transcription in 0.02 seconds
2026-07-22 08:10:51.771 - RealTimeSTT: realtimestt - INFO - Setting listen time
2026-07-22 08:10:51.771 - RealTimeSTT: realtimestt - INFO - State changed from 'inactive' to 'listening'
2026-07-22 08:10:51.771 - RealTimeSTT: realtimestt - DEBUG - Waiting for recording start
2026-07-22 08:10:52.577 - RealTimeSTT: realtimestt - INFO - voice activity detected
2026-07-22 08:10:52.577 - RealTimeSTT: realtimestt - INFO - recording started
2026-07-22 08:10:52.577 - RealTimeSTT: realtimestt - INFO - State changed from 'listening' to 'recording'
2026-07-22 08:10:52.577 - RealTimeSTT: realtimestt - DEBUG - Waiting for recording stop
2026-07-22 08:10:56.998 - RealTimeSTT: realtimestt - INFO - recording stopped
2026-07-22 08:10:56.999 - RealTimeSTT: realtimestt - DEBUG - No samples removed, final audio length: 84480
2026-07-22 08:10:56.999 - RealTimeSTT: realtimestt - INFO - State changed from 'recording' to 'inactive'
2026-07-22 08:10:57.000 - RealTimeSTT: realtimestt - INFO - State changed from 'inactive' to 'transcribing'
2026-07-22 08:10:57.000 - RealTimeSTT: realtimestt - DEBUG - Adding transcription request, no early transcription started
2026-07-22 08:10:57.000 - RealTimeSTT: realtimestt - DEBUG - Receive from parent_transcription_pipe after sendiung transcription request, transcribe_count: 1
2026-07-22 08:10:57.100 - RealTimeSTT: realtimestt - DEBUG - Receive from parent_transcription_pipe after sendiung transcription request, transcribe_count: 1
2026-07-22 08:10:57.191 - RealTimeSTT: realtimestt - INFO - State changed from 'transcribing' to 'inactive'
2026-07-22 08:10:57.192 - RealTimeSTT: realtimestt - DEBUG - Model tiny.en completed transcription in 0.19 seconds
2026-07-22 08:10:57.192 - RealTimeSTT: realtimestt - INFO - Setting listen time
2026-07-22 08:10:57.192 - RealTimeSTT: realtimestt - INFO - State changed from 'inactive' to 'listening'
2026-07-22 08:10:57.192 - RealTimeSTT: realtimestt - DEBUG - Waiting for recording start
2026-07-22 08:10:58.658 - RealTimeSTT: realtimestt - INFO - voice activity detected
2026-07-22 08:10:58.658 - RealTimeSTT: realtimestt - INFO - recording started
2026-07-22 08:10:58.658 - RealTimeSTT: realtimestt - INFO - State changed from 'listening' to 'recording'
2026-07-22 08:10:58.658 - RealTimeSTT: realtimestt - DEBUG - Waiting for recording stop
2026-07-22 08:11:03.007 - RealTimeSTT: realtimestt - INFO - recording stopped
2026-07-22 08:11:03.009 - RealTimeSTT: realtimestt - DEBUG - No samples removed, final audio length: 86016
2026-07-22 08:11:03.009 - RealTimeSTT: realtimestt - INFO - State changed from 'recording' to 'inactive'
2026-07-22 08:11:03.009 - RealTimeSTT: realtimestt - INFO - State changed from 'inactive' to 'transcribing'
2026-07-22 08:11:03.009 - RealTimeSTT: realtimestt - DEBUG - Adding transcription request, no early transcription started
2026-07-22 08:11:03.021 - RealTimeSTT: realtimestt - DEBUG - Receive from parent_transcription_pipe after sendiung transcription request, transcribe_count: 1
2026-07-22 08:11:03.122 - RealTimeSTT: realtimestt - DEBUG - Receive from parent_transcription_pipe after sendiung transcription request, transcribe_count: 1
2026-07-22 08:11:03.223 - RealTimeSTT: realtimestt - DEBUG - Receive from parent_transcription_pipe after sendiung transcription request, transcribe_count: 1
2026-07-22 08:11:03.289 - RealTimeSTT: realtimestt - INFO - State changed from 'transcribing' to 'inactive'
2026-07-22 08:11:03.290 - RealTimeSTT: realtimestt - DEBUG - Model tiny.en completed transcription in 0.28 seconds
2026-07-22 08:11:03.290 - RealTimeSTT: realtimestt - INFO - Setting listen time
2026-07-22 08:11:03.290 - RealTimeSTT: realtimestt - INFO - State changed from 'inactive' to 'listening'
2026-07-22 08:11:03.290 - RealTimeSTT: realtimestt - DEBUG - Waiting for recording start
2026-07-22 08:11:06.978 - RealTimeSTT: realtimestt - INFO - voice activity detected
2026-07-22 08:11:06.978 - RealTimeSTT: realtimestt - INFO - recording started
2026-07-22 08:11:06.978 - RealTimeSTT: realtimestt - INFO - State changed from 'listening' to 'recording'
2026-07-22 08:11:06.978 - RealTimeSTT: realtimestt - DEBUG - Waiting for recording stop
2026-07-22 08:11:10.438 - RealTimeSTT: realtimestt - INFO - recording stopped
2026-07-22 08:11:10.440 - RealTimeSTT: realtimestt - DEBUG - No samples removed, final audio length: 71680
2026-07-22 08:11:10.440 - RealTimeSTT: realtimestt - INFO - State changed from 'recording' to 'inactive'
2026-07-22 08:11:10.440 - RealTimeSTT: realtimestt - INFO - State changed from 'inactive' to 'transcribing'
2026-07-22 08:11:10.440 - RealTimeSTT: realtimestt - DEBUG - Adding transcription request, no early transcription started
2026-07-22 08:11:10.450 - RealTimeSTT: realtimestt - DEBUG - Receive from parent_transcription_pipe after sendiung transcription request, transcribe_count: 1
2026-07-22 08:11:10.551 - RealTimeSTT: realtimestt - DEBUG - Receive from parent_transcription_pipe after sendiung transcription request, transcribe_count: 1
2026-07-22 08:11:10.593 - RealTimeSTT: realtimestt - INFO - State changed from 'transcribing' to 'inactive'
2026-07-22 08:11:10.594 - RealTimeSTT: realtimestt - DEBUG - Model tiny.en completed transcription in 0.15 seconds
2026-07-22 08:11:10.594 - RealTimeSTT: realtimestt - INFO - Setting listen time
2026-07-22 08:11:10.594 - RealTimeSTT: realtimestt - INFO - State changed from 'inactive' to 'listening'
2026-07-22 08:11:10.594 - RealTimeSTT: realtimestt - DEBUG - Waiting for recording start
2026-07-22 08:11:13.568 - RealTimeSTT: realtimestt - INFO - voice activity detected
2026-07-22 08:11:13.568 - RealTimeSTT: realtimestt - INFO - recording started
2026-07-22 08:11:13.568 - RealTimeSTT: realtimestt - INFO - State changed from 'listening' to 'recording'
2026-07-22 08:11:13.568 - RealTimeSTT: realtimestt - DEBUG - Waiting for recording stop
2026-07-22 08:11:16.448 - RealTimeSTT: realtimestt - INFO - recording stopped
2026-07-22 08:11:16.449 - RealTimeSTT: realtimestt - DEBUG - No samples removed, final audio length: 62464
2026-07-22 08:11:16.449 - RealTimeSTT: realtimestt - INFO - State changed from 'recording' to 'inactive'
2026-07-22 08:11:16.449 - RealTimeSTT: realtimestt - INFO - State changed from 'inactive' to 'transcribing'
2026-07-22 08:11:16.449 - RealTimeSTT: realtimestt - DEBUG - Adding transcription request, no early transcription started
2026-07-22 08:11:16.452 - RealTimeSTT: realtimestt - DEBUG - Receive from parent_transcription_pipe after sendiung transcription request, transcribe_count: 1
2026-07-22 08:11:16.553 - RealTimeSTT: realtimestt - DEBUG - Receive from parent_transcription_pipe after sendiung transcription request, transcribe_count: 1
2026-07-22 08:11:16.619 - RealTimeSTT: realtimestt - INFO - State changed from 'transcribing' to 'inactive'
2026-07-22 08:11:16.620 - RealTimeSTT: realtimestt - DEBUG - Model tiny.en completed transcription in 0.17 seconds
2026-07-22 08:11:16.620 - RealTimeSTT: realtimestt - INFO - Setting listen time
2026-07-22 08:11:16.621 - RealTimeSTT: realtimestt - INFO - State changed from 'inactive' to 'listening'
2026-07-22 08:11:16.621 - RealTimeSTT: realtimestt - DEBUG - Waiting for recording start
2026-07-22 08:11:20.868 - RealTimeSTT: realtimestt - INFO - voice activity detected
2026-07-22 08:11:20.868 - RealTimeSTT: realtimestt - INFO - recording started
2026-07-22 08:11:20.868 - RealTimeSTT: realtimestt - INFO - State changed from 'listening' to 'recording'
2026-07-22 08:11:20.868 - RealTimeSTT: realtimestt - DEBUG - Waiting for recording stop
2026-07-22 08:11:23.678 - RealTimeSTT: realtimestt - INFO - recording stopped
2026-07-22 08:11:23.679 - RealTimeSTT: realtimestt - DEBUG - No samples removed, final audio length: 61440
2026-07-22 08:11:23.679 - RealTimeSTT: realtimestt - INFO - State changed from 'recording' to 'inactive'
2026-07-22 08:11:23.679 - RealTimeSTT: realtimestt - INFO - State changed from 'inactive' to 'transcribing'
2026-07-22 08:11:23.679 - RealTimeSTT: realtimestt - DEBUG - Adding transcription request, no early transcription started
2026-07-22 08:11:23.698 - RealTimeSTT: realtimestt - DEBUG - Receive from parent_transcription_pipe after sendiung transcription request, transcribe_count: 1
2026-07-22 08:11:23.798 - RealTimeSTT: realtimestt - DEBUG - Receive from parent_transcription_pipe after sendiung transcription request, transcribe_count: 1
2026-07-22 08:11:23.854 - RealTimeSTT: realtimestt - INFO - State changed from 'transcribing' to 'inactive'
2026-07-22 08:11:23.855 - RealTimeSTT: realtimestt - DEBUG - Model tiny.en completed transcription in 0.18 seconds
2026-07-22 08:11:23.855 - RealTimeSTT: realtimestt - INFO - Setting listen time
2026-07-22 08:11:23.855 - RealTimeSTT: realtimestt - INFO - State changed from 'inactive' to 'listening'
2026-07-22 08:11:23.855 - RealTimeSTT: realtimestt - DEBUG - Waiting for recording start
2026-07-22 08:11:25.478 - RealTimeSTT: realtimestt - INFO - voice activity detected
2026-07-22 08:11:25.478 - RealTimeSTT: realtimestt - INFO - recording started
2026-07-22 08:11:25.478 - RealTimeSTT: realtimestt - INFO - State changed from 'listening' to 'recording'
2026-07-22 08:11:25.478 - RealTimeSTT: realtimestt - DEBUG - Waiting for recording stop
2026-07-22 08:11:27.008 - RealTimeSTT: realtimestt - INFO - recording stopped
2026-07-22 08:11:27.009 - RealTimeSTT: realtimestt - DEBUG - No samples removed, final audio length: 40960
2026-07-22 08:11:27.009 - RealTimeSTT: realtimestt - INFO - State changed from 'recording' to 'inactive'
2026-07-22 08:11:27.009 - RealTimeSTT: realtimestt - INFO - State changed from 'inactive' to 'transcribing'
2026-07-22 08:11:27.009 - RealTimeSTT: realtimestt - DEBUG - Adding transcription request, no early transcription started
2026-07-22 08:11:27.009 - RealTimeSTT: realtimestt - DEBUG - Receive from parent_transcription_pipe after sendiung transcription request, transcribe_count: 1
2026-07-22 08:11:27.109 - RealTimeSTT: realtimestt - DEBUG - Receive from parent_transcription_pipe after sendiung transcription request, transcribe_count: 1
2026-07-22 08:11:27.165 - RealTimeSTT: realtimestt - INFO - State changed from 'transcribing' to 'inactive'
2026-07-22 08:11:27.166 - RealTimeSTT: realtimestt - DEBUG - Model tiny.en completed transcription in 0.16 seconds
2026-07-22 08:11:27.166 - RealTimeSTT: realtimestt - INFO - Setting listen time
2026-07-22 08:11:27.166 - RealTimeSTT: realtimestt - INFO - State changed from 'inactive' to 'listening'
2026-07-22 08:11:27.166 - RealTimeSTT: realtimestt - DEBUG - Waiting for recording start
2026-07-22 08:11:27.908 - RealTimeSTT: realtimestt - INFO - voice activity detected
2026-07-22 08:11:27.908 - RealTimeSTT: realtimestt - INFO - recording started
2026-07-22 08:11:27.908 - RealTimeSTT: realtimestt - INFO - State changed from 'listening' to 'recording'
2026-07-22 08:11:27.908 - RealTimeSTT: realtimestt - DEBUG - Waiting for recording stop
2026-07-22 08:11:33.988 - RealTimeSTT: realtimestt - INFO - recording stopped
2026-07-22 08:11:33.990 - RealTimeSTT: realtimestt - DEBUG - No samples removed, final audio length: 112128
2026-07-22 08:11:33.990 - RealTimeSTT: realtimestt - INFO - State changed from 'recording' to 'inactive'
2026-07-22 08:11:33.990 - RealTimeSTT: realtimestt - INFO - State changed from 'inactive' to 'transcribing'
2026-07-22 08:11:33.990 - RealTimeSTT: realtimestt - DEBUG - Adding transcription request, no early transcription started
2026-07-22 08:11:33.994 - RealTimeSTT: realtimestt - DEBUG - Receive from parent_transcription_pipe after sendiung transcription request, transcribe_count: 1
2026-07-22 08:11:34.095 - RealTimeSTT: realtimestt - DEBUG - Receive from parent_transcription_pipe after sendiung transcription request, transcribe_count: 1
2026-07-22 08:11:34.180 - RealTimeSTT: realtimestt - INFO - State changed from 'transcribing' to 'inactive'
2026-07-22 08:11:34.182 - RealTimeSTT: realtimestt - DEBUG - Model tiny.en completed transcription in 0.19 seconds
2026-07-22 08:11:34.182 - RealTimeSTT: realtimestt - INFO - Setting listen time
2026-07-22 08:11:34.182 - RealTimeSTT: realtimestt - INFO - State changed from 'inactive' to 'listening'
2026-07-22 08:11:34.182 - RealTimeSTT: realtimestt - DEBUG - Waiting for recording start
2026-07-22 08:11:34.948 - RealTimeSTT: realtimestt - INFO - voice activity detected
2026-07-22 08:11:34.948 - RealTimeSTT: realtimestt - INFO - recording started
2026-07-22 08:11:34.948 - RealTimeSTT: realtimestt - INFO - State changed from 'listening' to 'recording'
2026-07-22 08:11:34.948 - RealTimeSTT: realtimestt - DEBUG - Waiting for recording stop
2026-07-22 08:11:37.508 - RealTimeSTT: realtimestt - INFO - recording stopped
2026-07-22 08:11:37.509 - RealTimeSTT: realtimestt - DEBUG - No samples removed, final audio length: 56832
2026-07-22 08:11:37.509 - RealTimeSTT: realtimestt - INFO - State changed from 'recording' to 'inactive'
2026-07-22 08:11:37.509 - RealTimeSTT: realtimestt - INFO - State changed from 'inactive' to 'transcribing'
2026-07-22 08:11:37.509 - RealTimeSTT: realtimestt - DEBUG - Adding transcription request, no early transcription started
2026-07-22 08:11:37.514 - RealTimeSTT: realtimestt - DEBUG - Receive from parent_transcription_pipe after sendiung transcription request, transcribe_count: 1
2026-07-22 08:11:37.614 - RealTimeSTT: realtimestt - DEBUG - Receive from parent_transcription_pipe after sendiung transcription request, transcribe_count: 1
2026-07-22 08:11:37.683 - RealTimeSTT: realtimestt - INFO - State changed from 'transcribing' to 'inactive'
2026-07-22 08:11:37.684 - RealTimeSTT: realtimestt - DEBUG - Model tiny.en completed transcription in 0.17 seconds
2026-07-22 08:11:37.684 - RealTimeSTT: realtimestt - INFO - Setting listen time
2026-07-22 08:11:37.684 - RealTimeSTT: realtimestt - INFO - State changed from 'inactive' to 'listening'
2026-07-22 08:11:37.684 - RealTimeSTT: realtimestt - DEBUG - Waiting for recording start
2026-07-22 08:11:39.748 - RealTimeSTT: realtimestt - INFO - voice activity detected
2026-07-22 08:11:39.748 - RealTimeSTT: realtimestt - INFO - recording started
2026-07-22 08:11:39.748 - RealTimeSTT: realtimestt - INFO - State changed from 'listening' to 'recording'
2026-07-22 08:11:39.748 - RealTimeSTT: realtimestt - DEBUG - Waiting for recording stop
2026-07-22 08:11:43.199 - RealTimeSTT: realtimestt - INFO - recording stopped
2026-07-22 08:11:43.200 - RealTimeSTT: realtimestt - DEBUG - No samples removed, final audio length: 71680
2026-07-22 08:11:43.200 - RealTimeSTT: realtimestt - INFO - State changed from 'recording' to 'inactive'
2026-07-22 08:11:43.200 - RealTimeSTT: realtimestt - INFO - State changed from 'inactive' to 'transcribing'
2026-07-22 08:11:43.200 - RealTimeSTT: realtimestt - DEBUG - Adding transcription request, no early transcription started
2026-07-22 08:11:43.211 - RealTimeSTT: realtimestt - DEBUG - Receive from parent_transcription_pipe after sendiung transcription request, transcribe_count: 1
2026-07-22 08:11:43.311 - RealTimeSTT: realtimestt - DEBUG - Receive from parent_transcription_pipe after sendiung transcription request, transcribe_count: 1
2026-07-22 08:11:43.412 - RealTimeSTT: realtimestt - DEBUG - Receive from parent_transcription_pipe after sendiung transcription request, transcribe_count: 1
2026-07-22 08:11:43.418 - RealTimeSTT: realtimestt - INFO - State changed from 'transcribing' to 'inactive'
2026-07-22 08:11:43.419 - RealTimeSTT: realtimestt - DEBUG - Model tiny.en completed transcription in 0.22 seconds
2026-07-22 08:11:43.419 - RealTimeSTT: realtimestt - INFO - Setting listen time
2026-07-22 08:11:43.419 - RealTimeSTT: realtimestt - INFO - State changed from 'inactive' to 'listening'
2026-07-22 08:11:43.419 - RealTimeSTT: realtimestt - DEBUG - Waiting for recording start
2026-07-22 08:11:45.758 - RealTimeSTT: realtimestt - INFO - voice activity detected
2026-07-22 08:11:45.758 - RealTimeSTT: realtimestt - INFO - recording started
2026-07-22 08:11:45.758 - RealTimeSTT: realtimestt - INFO - State changed from 'listening' to 'recording'
2026-07-22 08:11:45.758 - RealTimeSTT: realtimestt - DEBUG - Waiting for recording stop
2026-07-22 08:11:49.858 - RealTimeSTT: realtimestt - INFO - recording stopped
2026-07-22 08:11:49.859 - RealTimeSTT: realtimestt - DEBUG - No samples removed, final audio length: 81920
2026-07-22 08:11:49.859 - RealTimeSTT: realtimestt - INFO - State changed from 'recording' to 'inactive'
2026-07-22 08:11:49.860 - RealTimeSTT: realtimestt - INFO - State changed from 'inactive' to 'transcribing'
2026-07-22 08:11:49.860 - RealTimeSTT: realtimestt - DEBUG - Adding transcription request, no early transcription started
2026-07-22 08:11:49.860 - RealTimeSTT: realtimestt - DEBUG - Receive from parent_transcription_pipe after sendiung transcription request, transcribe_count: 1
2026-07-22 08:11:49.962 - RealTimeSTT: realtimestt - DEBUG - Receive from parent_transcription_pipe after sendiung transcription request, transcribe_count: 1
2026-07-22 08:11:50.020 - RealTimeSTT: realtimestt - INFO - State changed from 'transcribing' to 'inactive'
2026-07-22 08:11:50.021 - RealTimeSTT: realtimestt - DEBUG - Model tiny.en completed transcription in 0.16 seconds
2026-07-22 08:11:50.021 - RealTimeSTT: realtimestt - INFO - Setting listen time
2026-07-22 08:11:50.021 - RealTimeSTT: realtimestt - INFO - State changed from 'inactive' to 'listening'
2026-07-22 08:11:50.021 - RealTimeSTT: realtimestt - DEBUG - Waiting for recording start
2026-07-22 08:11:51.008 - RealTimeSTT: realtimestt - INFO - voice activity detected
2026-07-22 08:11:51.008 - RealTimeSTT: realtimestt - INFO - recording started
2026-07-22 08:11:51.008 - RealTimeSTT: realtimestt - INFO - State changed from 'listening' to 'recording'
2026-07-22 08:11:51.008 - RealTimeSTT: realtimestt - DEBUG - Waiting for recording stop
2026-07-22 08:11:53.509 - RealTimeSTT: realtimestt - INFO - recording stopped
2026-07-22 08:11:53.510 - RealTimeSTT: realtimestt - DEBUG - No samples removed, final audio length: 56320
2026-07-22 08:11:53.510 - RealTimeSTT: realtimestt - INFO - State changed from 'recording' to 'inactive'
2026-07-22 08:11:53.510 - RealTimeSTT: realtimestt - INFO - State changed from 'inactive' to 'transcribing'
2026-07-22 08:11:53.510 - RealTimeSTT: realtimestt - DEBUG - Adding transcription request, no early transcription started
2026-07-22 08:11:53.511 - RealTimeSTT: realtimestt - DEBUG - Receive from parent_transcription_pipe after sendiung transcription request, transcribe_count: 1
2026-07-22 08:11:53.611 - RealTimeSTT: realtimestt - DEBUG - Receive from parent_transcription_pipe after sendiung transcription request, transcribe_count: 1
2026-07-22 08:11:53.709 - RealTimeSTT: realtimestt - INFO - State changed from 'transcribing' to 'inactive'
2026-07-22 08:11:53.710 - RealTimeSTT: realtimestt - DEBUG - Model tiny.en completed transcription in 0.20 seconds
2026-07-22 08:11:53.710 - RealTimeSTT: realtimestt - INFO - Setting listen time
2026-07-22 08:11:53.710 - RealTimeSTT: realtimestt - INFO - State changed from 'inactive' to 'listening'
2026-07-22 08:11:53.710 - RealTimeSTT: realtimestt - DEBUG - Waiting for recording start
2026-07-22 08:11:54.208 - RealTimeSTT: realtimestt - INFO - voice activity detected
2026-07-22 08:11:54.208 - RealTimeSTT: realtimestt - INFO - recording started
2026-07-22 08:11:54.208 - RealTimeSTT: realtimestt - INFO - State changed from 'listening' to 'recording'
2026-07-22 08:11:54.208 - RealTimeSTT: realtimestt - DEBUG - Waiting for recording stop
2026-07-22 08:11:57.988 - RealTimeSTT: realtimestt - INFO - recording stopped
2026-07-22 08:11:57.990 - RealTimeSTT: realtimestt - DEBUG - No samples removed, final audio length: 72192
2026-07-22 08:11:57.990 - RealTimeSTT: realtimestt - INFO - State changed from 'recording' to 'inactive'
2026-07-22 08:11:57.990 - RealTimeSTT: realtimestt - INFO - State changed from 'inactive' to 'transcribing'
2026-07-22 08:11:57.990 - RealTimeSTT: realtimestt - DEBUG - Adding transcription request, no early transcription started
2026-07-22 08:11:57.990 - RealTimeSTT: realtimestt - DEBUG - Receive from parent_transcription_pipe after sendiung transcription request, transcribe_count: 1
2026-07-22 08:11:58.090 - RealTimeSTT: realtimestt - DEBUG - Receive from parent_transcription_pipe after sendiung transcription request, transcribe_count: 1
2026-07-22 08:11:58.146 - RealTimeSTT: realtimestt - INFO - State changed from 'transcribing' to 'inactive'
2026-07-22 08:11:58.147 - RealTimeSTT: realtimestt - DEBUG - Model tiny.en completed transcription in 0.16 seconds
2026-07-22 08:11:58.147 - RealTimeSTT: realtimestt - INFO - Setting listen time
2026-07-22 08:11:58.147 - RealTimeSTT: realtimestt - INFO - State changed from 'inactive' to 'listening'
2026-07-22 08:11:58.147 - RealTimeSTT: realtimestt - DEBUG - Waiting for recording start
2026-07-22 08:11:58.558 - RealTimeSTT: realtimestt - INFO - voice activity detected
2026-07-22 08:11:58.558 - RealTimeSTT: realtimestt - INFO - recording started
2026-07-22 08:11:58.558 - RealTimeSTT: realtimestt - INFO - State changed from 'listening' to 'recording'
2026-07-22 08:11:58.558 - RealTimeSTT: realtimestt - DEBUG - Waiting for recording stop
2026-07-22 08:11:59.648 - RealTimeSTT: realtimestt - INFO - recording stopped
2026-07-22 08:11:59.649 - RealTimeSTT: realtimestt - DEBUG - No samples removed, final audio length: 27136
2026-07-22 08:11:59.649 - RealTimeSTT: realtimestt - INFO - State changed from 'recording' to 'inactive'
2026-07-22 08:11:59.649 - RealTimeSTT: realtimestt - INFO - State changed from 'inactive' to 'transcribing'
2026-07-22 08:11:59.649 - RealTimeSTT: realtimestt - DEBUG - Adding transcription request, no early transcription started
2026-07-22 08:11:59.656 - RealTimeSTT: realtimestt - DEBUG - Receive from parent_transcription_pipe after sendiung transcription request, transcribe_count: 1
2026-07-22 08:11:59.757 - RealTimeSTT: realtimestt - DEBUG - Receive from parent_transcription_pipe after sendiung transcription request, transcribe_count: 1
2026-07-22 08:11:59.822 - RealTimeSTT: realtimestt - INFO - State changed from 'transcribing' to 'inactive'
2026-07-22 08:11:59.822 - RealTimeSTT: realtimestt - DEBUG - Model tiny.en completed transcription in 0.17 seconds
2026-07-22 08:11:59.822 - RealTimeSTT: realtimestt - INFO - Setting listen time
2026-07-22 08:11:59.822 - RealTimeSTT: realtimestt - INFO - State changed from 'inactive' to 'listening'
2026-07-22 08:11:59.823 - RealTimeSTT: realtimestt - DEBUG - Waiting for recording start
2026-07-22 08:12:03.169 - RealTimeSTT: realtimestt - INFO - voice activity detected
2026-07-22 08:12:03.169 - RealTimeSTT: realtimestt - INFO - recording started
2026-07-22 08:12:03.169 - RealTimeSTT: realtimestt - INFO - State changed from 'listening' to 'recording'
2026-07-22 08:12:03.169 - RealTimeSTT: realtimestt - DEBUG - Waiting for recording stop
2026-07-22 08:12:05.408 - RealTimeSTT: realtimestt - INFO - recording stopped
2026-07-22 08:12:05.409 - RealTimeSTT: realtimestt - DEBUG - No samples removed, final audio length: 52224
2026-07-22 08:12:05.409 - RealTimeSTT: realtimestt - INFO - State changed from 'recording' to 'inactive'
2026-07-22 08:12:05.410 - RealTimeSTT: realtimestt - INFO - State changed from 'inactive' to 'transcribing'
2026-07-22 08:12:05.410 - RealTimeSTT: realtimestt - DEBUG - Adding transcription request, no early transcription started
2026-07-22 08:12:05.410 - RealTimeSTT: realtimestt - DEBUG - Receive from parent_transcription_pipe after sendiung transcription request, transcribe_count: 1
2026-07-22 08:12:05.510 - RealTimeSTT: realtimestt - DEBUG - Receive from parent_transcription_pipe after sendiung transcription request, transcribe_count: 1
2026-07-22 08:12:05.575 - RealTimeSTT: realtimestt - INFO - State changed from 'transcribing' to 'inactive'
2026-07-22 08:12:05.576 - RealTimeSTT: realtimestt - DEBUG - Model tiny.en completed transcription in 0.17 seconds
2026-07-22 08:12:05.576 - RealTimeSTT: realtimestt - INFO - Setting listen time
2026-07-22 08:12:05.576 - RealTimeSTT: realtimestt - INFO - State changed from 'inactive' to 'listening'
2026-07-22 08:12:05.577 - RealTimeSTT: realtimestt - DEBUG - Waiting for recording start
2026-07-22 08:12:07.839 - RealTimeSTT: realtimestt - INFO - voice activity detected
2026-07-22 08:12:07.839 - RealTimeSTT: realtimestt - INFO - recording started
2026-07-22 08:12:07.839 - RealTimeSTT: realtimestt - INFO - State changed from 'listening' to 'recording'
2026-07-22 08:12:07.839 - RealTimeSTT: realtimestt - DEBUG - Waiting for recording stop
2026-07-22 08:12:10.789 - RealTimeSTT: realtimestt - INFO - recording stopped
2026-07-22 08:12:10.790 - RealTimeSTT: realtimestt - DEBUG - No samples removed, final audio length: 63488
2026-07-22 08:12:10.791 - RealTimeSTT: realtimestt - INFO - State changed from 'recording' to 'inactive'
2026-07-22 08:12:10.791 - RealTimeSTT: realtimestt - INFO - State changed from 'inactive' to 'transcribing'
2026-07-22 08:12:10.791 - RealTimeSTT: realtimestt - DEBUG - Adding transcription request, no early transcription started
2026-07-22 08:12:10.805 - RealTimeSTT: realtimestt - DEBUG - Receive from parent_transcription_pipe after sendiung transcription request, transcribe_count: 1
2026-07-22 08:12:10.906 - RealTimeSTT: realtimestt - DEBUG - Receive from parent_transcription_pipe after sendiung transcription request, transcribe_count: 1
2026-07-22 08:12:10.982 - RealTimeSTT: realtimestt - INFO - State changed from 'transcribing' to 'inactive'
2026-07-22 08:12:10.983 - RealTimeSTT: realtimestt - DEBUG - Model tiny.en completed transcription in 0.19 seconds
2026-07-22 08:12:10.983 - RealTimeSTT: realtimestt - INFO - Setting listen time
2026-07-22 08:12:10.983 - RealTimeSTT: realtimestt - INFO - State changed from 'inactive' to 'listening'
2026-07-22 08:12:10.983 - RealTimeSTT: realtimestt - DEBUG - Waiting for recording start
2026-07-22 08:12:13.729 - RealTimeSTT: realtimestt - INFO - voice activity detected
2026-07-22 08:12:13.729 - RealTimeSTT: realtimestt - INFO - recording started
2026-07-22 08:12:13.729 - RealTimeSTT: realtimestt - INFO - State changed from 'listening' to 'recording'
2026-07-22 08:12:13.729 - RealTimeSTT: realtimestt - DEBUG - Waiting for recording stop
2026-07-22 08:12:20.579 - RealTimeSTT: realtimestt - INFO - recording stopped
2026-07-22 08:12:20.580 - RealTimeSTT: realtimestt - DEBUG - No samples removed, final audio length: 125952
2026-07-22 08:12:20.581 - RealTimeSTT: realtimestt - INFO - State changed from 'recording' to 'inactive'
2026-07-22 08:12:20.581 - RealTimeSTT: realtimestt - INFO - State changed from 'inactive' to 'transcribing'
2026-07-22 08:12:20.581 - RealTimeSTT: realtimestt - DEBUG - Adding transcription request, no early transcription started
2026-07-22 08:12:20.587 - RealTimeSTT: realtimestt - DEBUG - Receive from parent_transcription_pipe after sendiung transcription request, transcribe_count: 1
2026-07-22 08:12:20.687 - RealTimeSTT: realtimestt - DEBUG - Receive from parent_transcription_pipe after sendiung transcription request, transcribe_count: 1
2026-07-22 08:12:20.787 - RealTimeSTT: realtimestt - DEBUG - Receive from parent_transcription_pipe after sendiung transcription request, transcribe_count: 1
2026-07-22 08:12:20.887 - RealTimeSTT: realtimestt - DEBUG - Receive from parent_transcription_pipe after sendiung transcription request, transcribe_count: 1
2026-07-22 08:12:20.888 - RealTimeSTT: realtimestt - INFO - State changed from 'transcribing' to 'inactive'
2026-07-22 08:12:20.890 - RealTimeSTT: realtimestt - DEBUG - Model tiny.en completed transcription in 0.31 seconds
2026-07-22 08:12:20.890 - RealTimeSTT: realtimestt - INFO - Setting listen time
2026-07-22 08:12:20.890 - RealTimeSTT: realtimestt - INFO - State changed from 'inactive' to 'listening'
2026-07-22 08:12:20.890 - RealTimeSTT: realtimestt - DEBUG - Waiting for recording start
2026-07-22 08:12:22.310 - RealTimeSTT: realtimestt - INFO - voice activity detected
2026-07-22 08:12:22.310 - RealTimeSTT: realtimestt - INFO - recording started
2026-07-22 08:12:22.310 - RealTimeSTT: realtimestt - INFO - State changed from 'listening' to 'recording'
2026-07-22 08:12:22.310 - RealTimeSTT: realtimestt - DEBUG - Waiting for recording stop
2026-07-22 08:12:22.949 - RealTimeSTT: realtimestt - INFO - recording stopped
2026-07-22 08:12:22.949 - RealTimeSTT: realtimestt - DEBUG - No samples removed, final audio length: 26624
2026-07-22 08:12:22.949 - RealTimeSTT: realtimestt - INFO - State changed from 'recording' to 'inactive'
2026-07-22 08:12:22.949 - RealTimeSTT: realtimestt - INFO - State changed from 'inactive' to 'transcribing'
2026-07-22 08:12:22.949 - RealTimeSTT: realtimestt - DEBUG - Adding transcription request, no early transcription started
2026-07-22 08:12:22.950 - RealTimeSTT: realtimestt - DEBUG - Receive from parent_transcription_pipe after sendiung transcription request, transcribe_count: 1
2026-07-22 08:12:22.952 - RealTimeSTT: realtimestt - INFO - State changed from 'transcribing' to 'inactive'
2026-07-22 08:12:22.952 - RealTimeSTT: realtimestt - DEBUG - Model tiny.en completed transcription in 0.00 seconds
2026-07-22 08:12:22.952 - RealTimeSTT: realtimestt - INFO - Setting listen time
2026-07-22 08:12:22.952 - RealTimeSTT: realtimestt - INFO - State changed from 'inactive' to 'listening'
2026-07-22 08:12:22.952 - RealTimeSTT: realtimestt - DEBUG - Waiting for recording start
2026-07-22 08:12:24.479 - RealTimeSTT: realtimestt - INFO - voice activity detected
2026-07-22 08:12:24.479 - RealTimeSTT: realtimestt - INFO - recording started
2026-07-22 08:12:24.479 - RealTimeSTT: realtimestt - INFO - State changed from 'listening' to 'recording'
2026-07-22 08:12:24.479 - RealTimeSTT: realtimestt - DEBUG - Waiting for recording stop
2026-07-22 08:12:25.192 - RealTimeSTT: realtimestt - INFO - recording stopped
2026-07-22 08:12:25.193 - RealTimeSTT: realtimestt - DEBUG - No samples removed, final audio length: 27648
2026-07-22 08:12:25.193 - RealTimeSTT: realtimestt - INFO - State changed from 'recording' to 'inactive'
2026-07-22 08:12:25.193 - RealTimeSTT: realtimestt - INFO - State changed from 'inactive' to 'transcribing'
2026-07-22 08:12:25.193 - RealTimeSTT: realtimestt - DEBUG - Adding transcription request, no early transcription started
2026-07-22 08:12:25.208 - RealTimeSTT: realtimestt - DEBUG - Receive from parent_transcription_pipe after sendiung transcription request, transcribe_count: 1
2026-07-22 08:12:25.310 - RealTimeSTT: realtimestt - DEBUG - Receive from parent_transcription_pipe after sendiung transcription request, transcribe_count: 1
2026-07-22 08:12:25.351 - RealTimeSTT: realtimestt - INFO - State changed from 'transcribing' to 'inactive'
2026-07-22 08:12:25.351 - RealTimeSTT: realtimestt - DEBUG - Model tiny.en completed transcription in 0.16 seconds
2026-07-22 08:12:25.352 - RealTimeSTT: realtimestt - INFO - Setting listen time
2026-07-22 08:12:25.352 - RealTimeSTT: realtimestt - INFO - State changed from 'inactive' to 'listening'
2026-07-22 08:12:25.352 - RealTimeSTT: realtimestt - DEBUG - Waiting for recording start
2026-07-22 08:12:26.079 - RealTimeSTT: realtimestt - INFO - voice activity detected
2026-07-22 08:12:26.079 - RealTimeSTT: realtimestt - INFO - recording started
2026-07-22 08:12:26.079 - RealTimeSTT: realtimestt - INFO - State changed from 'listening' to 'recording'
2026-07-22 08:12:26.079 - RealTimeSTT: realtimestt - DEBUG - Waiting for recording stop
2026-07-22 08:12:27.939 - RealTimeSTT: realtimestt - INFO - recording stopped
2026-07-22 08:12:27.940 - RealTimeSTT: realtimestt - DEBUG - No samples removed, final audio length: 44544
2026-07-22 08:12:27.940 - RealTimeSTT: realtimestt - INFO - State changed from 'recording' to 'inactive'
2026-07-22 08:12:27.940 - RealTimeSTT: realtimestt - INFO - State changed from 'inactive' to 'transcribing'
2026-07-22 08:12:27.940 - RealTimeSTT: realtimestt - DEBUG - Adding transcription request, no early transcription started
2026-07-22 08:12:27.940 - RealTimeSTT: realtimestt - DEBUG - Receive from parent_transcription_pipe after sendiung transcription request, transcribe_count: 1
2026-07-22 08:12:28.040 - RealTimeSTT: realtimestt - DEBUG - Receive from parent_transcription_pipe after sendiung transcription request, transcribe_count: 1
2026-07-22 08:12:28.101 - RealTimeSTT: realtimestt - INFO - State changed from 'transcribing' to 'inactive'
2026-07-22 08:12:28.102 - RealTimeSTT: realtimestt - DEBUG - Model tiny.en completed transcription in 0.16 seconds
2026-07-22 08:12:28.102 - RealTimeSTT: realtimestt - INFO - Setting listen time
2026-07-22 08:12:28.102 - RealTimeSTT: realtimestt - INFO - State changed from 'inactive' to 'listening'
2026-07-22 08:12:28.102 - RealTimeSTT: realtimestt - DEBUG - Waiting for recording start
2026-07-22 08:12:30.439 - RealTimeSTT: realtimestt - INFO - voice activity detected
2026-07-22 08:12:30.439 - RealTimeSTT: realtimestt - INFO - recording started
2026-07-22 08:12:30.439 - RealTimeSTT: realtimestt - INFO - State changed from 'listening' to 'recording'
2026-07-22 08:12:30.439 - RealTimeSTT: realtimestt - DEBUG - Waiting for recording stop
2026-07-22 08:12:31.969 - RealTimeSTT: realtimestt - INFO - recording stopped
2026-07-22 08:12:31.970 - RealTimeSTT: realtimestt - DEBUG - No samples removed, final audio length: 40960
2026-07-22 08:12:31.970 - RealTimeSTT: realtimestt - INFO - State changed from 'recording' to 'inactive'
2026-07-22 08:12:31.970 - RealTimeSTT: realtimestt - INFO - State changed from 'inactive' to 'transcribing'
2026-07-22 08:12:31.970 - RealTimeSTT: realtimestt - DEBUG - Adding transcription request, no early transcription started
2026-07-22 08:12:31.985 - RealTimeSTT: realtimestt - DEBUG - Receive from parent_transcription_pipe after sendiung transcription request, transcribe_count: 1
2026-07-22 08:12:32.086 - RealTimeSTT: realtimestt - DEBUG - Receive from parent_transcription_pipe after sendiung transcription request, transcribe_count: 1
2026-07-22 08:12:32.136 - RealTimeSTT: realtimestt - INFO - State changed from 'transcribing' to 'inactive'
2026-07-22 08:12:32.137 - RealTimeSTT: realtimestt - DEBUG - Model tiny.en completed transcription in 0.17 seconds
2026-07-22 08:12:32.137 - RealTimeSTT: realtimestt - INFO - Setting listen time
2026-07-22 08:12:32.137 - RealTimeSTT: realtimestt - INFO - State changed from 'inactive' to 'listening'
2026-07-22 08:12:32.137 - RealTimeSTT: realtimestt - DEBUG - Waiting for recording start
2026-07-22 08:12:32.870 - RealTimeSTT: realtimestt - INFO - voice activity detected
2026-07-22 08:12:32.870 - RealTimeSTT: realtimestt - INFO - recording started
2026-07-22 08:12:32.870 - RealTimeSTT: realtimestt - INFO - State changed from 'listening' to 'recording'
2026-07-22 08:12:32.870 - RealTimeSTT: realtimestt - DEBUG - Waiting for recording stop
2026-07-22 08:12:33.569 - RealTimeSTT: realtimestt - INFO - recording stopped
2026-07-22 08:12:33.569 - RealTimeSTT: realtimestt - DEBUG - No samples removed, final audio length: 26112
2026-07-22 08:12:33.570 - RealTimeSTT: realtimestt - INFO - State changed from 'recording' to 'inactive'
2026-07-22 08:12:33.570 - RealTimeSTT: realtimestt - INFO - State changed from 'inactive' to 'transcribing'
2026-07-22 08:12:33.570 - RealTimeSTT: realtimestt - DEBUG - Adding transcription request, no early transcription started
2026-07-22 08:12:33.584 - RealTimeSTT: realtimestt - DEBUG - Receive from parent_transcription_pipe after sendiung transcription request, transcribe_count: 1
2026-07-22 08:12:33.685 - RealTimeSTT: realtimestt - DEBUG - Receive from parent_transcription_pipe after sendiung transcription request, transcribe_count: 1
2026-07-22 08:12:33.726 - RealTimeSTT: realtimestt - INFO - State changed from 'transcribing' to 'inactive'
2026-07-22 08:12:33.726 - RealTimeSTT: realtimestt - DEBUG - Model tiny.en completed transcription in 0.16 seconds
2026-07-22 08:12:33.726 - RealTimeSTT: realtimestt - INFO - Setting listen time
2026-07-22 08:12:33.726 - RealTimeSTT: realtimestt - INFO - State changed from 'inactive' to 'listening'
2026-07-22 08:12:33.726 - RealTimeSTT: realtimestt - DEBUG - Waiting for recording start
2026-07-22 08:12:36.899 - RealTimeSTT: realtimestt - INFO - voice activity detected
2026-07-22 08:12:36.899 - RealTimeSTT: realtimestt - INFO - recording started
2026-07-22 08:12:36.899 - RealTimeSTT: realtimestt - INFO - State changed from 'listening' to 'recording'
2026-07-22 08:12:36.899 - RealTimeSTT: realtimestt - DEBUG - Waiting for recording stop
2026-07-22 08:12:38.119 - RealTimeSTT: realtimestt - INFO - recording stopped
2026-07-22 08:12:38.120 - RealTimeSTT: realtimestt - DEBUG - No samples removed, final audio length: 35840
2026-07-22 08:12:38.120 - RealTimeSTT: realtimestt - INFO - State changed from 'recording' to 'inactive'
2026-07-22 08:12:38.120 - RealTimeSTT: realtimestt - INFO - State changed from 'inactive' to 'transcribing'
2026-07-22 08:12:38.120 - RealTimeSTT: realtimestt - DEBUG - Adding transcription request, no early transcription started
2026-07-22 08:12:38.129 - RealTimeSTT: realtimestt - DEBUG - Receive from parent_transcription_pipe after sendiung transcription request, transcribe_count: 1
2026-07-22 08:12:38.230 - RealTimeSTT: realtimestt - DEBUG - Receive from parent_transcription_pipe after sendiung transcription request, transcribe_count: 1
2026-07-22 08:12:38.278 - RealTimeSTT: realtimestt - INFO - State changed from 'transcribing' to 'inactive'
2026-07-22 08:12:38.279 - RealTimeSTT: realtimestt - DEBUG - Model tiny.en completed transcription in 0.16 seconds
2026-07-22 08:12:38.279 - RealTimeSTT: realtimestt - INFO - Setting listen time
2026-07-22 08:12:38.279 - RealTimeSTT: realtimestt - INFO - State changed from 'inactive' to 'listening'
2026-07-22 08:12:38.279 - RealTimeSTT: realtimestt - DEBUG - Waiting for recording start
2026-07-22 08:12:41.829 - RealTimeSTT: realtimestt - INFO - voice activity detected
2026-07-22 08:12:41.829 - RealTimeSTT: realtimestt - INFO - recording started
2026-07-22 08:12:41.829 - RealTimeSTT: realtimestt - INFO - State changed from 'listening' to 'recording'
2026-07-22 08:12:41.829 - RealTimeSTT: realtimestt - DEBUG - Waiting for recording stop
2026-07-22 08:12:46.879 - RealTimeSTT: realtimestt - INFO - recording stopped
2026-07-22 08:12:46.881 - RealTimeSTT: realtimestt - DEBUG - No samples removed, final audio length: 97280
2026-07-22 08:12:46.881 - RealTimeSTT: realtimestt - INFO - State changed from 'recording' to 'inactive'
2026-07-22 08:12:46.881 - RealTimeSTT: realtimestt - INFO - State changed from 'inactive' to 'transcribing'
2026-07-22 08:12:46.881 - RealTimeSTT: realtimestt - DEBUG - Adding transcription request, no early transcription started
2026-07-22 08:12:46.896 - RealTimeSTT: realtimestt - DEBUG - Receive from parent_transcription_pipe after sendiung transcription request, transcribe_count: 1
2026-07-22 08:12:46.996 - RealTimeSTT: realtimestt - DEBUG - Receive from parent_transcription_pipe after sendiung transcription request, transcribe_count: 1
2026-07-22 08:12:47.097 - RealTimeSTT: realtimestt - DEBUG - Receive from parent_transcription_pipe after sendiung transcription request, transcribe_count: 1
2026-07-22 08:12:47.122 - RealTimeSTT: realtimestt - INFO - State changed from 'transcribing' to 'inactive'
2026-07-22 08:12:47.123 - RealTimeSTT: realtimestt - DEBUG - Model tiny.en completed transcription in 0.24 seconds
2026-07-22 08:12:47.124 - RealTimeSTT: realtimestt - INFO - Setting listen time
2026-07-22 08:12:47.124 - RealTimeSTT: realtimestt - INFO - State changed from 'inactive' to 'listening'
2026-07-22 08:12:47.124 - RealTimeSTT: realtimestt - DEBUG - Waiting for recording start
2026-07-22 08:12:48.609 - RealTimeSTT: realtimestt - INFO - voice activity detected
2026-07-22 08:12:48.609 - RealTimeSTT: realtimestt - INFO - recording started
2026-07-22 08:12:48.609 - RealTimeSTT: realtimestt - INFO - State changed from 'listening' to 'recording'
2026-07-22 08:12:48.609 - RealTimeSTT: realtimestt - DEBUG - Waiting for recording stop
2026-07-22 08:12:50.919 - RealTimeSTT: realtimestt - INFO - recording stopped
2026-07-22 08:12:50.920 - RealTimeSTT: realtimestt - DEBUG - No samples removed, final audio length: 53248
2026-07-22 08:12:50.920 - RealTimeSTT: realtimestt - INFO - State changed from 'recording' to 'inactive'
2026-07-22 08:12:50.920 - RealTimeSTT: realtimestt - INFO - State changed from 'inactive' to 'transcribing'
2026-07-22 08:12:50.920 - RealTimeSTT: realtimestt - DEBUG - Adding transcription request, no early transcription started
2026-07-22 08:12:50.924 - RealTimeSTT: realtimestt - DEBUG - Receive from parent_transcription_pipe after sendiung transcription request, transcribe_count: 1
2026-07-22 08:12:51.025 - RealTimeSTT: realtimestt - DEBUG - Receive from parent_transcription_pipe after sendiung transcription request, transcribe_count: 1
2026-07-22 08:12:51.093 - RealTimeSTT: realtimestt - INFO - State changed from 'transcribing' to 'inactive'
2026-07-22 08:12:51.094 - RealTimeSTT: realtimestt - DEBUG - Model tiny.en completed transcription in 0.17 seconds
2026-07-22 08:12:51.094 - RealTimeSTT: realtimestt - INFO - Setting listen time
2026-07-22 08:12:51.094 - RealTimeSTT: realtimestt - INFO - State changed from 'inactive' to 'listening'
2026-07-22 08:12:51.094 - RealTimeSTT: realtimestt - DEBUG - Waiting for recording start
2026-07-22 08:12:58.599 - RealTimeSTT: realtimestt - INFO - voice activity detected
2026-07-22 08:12:58.599 - RealTimeSTT: realtimestt - INFO - recording started
2026-07-22 08:12:58.599 - RealTimeSTT: realtimestt - INFO - State changed from 'listening' to 'recording'
2026-07-22 08:12:58.599 - RealTimeSTT: realtimestt - DEBUG - Waiting for recording stop
2026-07-22 08:13:00.449 - RealTimeSTT: realtimestt - INFO - recording stopped
2026-07-22 08:13:00.450 - RealTimeSTT: realtimestt - DEBUG - No samples removed, final audio length: 46080
2026-07-22 08:13:00.450 - RealTimeSTT: realtimestt - INFO - State changed from 'recording' to 'inactive'
2026-07-22 08:13:00.450 - RealTimeSTT: realtimestt - INFO - State changed from 'inactive' to 'transcribing'
2026-07-22 08:13:00.450 - RealTimeSTT: realtimestt - DEBUG - Adding transcription request, no early transcription started
2026-07-22 08:13:00.462 - RealTimeSTT: realtimestt - DEBUG - Receive from parent_transcription_pipe after sendiung transcription request, transcribe_count: 1
2026-07-22 08:13:00.562 - RealTimeSTT: realtimestt - DEBUG - Receive from parent_transcription_pipe after sendiung transcription request, transcribe_count: 1
2026-07-22 08:13:00.626 - RealTimeSTT: realtimestt - INFO - State changed from 'transcribing' to 'inactive'
2026-07-22 08:13:00.626 - RealTimeSTT: realtimestt - DEBUG - Model tiny.en completed transcription in 0.18 seconds
2026-07-22 08:13:00.627 - RealTimeSTT: realtimestt - INFO - Setting listen time
2026-07-22 08:13:00.627 - RealTimeSTT: realtimestt - INFO - State changed from 'inactive' to 'listening'
2026-07-22 08:13:00.627 - RealTimeSTT: realtimestt - DEBUG - Waiting for recording start
2026-07-22 08:13:01.219 - RealTimeSTT: realtimestt - INFO - voice activity detected
2026-07-22 08:13:01.219 - RealTimeSTT: realtimestt - INFO - recording started
2026-07-22 08:13:01.219 - RealTimeSTT: realtimestt - INFO - State changed from 'listening' to 'recording'
2026-07-22 08:13:01.220 - RealTimeSTT: realtimestt - DEBUG - Waiting for recording stop
2026-07-22 08:13:02.629 - RealTimeSTT: realtimestt - INFO - recording stopped
2026-07-22 08:13:02.631 - RealTimeSTT: realtimestt - DEBUG - No samples removed, final audio length: 35328
2026-07-22 08:13:02.631 - RealTimeSTT: realtimestt - INFO - State changed from 'recording' to 'inactive'
2026-07-22 08:13:02.631 - RealTimeSTT: realtimestt - INFO - State changed from 'inactive' to 'transcribing'
2026-07-22 08:13:02.631 - RealTimeSTT: realtimestt - DEBUG - Adding transcription request, no early transcription started
2026-07-22 08:13:02.631 - RealTimeSTT: realtimestt - DEBUG - Receive from parent_transcription_pipe after sendiung transcription request, transcribe_count: 1
2026-07-22 08:13:02.731 - RealTimeSTT: realtimestt - DEBUG - Receive from parent_transcription_pipe after sendiung transcription request, transcribe_count: 1
2026-07-22 08:13:02.785 - RealTimeSTT: realtimestt - INFO - State changed from 'transcribing' to 'inactive'
2026-07-22 08:13:02.786 - RealTimeSTT: realtimestt - DEBUG - Model tiny.en completed transcription in 0.15 seconds
2026-07-22 08:13:02.786 - RealTimeSTT: realtimestt - INFO - Setting listen time
2026-07-22 08:13:02.786 - RealTimeSTT: realtimestt - INFO - State changed from 'inactive' to 'listening'
2026-07-22 08:13:02.786 - RealTimeSTT: realtimestt - DEBUG - Waiting for recording start
2026-07-22 08:13:08.900 - RealTimeSTT: realtimestt - INFO - voice activity detected
2026-07-22 08:13:08.900 - RealTimeSTT: realtimestt - INFO - recording started
2026-07-22 08:13:08.900 - RealTimeSTT: realtimestt - INFO - State changed from 'listening' to 'recording'
2026-07-22 08:13:08.900 - RealTimeSTT: realtimestt - DEBUG - Waiting for recording stop
2026-07-22 08:13:11.009 - RealTimeSTT: realtimestt - INFO - recording stopped
2026-07-22 08:13:11.010 - RealTimeSTT: realtimestt - DEBUG - No samples removed, final audio length: 50176
2026-07-22 08:13:11.010 - RealTimeSTT: realtimestt - INFO - State changed from 'recording' to 'inactive'
2026-07-22 08:13:11.010 - RealTimeSTT: realtimestt - INFO - State changed from 'inactive' to 'transcribing'
2026-07-22 08:13:11.010 - RealTimeSTT: realtimestt - DEBUG - Adding transcription request, no early transcription started
2026-07-22 08:13:11.031 - RealTimeSTT: realtimestt - DEBUG - Receive from parent_transcription_pipe after sendiung transcription request, transcribe_count: 1
2026-07-22 08:13:11.131 - RealTimeSTT: realtimestt - DEBUG - Receive from parent_transcription_pipe after sendiung transcription request, transcribe_count: 1
2026-07-22 08:13:11.211 - RealTimeSTT: realtimestt - INFO - State changed from 'transcribing' to 'inactive'
2026-07-22 08:13:11.212 - RealTimeSTT: realtimestt - DEBUG - Model tiny.en completed transcription in 0.20 seconds
2026-07-22 08:13:11.212 - RealTimeSTT: realtimestt - INFO - Setting listen time
2026-07-22 08:13:11.212 - RealTimeSTT: realtimestt - INFO - State changed from 'inactive' to 'listening'
2026-07-22 08:13:11.212 - RealTimeSTT: realtimestt - DEBUG - Waiting for recording start
2026-07-22 08:13:13.639 - RealTimeSTT: realtimestt - INFO - voice activity detected
2026-07-22 08:13:13.640 - RealTimeSTT: realtimestt - INFO - recording started
2026-07-22 08:13:13.640 - RealTimeSTT: realtimestt - INFO - State changed from 'listening' to 'recording'
2026-07-22 08:13:13.640 - RealTimeSTT: realtimestt - DEBUG - Waiting for recording stop
2026-07-22 08:13:15.750 - RealTimeSTT: realtimestt - INFO - recording stopped
2026-07-22 08:13:15.750 - RealTimeSTT: realtimestt - DEBUG - No samples removed, final audio length: 50176
2026-07-22 08:13:15.751 - RealTimeSTT: realtimestt - INFO - State changed from 'recording' to 'inactive'
2026-07-22 08:13:15.751 - RealTimeSTT: realtimestt - INFO - State changed from 'inactive' to 'transcribing'
2026-07-22 08:13:15.751 - RealTimeSTT: realtimestt - DEBUG - Adding transcription request, no early transcription started
2026-07-22 08:13:15.767 - RealTimeSTT: realtimestt - DEBUG - Receive from parent_transcription_pipe after sendiung transcription request, transcribe_count: 1
2026-07-22 08:13:15.867 - RealTimeSTT: realtimestt - DEBUG - Receive from parent_transcription_pipe after sendiung transcription request, transcribe_count: 1
2026-07-22 08:13:15.938 - RealTimeSTT: realtimestt - INFO - State changed from 'transcribing' to 'inactive'
2026-07-22 08:13:15.939 - RealTimeSTT: realtimestt - DEBUG - Model tiny.en completed transcription in 0.19 seconds
2026-07-22 08:13:15.939 - RealTimeSTT: realtimestt - INFO - Setting listen time
2026-07-22 08:13:15.939 - RealTimeSTT: realtimestt - INFO - State changed from 'inactive' to 'listening'
2026-07-22 08:13:15.939 - RealTimeSTT: realtimestt - DEBUG - Waiting for recording start
2026-07-22 08:13:17.480 - RealTimeSTT: realtimestt - INFO - voice activity detected
2026-07-22 08:13:17.480 - RealTimeSTT: realtimestt - INFO - recording started
2026-07-22 08:13:17.480 - RealTimeSTT: realtimestt - INFO - State changed from 'listening' to 'recording'
2026-07-22 08:13:17.480 - RealTimeSTT: realtimestt - DEBUG - Waiting for recording stop
2026-07-22 08:13:19.400 - RealTimeSTT: realtimestt - INFO - recording stopped
2026-07-22 08:13:19.400 - RealTimeSTT: realtimestt - DEBUG - No samples removed, final audio length: 47104
2026-07-22 08:13:19.401 - RealTimeSTT: realtimestt - INFO - State changed from 'recording' to 'inactive'
2026-07-22 08:13:19.401 - RealTimeSTT: realtimestt - INFO - State changed from 'inactive' to 'transcribing'
2026-07-22 08:13:19.401 - RealTimeSTT: realtimestt - DEBUG - Adding transcription request, no early transcription started
2026-07-22 08:13:19.404 - RealTimeSTT: realtimestt - DEBUG - Receive from parent_transcription_pipe after sendiung transcription request, transcribe_count: 1
2026-07-22 08:13:19.504 - RealTimeSTT: realtimestt - DEBUG - Receive from parent_transcription_pipe after sendiung transcription request, transcribe_count: 1
2026-07-22 08:13:19.547 - RealTimeSTT: realtimestt - INFO - State changed from 'transcribing' to 'inactive'
2026-07-22 08:13:19.547 - RealTimeSTT: realtimestt - DEBUG - Model tiny.en completed transcription in 0.15 seconds
2026-07-22 08:13:19.548 - RealTimeSTT: realtimestt - INFO - Setting listen time
2026-07-22 08:13:19.548 - RealTimeSTT: realtimestt - INFO - State changed from 'inactive' to 'listening'
2026-07-22 08:13:19.548 - RealTimeSTT: realtimestt - DEBUG - Waiting for recording start
2026-07-22 08:13:28.550 - RealTimeSTT: realtimestt - INFO - voice activity detected
2026-07-22 08:13:28.550 - RealTimeSTT: realtimestt - INFO - recording started
2026-07-22 08:13:28.550 - RealTimeSTT: realtimestt - INFO - State changed from 'listening' to 'recording'
2026-07-22 08:13:28.550 - RealTimeSTT: realtimestt - DEBUG - Waiting for recording stop
2026-07-22 08:13:31.110 - RealTimeSTT: realtimestt - INFO - recording stopped
2026-07-22 08:13:31.111 - RealTimeSTT: realtimestt - DEBUG - No samples removed, final audio length: 57344
2026-07-22 08:13:31.111 - RealTimeSTT: realtimestt - INFO - State changed from 'recording' to 'inactive'
2026-07-22 08:13:31.111 - RealTimeSTT: realtimestt - INFO - State changed from 'inactive' to 'transcribing'
2026-07-22 08:13:31.111 - RealTimeSTT: realtimestt - DEBUG - Adding transcription request, no early transcription started
2026-07-22 08:13:31.111 - RealTimeSTT: realtimestt - DEBUG - Receive from parent_transcription_pipe after sendiung transcription request, transcribe_count: 1
2026-07-22 08:13:31.211 - RealTimeSTT: realtimestt - DEBUG - Receive from parent_transcription_pipe after sendiung transcription request, transcribe_count: 1
2026-07-22 08:13:31.281 - RealTimeSTT: realtimestt - INFO - State changed from 'transcribing' to 'inactive'
2026-07-22 08:13:31.282 - RealTimeSTT: realtimestt - DEBUG - Model tiny.en completed transcription in 0.17 seconds
2026-07-22 08:13:31.282 - RealTimeSTT: realtimestt - INFO - Setting listen time
2026-07-22 08:13:31.282 - RealTimeSTT: realtimestt - INFO - State changed from 'inactive' to 'listening'
2026-07-22 08:13:31.282 - RealTimeSTT: realtimestt - DEBUG - Waiting for recording start
2026-07-22 08:13:33.030 - RealTimeSTT: realtimestt - INFO - voice activity detected
2026-07-22 08:13:33.030 - RealTimeSTT: realtimestt - INFO - recording started
2026-07-22 08:13:33.030 - RealTimeSTT: realtimestt - INFO - State changed from 'listening' to 'recording'
2026-07-22 08:13:33.030 - RealTimeSTT: realtimestt - DEBUG - Waiting for recording stop
2026-07-22 08:13:36.290 - RealTimeSTT: realtimestt - INFO - recording stopped
2026-07-22 08:13:36.291 - RealTimeSTT: realtimestt - DEBUG - No samples removed, final audio length: 68608
2026-07-22 08:13:36.291 - RealTimeSTT: realtimestt - INFO - State changed from 'recording' to 'inactive'
2026-07-22 08:13:36.291 - RealTimeSTT: realtimestt - INFO - State changed from 'inactive' to 'transcribing'
2026-07-22 08:13:36.291 - RealTimeSTT: realtimestt - DEBUG - Adding transcription request, no early transcription started
2026-07-22 08:13:36.312 - RealTimeSTT: realtimestt - DEBUG - Receive from parent_transcription_pipe after sendiung transcription request, transcribe_count: 1
2026-07-22 08:13:36.412 - RealTimeSTT: realtimestt - DEBUG - Receive from parent_transcription_pipe after sendiung transcription request, transcribe_count: 1
2026-07-22 08:13:36.507 - RealTimeSTT: realtimestt - INFO - State changed from 'transcribing' to 'inactive'
2026-07-22 08:13:36.508 - RealTimeSTT: realtimestt - DEBUG - Model tiny.en completed transcription in 0.22 seconds
2026-07-22 08:13:36.508 - RealTimeSTT: realtimestt - INFO - Setting listen time
2026-07-22 08:13:36.508 - RealTimeSTT: realtimestt - INFO - State changed from 'inactive' to 'listening'
2026-07-22 08:13:36.508 - RealTimeSTT: realtimestt - DEBUG - Waiting for recording start
2026-07-22 08:13:37.760 - RealTimeSTT: realtimestt - INFO - voice activity detected
2026-07-22 08:13:37.760 - RealTimeSTT: realtimestt - INFO - recording started
2026-07-22 08:13:37.760 - RealTimeSTT: realtimestt - INFO - State changed from 'listening' to 'recording'
2026-07-22 08:13:37.760 - RealTimeSTT: realtimestt - DEBUG - Waiting for recording stop
2026-07-22 08:13:41.480 - RealTimeSTT: realtimestt - INFO - recording stopped
2026-07-22 08:13:41.481 - RealTimeSTT: realtimestt - DEBUG - No samples removed, final audio length: 75776
2026-07-22 08:13:41.481 - RealTimeSTT: realtimestt - INFO - State changed from 'recording' to 'inactive'
2026-07-22 08:13:41.481 - RealTimeSTT: realtimestt - INFO - State changed from 'inactive' to 'transcribing'
2026-07-22 08:13:41.481 - RealTimeSTT: realtimestt - DEBUG - Adding transcription request, no early transcription started
2026-07-22 08:13:41.483 - RealTimeSTT: realtimestt - DEBUG - Receive from parent_transcription_pipe after sendiung transcription request, transcribe_count: 1
2026-07-22 08:13:41.583 - RealTimeSTT: realtimestt - DEBUG - Receive from parent_transcription_pipe after sendiung transcription request, transcribe_count: 1
2026-07-22 08:13:41.685 - RealTimeSTT: realtimestt - DEBUG - Receive from parent_transcription_pipe after sendiung transcription request, transcribe_count: 1
2026-07-22 08:13:41.701 - RealTimeSTT: realtimestt - INFO - State changed from 'transcribing' to 'inactive'
2026-07-22 08:13:41.702 - RealTimeSTT: realtimestt - DEBUG - Model tiny.en completed transcription in 0.22 seconds
2026-07-22 08:13:41.702 - RealTimeSTT: realtimestt - INFO - Setting listen time
2026-07-22 08:13:41.702 - RealTimeSTT: realtimestt - INFO - State changed from 'inactive' to 'listening'
2026-07-22 08:13:41.702 - RealTimeSTT: realtimestt - DEBUG - Waiting for recording start
2026-07-22 08:13:41.920 - RealTimeSTT: realtimestt - INFO - voice activity detected
2026-07-22 08:13:41.920 - RealTimeSTT: realtimestt - INFO - recording started
2026-07-22 08:13:41.920 - RealTimeSTT: realtimestt - INFO - State changed from 'listening' to 'recording'
2026-07-22 08:13:41.920 - RealTimeSTT: realtimestt - DEBUG - Waiting for recording stop
2026-07-22 08:13:43.400 - RealTimeSTT: realtimestt - INFO - recording stopped
2026-07-22 08:13:43.401 - RealTimeSTT: realtimestt - DEBUG - No samples removed, final audio length: 31232
2026-07-22 08:13:43.401 - RealTimeSTT: realtimestt - INFO - State changed from 'recording' to 'inactive'
2026-07-22 08:13:43.401 - RealTimeSTT: realtimestt - INFO - State changed from 'inactive' to 'transcribing'
2026-07-22 08:13:43.401 - RealTimeSTT: realtimestt - DEBUG - Adding transcription request, no early transcription started
2026-07-22 08:13:43.403 - RealTimeSTT: realtimestt - DEBUG - Receive from parent_transcription_pipe after sendiung transcription request, transcribe_count: 1
2026-07-22 08:13:43.504 - RealTimeSTT: realtimestt - DEBUG - Receive from parent_transcription_pipe after sendiung transcription request, transcribe_count: 1
2026-07-22 08:13:43.585 - RealTimeSTT: realtimestt - INFO - State changed from 'transcribing' to 'inactive'
2026-07-22 08:13:43.585 - RealTimeSTT: realtimestt - DEBUG - Model tiny.en completed transcription in 0.18 seconds
2026-07-22 08:13:43.586 - RealTimeSTT: realtimestt - INFO - Setting listen time
2026-07-22 08:13:43.586 - RealTimeSTT: realtimestt - INFO - State changed from 'inactive' to 'listening'
2026-07-22 08:13:43.586 - RealTimeSTT: realtimestt - DEBUG - Waiting for recording start
2026-07-22 08:13:47.430 - RealTimeSTT: realtimestt - INFO - voice activity detected
2026-07-22 08:13:47.430 - RealTimeSTT: realtimestt - INFO - recording started
2026-07-22 08:13:47.430 - RealTimeSTT: realtimestt - INFO - State changed from 'listening' to 'recording'
2026-07-22 08:13:47.430 - RealTimeSTT: realtimestt - DEBUG - Waiting for recording stop
2026-07-22 08:13:49.410 - RealTimeSTT: realtimestt - INFO - recording stopped
2026-07-22 08:13:49.411 - RealTimeSTT: realtimestt - DEBUG - No samples removed, final audio length: 48128
2026-07-22 08:13:49.411 - RealTimeSTT: realtimestt - INFO - State changed from 'recording' to 'inactive'
2026-07-22 08:13:49.411 - RealTimeSTT: realtimestt - INFO - State changed from 'inactive' to 'transcribing'
2026-07-22 08:13:49.411 - RealTimeSTT: realtimestt - DEBUG - Adding transcription request, no early transcription started
2026-07-22 08:13:49.411 - RealTimeSTT: realtimestt - DEBUG - Receive from parent_transcription_pipe after sendiung transcription request, transcribe_count: 1
2026-07-22 08:13:49.511 - RealTimeSTT: realtimestt - DEBUG - Receive from parent_transcription_pipe after sendiung transcription request, transcribe_count: 1
2026-07-22 08:13:49.559 - RealTimeSTT: realtimestt - INFO - State changed from 'transcribing' to 'inactive'
2026-07-22 08:13:49.560 - RealTimeSTT: realtimestt - DEBUG - Model tiny.en completed transcription in 0.15 seconds
2026-07-22 08:13:49.560 - RealTimeSTT: realtimestt - INFO - Setting listen time
2026-07-22 08:13:49.560 - RealTimeSTT: realtimestt - INFO - State changed from 'inactive' to 'listening'
2026-07-22 08:13:49.560 - RealTimeSTT: realtimestt - DEBUG - Waiting for recording start
2026-07-22 08:13:57.480 - RealTimeSTT: realtimestt - INFO - voice activity detected
2026-07-22 08:13:57.480 - RealTimeSTT: realtimestt - INFO - recording started
2026-07-22 08:13:57.480 - RealTimeSTT: realtimestt - INFO - State changed from 'listening' to 'recording'
2026-07-22 08:13:57.480 - RealTimeSTT: realtimestt - DEBUG - Waiting for recording stop
2026-07-22 08:13:59.590 - RealTimeSTT: realtimestt - INFO - recording stopped
2026-07-22 08:13:59.591 - RealTimeSTT: realtimestt - DEBUG - No samples removed, final audio length: 50176
2026-07-22 08:13:59.591 - RealTimeSTT: realtimestt - INFO - State changed from 'recording' to 'inactive'
2026-07-22 08:13:59.591 - RealTimeSTT: realtimestt - INFO - State changed from 'inactive' to 'transcribing'
2026-07-22 08:13:59.591 - RealTimeSTT: realtimestt - DEBUG - Adding transcription request, no early transcription started
2026-07-22 08:13:59.595 - RealTimeSTT: realtimestt - DEBUG - Receive from parent_transcription_pipe after sendiung transcription request, transcribe_count: 1
2026-07-22 08:13:59.695 - RealTimeSTT: realtimestt - DEBUG - Receive from parent_transcription_pipe after sendiung transcription request, transcribe_count: 1
2026-07-22 08:13:59.743 - RealTimeSTT: realtimestt - INFO - State changed from 'transcribing' to 'inactive'
2026-07-22 08:13:59.744 - RealTimeSTT: realtimestt - DEBUG - Model tiny.en completed transcription in 0.15 seconds
2026-07-22 08:13:59.744 - RealTimeSTT: realtimestt - INFO - Setting listen time
2026-07-22 08:13:59.744 - RealTimeSTT: realtimestt - INFO - State changed from 'inactive' to 'listening'
2026-07-22 08:13:59.744 - RealTimeSTT: realtimestt - DEBUG - Waiting for recording start
2026-07-22 08:14:14.760 - RealTimeSTT: realtimestt - INFO - voice activity detected
2026-07-22 08:14:14.761 - RealTimeSTT: realtimestt - INFO - recording started
2026-07-22 08:14:14.761 - RealTimeSTT: realtimestt - INFO - State changed from 'listening' to 'recording'
2026-07-22 08:14:14.761 - RealTimeSTT: realtimestt - DEBUG - Waiting for recording stop
2026-07-22 08:14:18.151 - RealTimeSTT: realtimestt - INFO - recording stopped
2026-07-22 08:14:18.152 - RealTimeSTT: realtimestt - DEBUG - No samples removed, final audio length: 70656
2026-07-22 08:14:18.152 - RealTimeSTT: realtimestt - INFO - State changed from 'recording' to 'inactive'
2026-07-22 08:14:18.152 - RealTimeSTT: realtimestt - INFO - State changed from 'inactive' to 'transcribing'
2026-07-22 08:14:18.152 - RealTimeSTT: realtimestt - DEBUG - Adding transcription request, no early transcription started
2026-07-22 08:14:18.173 - RealTimeSTT: realtimestt - DEBUG - Receive from parent_transcription_pipe after sendiung transcription request, transcribe_count: 1
2026-07-22 08:14:18.273 - RealTimeSTT: realtimestt - DEBUG - Receive from parent_transcription_pipe after sendiung transcription request, transcribe_count: 1
2026-07-22 08:14:18.334 - RealTimeSTT: realtimestt - INFO - State changed from 'transcribing' to 'inactive'
2026-07-22 08:14:18.335 - RealTimeSTT: realtimestt - DEBUG - Model tiny.en completed transcription in 0.18 seconds
2026-07-22 08:14:18.335 - RealTimeSTT: realtimestt - INFO - Setting listen time
2026-07-22 08:14:18.335 - RealTimeSTT: realtimestt - INFO - State changed from 'inactive' to 'listening'
2026-07-22 08:14:18.335 - RealTimeSTT: realtimestt - DEBUG - Waiting for recording start
2026-07-22 08:14:22.371 - RealTimeSTT: realtimestt - INFO - voice activity detected
2026-07-22 08:14:22.371 - RealTimeSTT: realtimestt - INFO - recording started
2026-07-22 08:14:22.371 - RealTimeSTT: realtimestt - INFO - State changed from 'listening' to 'recording'
2026-07-22 08:14:22.371 - RealTimeSTT: realtimestt - DEBUG - Waiting for recording stop
2026-07-22 08:14:25.571 - RealTimeSTT: realtimestt - INFO - recording stopped
2026-07-22 08:14:25.572 - RealTimeSTT: realtimestt - DEBUG - No samples removed, final audio length: 67584
2026-07-22 08:14:25.572 - RealTimeSTT: realtimestt - INFO - State changed from 'recording' to 'inactive'
2026-07-22 08:14:25.572 - RealTimeSTT: realtimestt - INFO - State changed from 'inactive' to 'transcribing'
2026-07-22 08:14:25.572 - RealTimeSTT: realtimestt - DEBUG - Adding transcription request, no early transcription started
2026-07-22 08:14:25.582 - RealTimeSTT: realtimestt - DEBUG - Receive from parent_transcription_pipe after sendiung transcription request, transcribe_count: 1
2026-07-22 08:14:25.683 - RealTimeSTT: realtimestt - DEBUG - Receive from parent_transcription_pipe after sendiung transcription request, transcribe_count: 1
2026-07-22 08:14:25.770 - RealTimeSTT: realtimestt - INFO - State changed from 'transcribing' to 'inactive'
2026-07-22 08:14:25.771 - RealTimeSTT: realtimestt - DEBUG - Model tiny.en completed transcription in 0.20 seconds
2026-07-22 08:14:25.772 - RealTimeSTT: realtimestt - INFO - Setting listen time
2026-07-22 08:14:25.772 - RealTimeSTT: realtimestt - INFO - State changed from 'inactive' to 'listening'
2026-07-22 08:14:25.772 - RealTimeSTT: realtimestt - DEBUG - Waiting for recording start
2026-07-22 08:14:27.561 - RealTimeSTT: realtimestt - INFO - voice activity detected
2026-07-22 08:14:27.561 - RealTimeSTT: realtimestt - INFO - recording started
2026-07-22 08:14:27.561 - RealTimeSTT: realtimestt - INFO - State changed from 'listening' to 'recording'
2026-07-22 08:14:27.561 - RealTimeSTT: realtimestt - DEBUG - Waiting for recording stop
2026-07-22 08:14:30.241 - RealTimeSTT: realtimestt - INFO - recording stopped
2026-07-22 08:14:30.242 - RealTimeSTT: realtimestt - DEBUG - No samples removed, final audio length: 59392
2026-07-22 08:14:30.242 - RealTimeSTT: realtimestt - INFO - State changed from 'recording' to 'inactive'
2026-07-22 08:14:30.242 - RealTimeSTT: realtimestt - INFO - State changed from 'inactive' to 'transcribing'
2026-07-22 08:14:30.242 - RealTimeSTT: realtimestt - DEBUG - Adding transcription request, no early transcription started
2026-07-22 08:14:30.242 - RealTimeSTT: realtimestt - DEBUG - Receive from parent_transcription_pipe after sendiung transcription request, transcribe_count: 1
2026-07-22 08:14:30.343 - RealTimeSTT: realtimestt - DEBUG - Receive from parent_transcription_pipe after sendiung transcription request, transcribe_count: 1
2026-07-22 08:14:30.401 - RealTimeSTT: realtimestt - INFO - State changed from 'transcribing' to 'inactive'
2026-07-22 08:14:30.402 - RealTimeSTT: realtimestt - DEBUG - Model tiny.en completed transcription in 0.16 seconds
2026-07-22 08:14:30.402 - RealTimeSTT: realtimestt - INFO - Setting listen time
2026-07-22 08:14:30.402 - RealTimeSTT: realtimestt - INFO - State changed from 'inactive' to 'listening'
2026-07-22 08:14:30.402 - RealTimeSTT: realtimestt - DEBUG - Waiting for recording start
2026-07-22 08:14:32.481 - RealTimeSTT: realtimestt - INFO - voice activity detected
2026-07-22 08:14:32.481 - RealTimeSTT: realtimestt - INFO - recording started
2026-07-22 08:14:32.481 - RealTimeSTT: realtimestt - INFO - State changed from 'listening' to 'recording'
2026-07-22 08:14:32.481 - RealTimeSTT: realtimestt - DEBUG - Waiting for recording stop
2026-07-22 08:14:34.471 - RealTimeSTT: realtimestt - INFO - recording stopped
2026-07-22 08:14:34.472 - RealTimeSTT: realtimestt - DEBUG - No samples removed, final audio length: 48128
2026-07-22 08:14:34.472 - RealTimeSTT: realtimestt - INFO - State changed from 'recording' to 'inactive'
2026-07-22 08:14:34.472 - RealTimeSTT: realtimestt - INFO - State changed from 'inactive' to 'transcribing'
2026-07-22 08:14:34.472 - RealTimeSTT: realtimestt - DEBUG - Adding transcription request, no early transcription started
2026-07-22 08:14:34.489 - RealTimeSTT: realtimestt - DEBUG - Receive from parent_transcription_pipe after sendiung transcription request, transcribe_count: 1
2026-07-22 08:14:34.589 - RealTimeSTT: realtimestt - DEBUG - Receive from parent_transcription_pipe after sendiung transcription request, transcribe_count: 1
2026-07-22 08:14:34.649 - RealTimeSTT: realtimestt - INFO - State changed from 'transcribing' to 'inactive'
2026-07-22 08:14:34.649 - RealTimeSTT: realtimestt - DEBUG - Model tiny.en completed transcription in 0.18 seconds
2026-07-22 08:14:34.650 - RealTimeSTT: realtimestt - INFO - Setting listen time
2026-07-22 08:14:34.650 - RealTimeSTT: realtimestt - INFO - State changed from 'inactive' to 'listening'
2026-07-22 08:14:34.650 - RealTimeSTT: realtimestt - DEBUG - Waiting for recording start
2026-07-22 08:14:34.791 - RealTimeSTT: realtimestt - INFO - voice activity detected
2026-07-22 08:14:34.791 - RealTimeSTT: realtimestt - INFO - recording started
2026-07-22 08:14:34.791 - RealTimeSTT: realtimestt - INFO - State changed from 'listening' to 'recording'
2026-07-22 08:14:34.791 - RealTimeSTT: realtimestt - DEBUG - Waiting for recording stop
2026-07-22 08:14:36.201 - RealTimeSTT: realtimestt - INFO - recording stopped
2026-07-22 08:14:36.201 - RealTimeSTT: realtimestt - DEBUG - No samples removed, final audio length: 28160
2026-07-22 08:14:36.202 - RealTimeSTT: realtimestt - INFO - State changed from 'recording' to 'inactive'
2026-07-22 08:14:36.202 - RealTimeSTT: realtimestt - INFO - State changed from 'inactive' to 'transcribing'
2026-07-22 08:14:36.202 - RealTimeSTT: realtimestt - DEBUG - Adding transcription request, no early transcription started
2026-07-22 08:14:36.217 - RealTimeSTT: realtimestt - DEBUG - Receive from parent_transcription_pipe after sendiung transcription request, transcribe_count: 1
2026-07-22 08:14:36.317 - RealTimeSTT: realtimestt - DEBUG - Receive from parent_transcription_pipe after sendiung transcription request, transcribe_count: 1
2026-07-22 08:14:36.360 - RealTimeSTT: realtimestt - INFO - State changed from 'transcribing' to 'inactive'
2026-07-22 08:14:36.361 - RealTimeSTT: realtimestt - DEBUG - Model tiny.en completed transcription in 0.16 seconds
2026-07-22 08:14:36.361 - RealTimeSTT: realtimestt - INFO - Setting listen time
2026-07-22 08:14:36.361 - RealTimeSTT: realtimestt - INFO - State changed from 'inactive' to 'listening'
2026-07-22 08:14:36.361 - RealTimeSTT: realtimestt - DEBUG - Waiting for recording start
2026-07-22 08:14:36.711 - RealTimeSTT: realtimestt - INFO - voice activity detected
2026-07-22 08:14:36.711 - RealTimeSTT: realtimestt - INFO - recording started
2026-07-22 08:14:36.711 - RealTimeSTT: realtimestt - INFO - State changed from 'listening' to 'recording'
2026-07-22 08:14:36.711 - RealTimeSTT: realtimestt - DEBUG - Waiting for recording stop
2026-07-22 08:14:39.201 - RealTimeSTT: realtimestt - INFO - recording stopped
2026-07-22 08:14:39.202 - RealTimeSTT: realtimestt - DEBUG - No samples removed, final audio length: 48640
2026-07-22 08:14:39.202 - RealTimeSTT: realtimestt - INFO - State changed from 'recording' to 'inactive'
2026-07-22 08:14:39.202 - RealTimeSTT: realtimestt - INFO - State changed from 'inactive' to 'transcribing'
2026-07-22 08:14:39.202 - RealTimeSTT: realtimestt - DEBUG - Adding transcription request, no early transcription started
2026-07-22 08:14:39.202 - RealTimeSTT: realtimestt - DEBUG - Receive from parent_transcription_pipe after sendiung transcription request, transcribe_count: 1
2026-07-22 08:14:39.302 - RealTimeSTT: realtimestt - DEBUG - Receive from parent_transcription_pipe after sendiung transcription request, transcribe_count: 1
2026-07-22 08:14:39.370 - RealTimeSTT: realtimestt - INFO - State changed from 'transcribing' to 'inactive'
2026-07-22 08:14:39.371 - RealTimeSTT: realtimestt - DEBUG - Model tiny.en completed transcription in 0.17 seconds
2026-07-22 08:14:39.371 - RealTimeSTT: realtimestt - INFO - Setting listen time
2026-07-22 08:14:39.371 - RealTimeSTT: realtimestt - INFO - State changed from 'inactive' to 'listening'
2026-07-22 08:14:39.371 - RealTimeSTT: realtimestt - DEBUG - Waiting for recording start
2026-07-22 08:14:41.321 - RealTimeSTT: realtimestt - INFO - voice activity detected
2026-07-22 08:14:41.321 - RealTimeSTT: realtimestt - INFO - recording started
2026-07-22 08:14:41.321 - RealTimeSTT: realtimestt - INFO - State changed from 'listening' to 'recording'
2026-07-22 08:14:41.321 - RealTimeSTT: realtimestt - DEBUG - Waiting for recording stop
2026-07-22 08:14:43.681 - RealTimeSTT: realtimestt - INFO - recording stopped
2026-07-22 08:14:43.682 - RealTimeSTT: realtimestt - DEBUG - No samples removed, final audio length: 54272
2026-07-22 08:14:43.682 - RealTimeSTT: realtimestt - INFO - State changed from 'recording' to 'inactive'
2026-07-22 08:14:43.682 - RealTimeSTT: realtimestt - INFO - State changed from 'inactive' to 'transcribing'
2026-07-22 08:14:43.682 - RealTimeSTT: realtimestt - DEBUG - Adding transcription request, no early transcription started
2026-07-22 08:14:43.682 - RealTimeSTT: realtimestt - DEBUG - Receive from parent_transcription_pipe after sendiung transcription request, transcribe_count: 1
2026-07-22 08:14:43.783 - RealTimeSTT: realtimestt - DEBUG - Receive from parent_transcription_pipe after sendiung transcription request, transcribe_count: 1
2026-07-22 08:14:43.848 - RealTimeSTT: realtimestt - INFO - State changed from 'transcribing' to 'inactive'
2026-07-22 08:14:43.849 - RealTimeSTT: realtimestt - DEBUG - Model tiny.en completed transcription in 0.17 seconds
2026-07-22 08:14:43.849 - RealTimeSTT: realtimestt - INFO - Setting listen time
2026-07-22 08:14:43.849 - RealTimeSTT: realtimestt - INFO - State changed from 'inactive' to 'listening'
2026-07-22 08:14:43.849 - RealTimeSTT: realtimestt - DEBUG - Waiting for recording start
2026-07-22 08:14:47.141 - RealTimeSTT: realtimestt - INFO - voice activity detected
2026-07-22 08:14:47.141 - RealTimeSTT: realtimestt - INFO - recording started
2026-07-22 08:14:47.141 - RealTimeSTT: realtimestt - INFO - State changed from 'listening' to 'recording'
2026-07-22 08:14:47.141 - RealTimeSTT: realtimestt - DEBUG - Waiting for recording stop
2026-07-22 08:14:49.441 - RealTimeSTT: realtimestt - INFO - recording stopped
2026-07-22 08:14:49.442 - RealTimeSTT: realtimestt - DEBUG - No samples removed, final audio length: 53248
2026-07-22 08:14:49.442 - RealTimeSTT: realtimestt - INFO - State changed from 'recording' to 'inactive'
2026-07-22 08:14:49.442 - RealTimeSTT: realtimestt - INFO - State changed from 'inactive' to 'transcribing'
2026-07-22 08:14:49.442 - RealTimeSTT: realtimestt - DEBUG - Adding transcription request, no early transcription started
2026-07-22 08:14:49.449 - RealTimeSTT: realtimestt - DEBUG - Receive from parent_transcription_pipe after sendiung transcription request, transcribe_count: 1
2026-07-22 08:14:49.549 - RealTimeSTT: realtimestt - DEBUG - Receive from parent_transcription_pipe after sendiung transcription request, transcribe_count: 1
2026-07-22 08:14:49.615 - RealTimeSTT: realtimestt - INFO - State changed from 'transcribing' to 'inactive'
2026-07-22 08:14:49.616 - RealTimeSTT: realtimestt - DEBUG - Model tiny.en completed transcription in 0.17 seconds
2026-07-22 08:14:49.616 - RealTimeSTT: realtimestt - INFO - Setting listen time
2026-07-22 08:14:49.616 - RealTimeSTT: realtimestt - INFO - State changed from 'inactive' to 'listening'
2026-07-22 08:14:49.616 - RealTimeSTT: realtimestt - DEBUG - Waiting for recording start
2026-07-22 08:14:52.711 - RealTimeSTT: realtimestt - INFO - voice activity detected
2026-07-22 08:14:52.711 - RealTimeSTT: realtimestt - INFO - recording started
2026-07-22 08:14:52.711 - RealTimeSTT: realtimestt - INFO - State changed from 'listening' to 'recording'
2026-07-22 08:14:52.712 - RealTimeSTT: realtimestt - DEBUG - Waiting for recording stop
2026-07-22 08:14:55.651 - RealTimeSTT: realtimestt - INFO - recording stopped
2026-07-22 08:14:55.652 - RealTimeSTT: realtimestt - DEBUG - No samples removed, final audio length: 63488
2026-07-22 08:14:55.652 - RealTimeSTT: realtimestt - INFO - State changed from 'recording' to 'inactive'
2026-07-22 08:14:55.652 - RealTimeSTT: realtimestt - INFO - State changed from 'inactive' to 'transcribing'
2026-07-22 08:14:55.652 - RealTimeSTT: realtimestt - DEBUG - Adding transcription request, no early transcription started
2026-07-22 08:14:55.654 - RealTimeSTT: realtimestt - DEBUG - Receive from parent_transcription_pipe after sendiung transcription request, transcribe_count: 1
2026-07-22 08:14:55.755 - RealTimeSTT: realtimestt - DEBUG - Receive from parent_transcription_pipe after sendiung transcription request, transcribe_count: 1
2026-07-22 08:14:55.852 - RealTimeSTT: realtimestt - INFO - State changed from 'transcribing' to 'inactive'
2026-07-22 08:14:55.853 - RealTimeSTT: realtimestt - DEBUG - Model tiny.en completed transcription in 0.20 seconds
2026-07-22 08:14:55.853 - RealTimeSTT: realtimestt - INFO - Setting listen time
2026-07-22 08:14:55.854 - RealTimeSTT: realtimestt - INFO - State changed from 'inactive' to 'listening'
2026-07-22 08:14:55.854 - RealTimeSTT: realtimestt - DEBUG - Waiting for recording start
2026-07-22 08:15:16.201 - RealTimeSTT: realtimestt - INFO - voice activity detected
2026-07-22 08:15:16.202 - RealTimeSTT: realtimestt - INFO - recording started
2026-07-22 08:15:16.202 - RealTimeSTT: realtimestt - INFO - State changed from 'listening' to 'recording'
2026-07-22 08:15:16.202 - RealTimeSTT: realtimestt - DEBUG - Waiting for recording stop
2026-07-22 08:15:17.352 - RealTimeSTT: realtimestt - INFO - recording stopped
2026-07-22 08:15:17.352 - RealTimeSTT: realtimestt - DEBUG - No samples removed, final audio length: 34816
2026-07-22 08:15:17.352 - RealTimeSTT: realtimestt - INFO - State changed from 'recording' to 'inactive'
2026-07-22 08:15:17.352 - RealTimeSTT: realtimestt - INFO - State changed from 'inactive' to 'transcribing'
2026-07-22 08:15:17.352 - RealTimeSTT: realtimestt - DEBUG - Adding transcription request, no early transcription started
2026-07-22 08:15:17.360 - RealTimeSTT: realtimestt - DEBUG - Receive from parent_transcription_pipe after sendiung transcription request, transcribe_count: 1
2026-07-22 08:15:17.461 - RealTimeSTT: realtimestt - DEBUG - Receive from parent_transcription_pipe after sendiung transcription request, transcribe_count: 1
2026-07-22 08:15:17.510 - RealTimeSTT: realtimestt - INFO - State changed from 'transcribing' to 'inactive'
2026-07-22 08:15:17.510 - RealTimeSTT: realtimestt - DEBUG - Model tiny.en completed transcription in 0.16 seconds
2026-07-22 08:15:17.511 - RealTimeSTT: realtimestt - INFO - Setting listen time
2026-07-22 08:15:17.511 - RealTimeSTT: realtimestt - INFO - State changed from 'inactive' to 'listening'
2026-07-22 08:15:17.511 - RealTimeSTT: realtimestt - DEBUG - Waiting for recording start
2026-07-22 08:15:26.692 - RealTimeSTT: realtimestt - INFO - voice activity detected
2026-07-22 08:15:26.692 - RealTimeSTT: realtimestt - INFO - recording started
2026-07-22 08:15:26.692 - RealTimeSTT: realtimestt - INFO - State changed from 'listening' to 'recording'
2026-07-22 08:15:26.692 - RealTimeSTT: realtimestt - DEBUG - Waiting for recording stop
2026-07-22 08:15:30.406 - RealTimeSTT: realtimestt - INFO - recording stopped
2026-07-22 08:15:30.407 - RealTimeSTT: realtimestt - DEBUG - No samples removed, final audio length: 75776
2026-07-22 08:15:30.407 - RealTimeSTT: realtimestt - INFO - State changed from 'recording' to 'inactive'
2026-07-22 08:15:30.407 - RealTimeSTT: realtimestt - INFO - State changed from 'inactive' to 'transcribing'
2026-07-22 08:15:30.407 - RealTimeSTT: realtimestt - DEBUG - Adding transcription request, no early transcription started
2026-07-22 08:15:30.408 - RealTimeSTT: realtimestt - DEBUG - Receive from parent_transcription_pipe after sendiung transcription request, transcribe_count: 1
2026-07-22 08:15:30.509 - RealTimeSTT: realtimestt - DEBUG - Receive from parent_transcription_pipe after sendiung transcription request, transcribe_count: 1
2026-07-22 08:15:30.586 - RealTimeSTT: realtimestt - INFO - State changed from 'transcribing' to 'inactive'
2026-07-22 08:15:30.587 - RealTimeSTT: realtimestt - DEBUG - Model tiny.en completed transcription in 0.18 seconds
2026-07-22 08:15:30.587 - RealTimeSTT: realtimestt - INFO - Setting listen time
2026-07-22 08:15:30.587 - RealTimeSTT: realtimestt - INFO - State changed from 'inactive' to 'listening'
2026-07-22 08:15:30.587 - RealTimeSTT: realtimestt - DEBUG - Waiting for recording start
2026-07-22 08:15:40.262 - RealTimeSTT: realtimestt - INFO - voice activity detected
2026-07-22 08:15:40.262 - RealTimeSTT: realtimestt - INFO - recording started
2026-07-22 08:15:40.262 - RealTimeSTT: realtimestt - INFO - State changed from 'listening' to 'recording'
2026-07-22 08:15:40.262 - RealTimeSTT: realtimestt - DEBUG - Waiting for recording stop
2026-07-22 08:15:43.782 - RealTimeSTT: realtimestt - INFO - recording stopped
2026-07-22 08:15:43.783 - RealTimeSTT: realtimestt - DEBUG - No samples removed, final audio length: 72704
2026-07-22 08:15:43.783 - RealTimeSTT: realtimestt - INFO - State changed from 'recording' to 'inactive'
2026-07-22 08:15:43.783 - RealTimeSTT: realtimestt - INFO - State changed from 'inactive' to 'transcribing'
2026-07-22 08:15:43.783 - RealTimeSTT: realtimestt - DEBUG - Adding transcription request, no early transcription started
2026-07-22 08:15:43.797 - RealTimeSTT: realtimestt - DEBUG - Receive from parent_transcription_pipe after sendiung transcription request, transcribe_count: 1
2026-07-22 08:15:43.898 - RealTimeSTT: realtimestt - DEBUG - Receive from parent_transcription_pipe after sendiung transcription request, transcribe_count: 1
2026-07-22 08:15:43.988 - RealTimeSTT: realtimestt - INFO - State changed from 'transcribing' to 'inactive'
2026-07-22 08:15:43.989 - RealTimeSTT: realtimestt - DEBUG - Model tiny.en completed transcription in 0.21 seconds
2026-07-22 08:15:43.989 - RealTimeSTT: realtimestt - INFO - Setting listen time
2026-07-22 08:15:43.989 - RealTimeSTT: realtimestt - INFO - State changed from 'inactive' to 'listening'
2026-07-22 08:15:43.989 - RealTimeSTT: realtimestt - DEBUG - Waiting for recording start
2026-07-22 08:15:45.702 - RealTimeSTT: realtimestt - INFO - voice activity detected
2026-07-22 08:15:45.702 - RealTimeSTT: realtimestt - INFO - recording started
2026-07-22 08:15:45.702 - RealTimeSTT: realtimestt - INFO - State changed from 'listening' to 'recording'
2026-07-22 08:15:45.702 - RealTimeSTT: realtimestt - DEBUG - Waiting for recording stop
2026-07-22 08:15:48.262 - RealTimeSTT: realtimestt - INFO - recording stopped
2026-07-22 08:15:48.263 - RealTimeSTT: realtimestt - DEBUG - No samples removed, final audio length: 57344
2026-07-22 08:15:48.263 - RealTimeSTT: realtimestt - INFO - State changed from 'recording' to 'inactive'
2026-07-22 08:15:48.263 - RealTimeSTT: realtimestt - INFO - State changed from 'inactive' to 'transcribing'
2026-07-22 08:15:48.263 - RealTimeSTT: realtimestt - DEBUG - Adding transcription request, no early transcription started
2026-07-22 08:15:48.277 - RealTimeSTT: realtimestt - DEBUG - Receive from parent_transcription_pipe after sendiung transcription request, transcribe_count: 1
2026-07-22 08:15:48.377 - RealTimeSTT: realtimestt - DEBUG - Receive from parent_transcription_pipe after sendiung transcription request, transcribe_count: 1
2026-07-22 08:15:48.438 - RealTimeSTT: realtimestt - INFO - State changed from 'transcribing' to 'inactive'
2026-07-22 08:15:48.439 - RealTimeSTT: realtimestt - DEBUG - Model tiny.en completed transcription in 0.18 seconds
2026-07-22 08:15:48.439 - RealTimeSTT: realtimestt - INFO - Setting listen time
2026-07-22 08:15:48.439 - RealTimeSTT: realtimestt - INFO - State changed from 'inactive' to 'listening'
2026-07-22 08:15:48.439 - RealTimeSTT: realtimestt - DEBUG - Waiting for recording start
2026-07-22 08:16:07.202 - RealTimeSTT: realtimestt - INFO - voice activity detected
2026-07-22 08:16:07.202 - RealTimeSTT: realtimestt - INFO - recording started
2026-07-22 08:16:07.203 - RealTimeSTT: realtimestt - INFO - State changed from 'listening' to 'recording'
2026-07-22 08:16:07.203 - RealTimeSTT: realtimestt - DEBUG - Waiting for recording stop
2026-07-22 08:16:12.002 - RealTimeSTT: realtimestt - INFO - recording stopped
2026-07-22 08:16:12.005 - RealTimeSTT: realtimestt - DEBUG - No samples removed, final audio length: 93184
2026-07-22 08:16:12.005 - RealTimeSTT: realtimestt - INFO - State changed from 'recording' to 'inactive'
2026-07-22 08:16:12.005 - RealTimeSTT: realtimestt - INFO - State changed from 'inactive' to 'transcribing'
2026-07-22 08:16:12.005 - RealTimeSTT: realtimestt - DEBUG - Adding transcription request, no early transcription started
2026-07-22 08:16:12.010 - RealTimeSTT: realtimestt - DEBUG - Receive from parent_transcription_pipe after sendiung transcription request, transcribe_count: 1
2026-07-22 08:16:12.110 - RealTimeSTT: realtimestt - DEBUG - Receive from parent_transcription_pipe after sendiung transcription request, transcribe_count: 1
2026-07-22 08:16:12.210 - RealTimeSTT: realtimestt - INFO - State changed from 'transcribing' to 'inactive'
2026-07-22 08:16:12.211 - RealTimeSTT: realtimestt - DEBUG - Model tiny.en completed transcription in 0.21 seconds
2026-07-22 08:16:12.211 - RealTimeSTT: realtimestt - INFO - Setting listen time
2026-07-22 08:16:12.211 - RealTimeSTT: realtimestt - INFO - State changed from 'inactive' to 'listening'
2026-07-22 08:16:12.211 - RealTimeSTT: realtimestt - DEBUG - Waiting for recording start
2026-07-22 08:16:24.683 - RealTimeSTT: realtimestt - INFO - voice activity detected
2026-07-22 08:16:24.683 - RealTimeSTT: realtimestt - INFO - recording started
2026-07-22 08:16:24.683 - RealTimeSTT: realtimestt - INFO - State changed from 'listening' to 'recording'
2026-07-22 08:16:24.683 - RealTimeSTT: realtimestt - DEBUG - Waiting for recording stop
2026-07-22 08:16:26.083 - RealTimeSTT: realtimestt - INFO - recording stopped
2026-07-22 08:16:26.084 - RealTimeSTT: realtimestt - DEBUG - No samples removed, final audio length: 38912
2026-07-22 08:16:26.084 - RealTimeSTT: realtimestt - INFO - State changed from 'recording' to 'inactive'
2026-07-22 08:16:26.084 - RealTimeSTT: realtimestt - INFO - State changed from 'inactive' to 'transcribing'
2026-07-22 08:16:26.084 - RealTimeSTT: realtimestt - DEBUG - Adding transcription request, no early transcription started
2026-07-22 08:16:26.084 - RealTimeSTT: realtimestt - DEBUG - Receive from parent_transcription_pipe after sendiung transcription request, transcribe_count: 1
2026-07-22 08:16:26.185 - RealTimeSTT: realtimestt - DEBUG - Receive from parent_transcription_pipe after sendiung transcription request, transcribe_count: 1
2026-07-22 08:16:26.224 - RealTimeSTT: realtimestt - INFO - State changed from 'transcribing' to 'inactive'
2026-07-22 08:16:26.225 - RealTimeSTT: realtimestt - DEBUG - Model tiny.en completed transcription in 0.14 seconds
2026-07-22 08:16:26.225 - RealTimeSTT: realtimestt - INFO - Setting listen time
2026-07-22 08:16:26.225 - RealTimeSTT: realtimestt - INFO - State changed from 'inactive' to 'listening'
2026-07-22 08:16:26.225 - RealTimeSTT: realtimestt - DEBUG - Waiting for recording start
2026-07-22 08:16:32.613 - RealTimeSTT: realtimestt - INFO - voice activity detected
2026-07-22 08:16:32.613 - RealTimeSTT: realtimestt - INFO - recording started
2026-07-22 08:16:32.613 - RealTimeSTT: realtimestt - INFO - State changed from 'listening' to 'recording'
2026-07-22 08:16:32.613 - RealTimeSTT: realtimestt - DEBUG - Waiting for recording stop
2026-07-22 08:16:36.713 - RealTimeSTT: realtimestt - INFO - recording stopped
2026-07-22 08:16:36.714 - RealTimeSTT: realtimestt - DEBUG - No samples removed, final audio length: 81920
2026-07-22 08:16:36.714 - RealTimeSTT: realtimestt - INFO - State changed from 'recording' to 'inactive'
2026-07-22 08:16:36.714 - RealTimeSTT: realtimestt - INFO - State changed from 'inactive' to 'transcribing'
2026-07-22 08:16:36.714 - RealTimeSTT: realtimestt - DEBUG - Adding transcription request, no early transcription started
2026-07-22 08:16:36.731 - RealTimeSTT: realtimestt - DEBUG - Receive from parent_transcription_pipe after sendiung transcription request, transcribe_count: 1
2026-07-22 08:16:36.832 - RealTimeSTT: realtimestt - DEBUG - Receive from parent_transcription_pipe after sendiung transcription request, transcribe_count: 1
2026-07-22 08:16:36.923 - RealTimeSTT: realtimestt - INFO - State changed from 'transcribing' to 'inactive'
2026-07-22 08:16:36.924 - RealTimeSTT: realtimestt - DEBUG - Model tiny.en completed transcription in 0.21 seconds
2026-07-22 08:16:36.925 - RealTimeSTT: realtimestt - INFO - Setting listen time
2026-07-22 08:16:36.925 - RealTimeSTT: realtimestt - INFO - State changed from 'inactive' to 'listening'
2026-07-22 08:16:36.925 - RealTimeSTT: realtimestt - DEBUG - Waiting for recording start
2026-07-22 08:16:51.173 - RealTimeSTT: realtimestt - INFO - voice activity detected
2026-07-22 08:16:51.173 - RealTimeSTT: realtimestt - INFO - recording started
2026-07-22 08:16:51.173 - RealTimeSTT: realtimestt - INFO - State changed from 'listening' to 'recording'
2026-07-22 08:16:51.173 - RealTimeSTT: realtimestt - DEBUG - Waiting for recording stop
2026-07-22 08:16:52.323 - RealTimeSTT: realtimestt - INFO - recording stopped
2026-07-22 08:16:52.324 - RealTimeSTT: realtimestt - DEBUG - No samples removed, final audio length: 34816
2026-07-22 08:16:52.324 - RealTimeSTT: realtimestt - INFO - State changed from 'recording' to 'inactive'
2026-07-22 08:16:52.324 - RealTimeSTT: realtimestt - INFO - State changed from 'inactive' to 'transcribing'
2026-07-22 08:16:52.324 - RealTimeSTT: realtimestt - DEBUG - Adding transcription request, no early transcription started
2026-07-22 08:16:52.344 - RealTimeSTT: realtimestt - DEBUG - Receive from parent_transcription_pipe after sendiung transcription request, transcribe_count: 1
2026-07-22 08:16:52.445 - RealTimeSTT: realtimestt - DEBUG - Receive from parent_transcription_pipe after sendiung transcription request, transcribe_count: 1
2026-07-22 08:16:52.500 - RealTimeSTT: realtimestt - INFO - State changed from 'transcribing' to 'inactive'
2026-07-22 08:16:52.501 - RealTimeSTT: realtimestt - DEBUG - Model tiny.en completed transcription in 0.18 seconds
2026-07-22 08:16:52.501 - RealTimeSTT: realtimestt - INFO - Setting listen time
2026-07-22 08:16:52.501 - RealTimeSTT: realtimestt - INFO - State changed from 'inactive' to 'listening'
2026-07-22 08:16:52.501 - RealTimeSTT: realtimestt - DEBUG - Waiting for recording start
2026-07-22 08:16:58.283 - RealTimeSTT: realtimestt - INFO - voice activity detected
2026-07-22 08:16:58.283 - RealTimeSTT: realtimestt - INFO - recording started
2026-07-22 08:16:58.283 - RealTimeSTT: realtimestt - INFO - State changed from 'listening' to 'recording'
2026-07-22 08:16:58.283 - RealTimeSTT: realtimestt - DEBUG - Waiting for recording stop
2026-07-22 08:16:58.923 - RealTimeSTT: realtimestt - INFO - recording stopped
2026-07-22 08:16:58.924 - RealTimeSTT: realtimestt - DEBUG - No samples removed, final audio length: 26624
2026-07-22 08:16:58.924 - RealTimeSTT: realtimestt - INFO - State changed from 'recording' to 'inactive'
2026-07-22 08:16:58.924 - RealTimeSTT: realtimestt - INFO - State changed from 'inactive' to 'transcribing'
2026-07-22 08:16:58.924 - RealTimeSTT: realtimestt - DEBUG - Adding transcription request, no early transcription started
2026-07-22 08:16:58.927 - RealTimeSTT: realtimestt - DEBUG - Receive from parent_transcription_pipe after sendiung transcription request, transcribe_count: 1
2026-07-22 08:16:59.027 - RealTimeSTT: realtimestt - DEBUG - Receive from parent_transcription_pipe after sendiung transcription request, transcribe_count: 1
2026-07-22 08:16:59.070 - RealTimeSTT: realtimestt - INFO - State changed from 'transcribing' to 'inactive'
2026-07-22 08:16:59.070 - RealTimeSTT: realtimestt - DEBUG - Model tiny.en completed transcription in 0.15 seconds
2026-07-22 08:16:59.071 - RealTimeSTT: realtimestt - INFO - Setting listen time
2026-07-22 08:16:59.071 - RealTimeSTT: realtimestt - INFO - State changed from 'inactive' to 'listening'
2026-07-22 08:16:59.071 - RealTimeSTT: realtimestt - DEBUG - Waiting for recording start
2026-07-22 08:17:09.033 - RealTimeSTT: realtimestt - INFO - voice activity detected
2026-07-22 08:17:09.033 - RealTimeSTT: realtimestt - INFO - recording started
2026-07-22 08:17:09.033 - RealTimeSTT: realtimestt - INFO - State changed from 'listening' to 'recording'
2026-07-22 08:17:09.034 - RealTimeSTT: realtimestt - DEBUG - Waiting for recording stop
2026-07-22 08:17:10.053 - RealTimeSTT: realtimestt - INFO - recording stopped
2026-07-22 08:17:10.055 - RealTimeSTT: realtimestt - DEBUG - No samples removed, final audio length: 32768
2026-07-22 08:17:10.055 - RealTimeSTT: realtimestt - INFO - State changed from 'recording' to 'inactive'
2026-07-22 08:17:10.055 - RealTimeSTT: realtimestt - INFO - State changed from 'inactive' to 'transcribing'
2026-07-22 08:17:10.055 - RealTimeSTT: realtimestt - DEBUG - Adding transcription request, no early transcription started
2026-07-22 08:17:10.055 - RealTimeSTT: realtimestt - DEBUG - Receive from parent_transcription_pipe after sendiung transcription request, transcribe_count: 1
2026-07-22 08:17:10.156 - RealTimeSTT: realtimestt - DEBUG - Receive from parent_transcription_pipe after sendiung transcription request, transcribe_count: 1
2026-07-22 08:17:10.205 - RealTimeSTT: realtimestt - INFO - State changed from 'transcribing' to 'inactive'
2026-07-22 08:17:10.206 - RealTimeSTT: realtimestt - DEBUG - Model tiny.en completed transcription in 0.15 seconds
2026-07-22 08:17:10.206 - RealTimeSTT: realtimestt - INFO - Setting listen time
2026-07-22 08:17:10.206 - RealTimeSTT: realtimestt - INFO - State changed from 'inactive' to 'listening'
2026-07-22 08:17:10.206 - RealTimeSTT: realtimestt - DEBUG - Waiting for recording start
2026-07-22 08:17:13.893 - RealTimeSTT: realtimestt - INFO - voice activity detected
2026-07-22 08:17:13.893 - RealTimeSTT: realtimestt - INFO - recording started
2026-07-22 08:17:13.893 - RealTimeSTT: realtimestt - INFO - State changed from 'listening' to 'recording'
2026-07-22 08:17:13.893 - RealTimeSTT: realtimestt - DEBUG - Waiting for recording stop
2026-07-22 08:17:15.563 - RealTimeSTT: realtimestt - INFO - recording stopped
2026-07-22 08:17:15.564 - RealTimeSTT: realtimestt - DEBUG - No samples removed, final audio length: 43008
2026-07-22 08:17:15.564 - RealTimeSTT: realtimestt - INFO - State changed from 'recording' to 'inactive'
2026-07-22 08:17:15.564 - RealTimeSTT: realtimestt - INFO - State changed from 'inactive' to 'transcribing'
2026-07-22 08:17:15.564 - RealTimeSTT: realtimestt - DEBUG - Adding transcription request, no early transcription started
2026-07-22 08:17:15.564 - RealTimeSTT: realtimestt - DEBUG - Receive from parent_transcription_pipe after sendiung transcription request, transcribe_count: 1
2026-07-22 08:17:15.664 - RealTimeSTT: realtimestt - DEBUG - Receive from parent_transcription_pipe after sendiung transcription request, transcribe_count: 1
2026-07-22 08:17:15.701 - RealTimeSTT: realtimestt - INFO - State changed from 'transcribing' to 'inactive'
2026-07-22 08:17:15.702 - RealTimeSTT: realtimestt - DEBUG - Model tiny.en completed transcription in 0.14 seconds
2026-07-22 08:17:15.702 - RealTimeSTT: realtimestt - INFO - Setting listen time
2026-07-22 08:17:15.702 - RealTimeSTT: realtimestt - INFO - State changed from 'inactive' to 'listening'
2026-07-22 08:17:15.702 - RealTimeSTT: realtimestt - DEBUG - Waiting for recording start
2026-07-22 08:17:30.724 - RealTimeSTT: realtimestt - INFO - voice activity detected
2026-07-22 08:17:30.724 - RealTimeSTT: realtimestt - INFO - recording started
2026-07-22 08:17:30.724 - RealTimeSTT: realtimestt - INFO - State changed from 'listening' to 'recording'
2026-07-22 08:17:30.724 - RealTimeSTT: realtimestt - DEBUG - Waiting for recording stop
2026-07-22 08:17:34.374 - RealTimeSTT: realtimestt - INFO - recording stopped
2026-07-22 08:17:34.375 - RealTimeSTT: realtimestt - DEBUG - No samples removed, final audio length: 74752
2026-07-22 08:17:34.375 - RealTimeSTT: realtimestt - INFO - State changed from 'recording' to 'inactive'
2026-07-22 08:17:34.375 - RealTimeSTT: realtimestt - INFO - State changed from 'inactive' to 'transcribing'
2026-07-22 08:17:34.375 - RealTimeSTT: realtimestt - DEBUG - Adding transcription request, no early transcription started
2026-07-22 08:17:34.387 - RealTimeSTT: realtimestt - DEBUG - Receive from parent_transcription_pipe after sendiung transcription request, transcribe_count: 1
2026-07-22 08:17:34.488 - RealTimeSTT: realtimestt - DEBUG - Receive from parent_transcription_pipe after sendiung transcription request, transcribe_count: 1
2026-07-22 08:17:34.588 - RealTimeSTT: realtimestt - DEBUG - Receive from parent_transcription_pipe after sendiung transcription request, transcribe_count: 1
2026-07-22 08:17:34.616 - RealTimeSTT: realtimestt - INFO - State changed from 'transcribing' to 'inactive'
2026-07-22 08:17:34.618 - RealTimeSTT: realtimestt - DEBUG - Model tiny.en completed transcription in 0.24 seconds
2026-07-22 08:17:34.618 - RealTimeSTT: realtimestt - INFO - Setting listen time
2026-07-22 08:17:34.618 - RealTimeSTT: realtimestt - INFO - State changed from 'inactive' to 'listening'
2026-07-22 08:17:34.618 - RealTimeSTT: realtimestt - DEBUG - Waiting for recording start
2026-07-22 08:17:36.744 - RealTimeSTT: realtimestt - INFO - voice activity detected
2026-07-22 08:17:36.744 - RealTimeSTT: realtimestt - INFO - recording started
2026-07-22 08:17:36.744 - RealTimeSTT: realtimestt - INFO - State changed from 'listening' to 'recording'
2026-07-22 08:17:36.744 - RealTimeSTT: realtimestt - DEBUG - Waiting for recording stop
2026-07-22 08:17:37.384 - RealTimeSTT: realtimestt - INFO - recording stopped
2026-07-22 08:17:37.384 - RealTimeSTT: realtimestt - DEBUG - No samples removed, final audio length: 26624
2026-07-22 08:17:37.384 - RealTimeSTT: realtimestt - INFO - State changed from 'recording' to 'inactive'
2026-07-22 08:17:37.384 - RealTimeSTT: realtimestt - INFO - State changed from 'inactive' to 'transcribing'
2026-07-22 08:17:37.384 - RealTimeSTT: realtimestt - DEBUG - Adding transcription request, no early transcription started
2026-07-22 08:17:37.392 - RealTimeSTT: realtimestt - DEBUG - Receive from parent_transcription_pipe after sendiung transcription request, transcribe_count: 1
2026-07-22 08:17:37.492 - RealTimeSTT: realtimestt - DEBUG - Receive from parent_transcription_pipe after sendiung transcription request, transcribe_count: 1
2026-07-22 08:17:37.540 - RealTimeSTT: realtimestt - INFO - State changed from 'transcribing' to 'inactive'
2026-07-22 08:17:37.541 - RealTimeSTT: realtimestt - DEBUG - Model tiny.en completed transcription in 0.16 seconds
2026-07-22 08:17:37.541 - RealTimeSTT: realtimestt - INFO - Setting listen time
2026-07-22 08:17:37.541 - RealTimeSTT: realtimestt - INFO - State changed from 'inactive' to 'listening'
2026-07-22 08:17:37.541 - RealTimeSTT: realtimestt - DEBUG - Waiting for recording start
2026-07-22 08:18:03.884 - RealTimeSTT: realtimestt - INFO - voice activity detected
2026-07-22 08:18:03.884 - RealTimeSTT: realtimestt - INFO - recording started
2026-07-22 08:18:03.884 - RealTimeSTT: realtimestt - INFO - State changed from 'listening' to 'recording'
2026-07-22 08:18:03.884 - RealTimeSTT: realtimestt - DEBUG - Waiting for recording stop
2026-07-22 08:18:05.414 - RealTimeSTT: realtimestt - INFO - recording stopped
2026-07-22 08:18:05.415 - RealTimeSTT: realtimestt - DEBUG - No samples removed, final audio length: 40960
2026-07-22 08:18:05.415 - RealTimeSTT: realtimestt - INFO - State changed from 'recording' to 'inactive'
2026-07-22 08:18:05.415 - RealTimeSTT: realtimestt - INFO - State changed from 'inactive' to 'transcribing'
2026-07-22 08:18:05.415 - RealTimeSTT: realtimestt - DEBUG - Adding transcription request, no early transcription started
2026-07-22 08:18:05.421 - RealTimeSTT: realtimestt - DEBUG - Receive from parent_transcription_pipe after sendiung transcription request, transcribe_count: 1
2026-07-22 08:18:05.522 - RealTimeSTT: realtimestt - DEBUG - Receive from parent_transcription_pipe after sendiung transcription request, transcribe_count: 1
2026-07-22 08:18:05.595 - RealTimeSTT: realtimestt - INFO - State changed from 'transcribing' to 'inactive'
2026-07-22 08:18:05.596 - RealTimeSTT: realtimestt - DEBUG - Model tiny.en completed transcription in 0.18 seconds
2026-07-22 08:18:05.596 - RealTimeSTT: realtimestt - INFO - Setting listen time
2026-07-22 08:18:05.596 - RealTimeSTT: realtimestt - INFO - State changed from 'inactive' to 'listening'
2026-07-22 08:18:05.596 - RealTimeSTT: realtimestt - DEBUG - Waiting for recording start
2026-07-22 08:18:14.694 - RealTimeSTT: realtimestt - INFO - voice activity detected
2026-07-22 08:18:14.694 - RealTimeSTT: realtimestt - INFO - recording started
2026-07-22 08:18:14.694 - RealTimeSTT: realtimestt - INFO - State changed from 'listening' to 'recording'
2026-07-22 08:18:14.695 - RealTimeSTT: realtimestt - DEBUG - Waiting for recording stop
2026-07-22 08:18:19.044 - RealTimeSTT: realtimestt - INFO - recording stopped
2026-07-22 08:18:19.046 - RealTimeSTT: realtimestt - DEBUG - No samples removed, final audio length: 86016
2026-07-22 08:18:19.046 - RealTimeSTT: realtimestt - INFO - State changed from 'recording' to 'inactive'
2026-07-22 08:18:19.046 - RealTimeSTT: realtimestt - INFO - State changed from 'inactive' to 'transcribing'
2026-07-22 08:18:19.046 - RealTimeSTT: realtimestt - DEBUG - Adding transcription request, no early transcription started
2026-07-22 08:18:19.067 - RealTimeSTT: realtimestt - DEBUG - Receive from parent_transcription_pipe after sendiung transcription request, transcribe_count: 1
2026-07-22 08:18:19.168 - RealTimeSTT: realtimestt - DEBUG - Receive from parent_transcription_pipe after sendiung transcription request, transcribe_count: 1
2026-07-22 08:18:19.269 - RealTimeSTT: realtimestt - DEBUG - Receive from parent_transcription_pipe after sendiung transcription request, transcribe_count: 1
2026-07-22 08:18:19.299 - RealTimeSTT: realtimestt - INFO - State changed from 'transcribing' to 'inactive'
2026-07-22 08:18:19.300 - RealTimeSTT: realtimestt - DEBUG - Model tiny.en completed transcription in 0.25 seconds
2026-07-22 08:18:19.300 - RealTimeSTT: realtimestt - INFO - Setting listen time
2026-07-22 08:18:19.300 - RealTimeSTT: realtimestt - INFO - State changed from 'inactive' to 'listening'
2026-07-22 08:18:19.300 - RealTimeSTT: realtimestt - DEBUG - Waiting for recording start
2026-07-22 08:18:33.385 - RealTimeSTT: realtimestt - INFO - voice activity detected
2026-07-22 08:18:33.385 - RealTimeSTT: realtimestt - INFO - recording started
2026-07-22 08:18:33.385 - RealTimeSTT: realtimestt - INFO - State changed from 'listening' to 'recording'
2026-07-22 08:18:33.385 - RealTimeSTT: realtimestt - DEBUG - Waiting for recording stop
2026-07-22 08:18:35.305 - RealTimeSTT: realtimestt - INFO - recording stopped
2026-07-22 08:18:35.305 - RealTimeSTT: realtimestt - DEBUG - No samples removed, final audio length: 47104
2026-07-22 08:18:35.306 - RealTimeSTT: realtimestt - INFO - State changed from 'recording' to 'inactive'
2026-07-22 08:18:35.306 - RealTimeSTT: realtimestt - INFO - State changed from 'inactive' to 'transcribing'
2026-07-22 08:18:35.306 - RealTimeSTT: realtimestt - DEBUG - Adding transcription request, no early transcription started
2026-07-22 08:18:35.306 - RealTimeSTT: realtimestt - DEBUG - Receive from parent_transcription_pipe after sendiung transcription request, transcribe_count: 1
2026-07-22 08:18:35.406 - RealTimeSTT: realtimestt - DEBUG - Receive from parent_transcription_pipe after sendiung transcription request, transcribe_count: 1
2026-07-22 08:18:35.458 - RealTimeSTT: realtimestt - INFO - State changed from 'transcribing' to 'inactive'
2026-07-22 08:18:35.458 - RealTimeSTT: realtimestt - DEBUG - Model tiny.en completed transcription in 0.15 seconds
2026-07-22 08:18:35.458 - RealTimeSTT: realtimestt - INFO - Setting listen time
2026-07-22 08:18:35.459 - RealTimeSTT: realtimestt - INFO - State changed from 'inactive' to 'listening'
2026-07-22 08:18:35.459 - RealTimeSTT: realtimestt - DEBUG - Waiting for recording start
2026-07-22 08:18:37.865 - RealTimeSTT: realtimestt - INFO - voice activity detected
2026-07-22 08:18:37.865 - RealTimeSTT: realtimestt - INFO - recording started
2026-07-22 08:18:37.865 - RealTimeSTT: realtimestt - INFO - State changed from 'listening' to 'recording'
2026-07-22 08:18:37.865 - RealTimeSTT: realtimestt - DEBUG - Waiting for recording stop
2026-07-22 08:18:40.045 - RealTimeSTT: realtimestt - INFO - recording stopped
2026-07-22 08:18:40.047 - RealTimeSTT: realtimestt - DEBUG - No samples removed, final audio length: 51200
2026-07-22 08:18:40.047 - RealTimeSTT: realtimestt - INFO - State changed from 'recording' to 'inactive'
2026-07-22 08:18:40.047 - RealTimeSTT: realtimestt - INFO - State changed from 'inactive' to 'transcribing'
2026-07-22 08:18:40.047 - RealTimeSTT: realtimestt - DEBUG - Adding transcription request, no early transcription started
2026-07-22 08:18:40.051 - RealTimeSTT: realtimestt - DEBUG - Receive from parent_transcription_pipe after sendiung transcription request, transcribe_count: 1
2026-07-22 08:18:40.151 - RealTimeSTT: realtimestt - DEBUG - Receive from parent_transcription_pipe after sendiung transcription request, transcribe_count: 1
2026-07-22 08:18:40.226 - RealTimeSTT: realtimestt - INFO - State changed from 'transcribing' to 'inactive'
2026-07-22 08:18:40.227 - RealTimeSTT: realtimestt - DEBUG - Model tiny.en completed transcription in 0.18 seconds
2026-07-22 08:18:40.227 - RealTimeSTT: realtimestt - INFO - Setting listen time
2026-07-22 08:18:40.227 - RealTimeSTT: realtimestt - INFO - State changed from 'inactive' to 'listening'
2026-07-22 08:18:40.227 - RealTimeSTT: realtimestt - DEBUG - Waiting for recording start
2026-07-22 08:18:46.245 - RealTimeSTT: realtimestt - INFO - voice activity detected
2026-07-22 08:18:46.245 - RealTimeSTT: realtimestt - INFO - recording started
2026-07-22 08:18:46.245 - RealTimeSTT: realtimestt - INFO - State changed from 'listening' to 'recording'
2026-07-22 08:18:46.245 - RealTimeSTT: realtimestt - DEBUG - Waiting for recording stop
2026-07-22 08:18:51.245 - RealTimeSTT: realtimestt - INFO - recording stopped
2026-07-22 08:18:51.247 - RealTimeSTT: realtimestt - DEBUG - No samples removed, final audio length: 96256
2026-07-22 08:18:51.247 - RealTimeSTT: realtimestt - INFO - State changed from 'recording' to 'inactive'
2026-07-22 08:18:51.247 - RealTimeSTT: realtimestt - INFO - State changed from 'inactive' to 'transcribing'
2026-07-22 08:18:51.247 - RealTimeSTT: realtimestt - DEBUG - Adding transcription request, no early transcription started
2026-07-22 08:18:51.264 - RealTimeSTT: realtimestt - DEBUG - Receive from parent_transcription_pipe after sendiung transcription request, transcribe_count: 1
2026-07-22 08:18:51.364 - RealTimeSTT: realtimestt - DEBUG - Receive from parent_transcription_pipe after sendiung transcription request, transcribe_count: 1
2026-07-22 08:18:51.451 - RealTimeSTT: realtimestt - INFO - State changed from 'transcribing' to 'inactive'
2026-07-22 08:18:51.452 - RealTimeSTT: realtimestt - DEBUG - Model tiny.en completed transcription in 0.20 seconds
2026-07-22 08:18:51.452 - RealTimeSTT: realtimestt - INFO - Setting listen time
2026-07-22 08:18:51.452 - RealTimeSTT: realtimestt - INFO - State changed from 'inactive' to 'listening'
2026-07-22 08:18:51.452 - RealTimeSTT: realtimestt - DEBUG - Waiting for recording start
2026-07-22 08:18:52.845 - RealTimeSTT: realtimestt - INFO - voice activity detected
2026-07-22 08:18:52.845 - RealTimeSTT: realtimestt - INFO - recording started
2026-07-22 08:18:52.845 - RealTimeSTT: realtimestt - INFO - State changed from 'listening' to 'recording'
2026-07-22 08:18:52.845 - RealTimeSTT: realtimestt - DEBUG - Waiting for recording stop
2026-07-22 08:18:57.445 - RealTimeSTT: realtimestt - INFO - recording stopped
2026-07-22 08:18:57.446 - RealTimeSTT: realtimestt - DEBUG - No samples removed, final audio length: 90112
2026-07-22 08:18:57.446 - RealTimeSTT: realtimestt - INFO - State changed from 'recording' to 'inactive'
2026-07-22 08:18:57.447 - RealTimeSTT: realtimestt - INFO - State changed from 'inactive' to 'transcribing'
2026-07-22 08:18:57.447 - RealTimeSTT: realtimestt - DEBUG - Adding transcription request, no early transcription started
2026-07-22 08:18:57.450 - RealTimeSTT: realtimestt - DEBUG - Receive from parent_transcription_pipe after sendiung transcription request, transcribe_count: 1
2026-07-22 08:18:57.550 - RealTimeSTT: realtimestt - DEBUG - Receive from parent_transcription_pipe after sendiung transcription request, transcribe_count: 1
2026-07-22 08:18:57.651 - RealTimeSTT: realtimestt - DEBUG - Receive from parent_transcription_pipe after sendiung transcription request, transcribe_count: 1
2026-07-22 08:18:57.655 - RealTimeSTT: realtimestt - INFO - State changed from 'transcribing' to 'inactive'
2026-07-22 08:18:57.656 - RealTimeSTT: realtimestt - DEBUG - Model tiny.en completed transcription in 0.21 seconds
2026-07-22 08:18:57.657 - RealTimeSTT: realtimestt - INFO - Setting listen time
2026-07-22 08:18:57.657 - RealTimeSTT: realtimestt - INFO - State changed from 'inactive' to 'listening'
2026-07-22 08:18:57.657 - RealTimeSTT: realtimestt - DEBUG - Waiting for recording start
2026-07-22 08:19:02.375 - RealTimeSTT: realtimestt - INFO - voice activity detected
2026-07-22 08:19:02.375 - RealTimeSTT: realtimestt - INFO - recording started
2026-07-22 08:19:02.375 - RealTimeSTT: realtimestt - INFO - State changed from 'listening' to 'recording'
2026-07-22 08:19:02.375 - RealTimeSTT: realtimestt - DEBUG - Waiting for recording stop
2026-07-22 08:19:03.915 - RealTimeSTT: realtimestt - INFO - recording stopped
2026-07-22 08:19:03.916 - RealTimeSTT: realtimestt - DEBUG - No samples removed, final audio length: 40960
2026-07-22 08:19:03.916 - RealTimeSTT: realtimestt - INFO - State changed from 'recording' to 'inactive'
2026-07-22 08:19:03.916 - RealTimeSTT: realtimestt - INFO - State changed from 'inactive' to 'transcribing'
2026-07-22 08:19:03.916 - RealTimeSTT: realtimestt - DEBUG - Adding transcription request, no early transcription started
2026-07-22 08:19:03.934 - RealTimeSTT: realtimestt - DEBUG - Receive from parent_transcription_pipe after sendiung transcription request, transcribe_count: 1
2026-07-22 08:19:04.034 - RealTimeSTT: realtimestt - DEBUG - Receive from parent_transcription_pipe after sendiung transcription request, transcribe_count: 1
2026-07-22 08:19:04.079 - RealTimeSTT: realtimestt - INFO - State changed from 'transcribing' to 'inactive'
2026-07-22 08:19:04.080 - RealTimeSTT: realtimestt - DEBUG - Model tiny.en completed transcription in 0.16 seconds
2026-07-22 08:19:04.080 - RealTimeSTT: realtimestt - INFO - Setting listen time
2026-07-22 08:19:04.080 - RealTimeSTT: realtimestt - INFO - State changed from 'inactive' to 'listening'
2026-07-22 08:19:04.080 - RealTimeSTT: realtimestt - DEBUG - Waiting for recording start
2026-07-22 08:19:19.525 - RealTimeSTT: realtimestt - INFO - voice activity detected
2026-07-22 08:19:19.525 - RealTimeSTT: realtimestt - INFO - recording started
2026-07-22 08:19:19.525 - RealTimeSTT: realtimestt - INFO - State changed from 'listening' to 'recording'
2026-07-22 08:19:19.526 - RealTimeSTT: realtimestt - DEBUG - Waiting for recording stop
2026-07-22 08:19:24.645 - RealTimeSTT: realtimestt - INFO - recording stopped
2026-07-22 08:19:24.647 - RealTimeSTT: realtimestt - DEBUG - No samples removed, final audio length: 98304
2026-07-22 08:19:24.647 - RealTimeSTT: realtimestt - INFO - State changed from 'recording' to 'inactive'
2026-07-22 08:19:24.647 - RealTimeSTT: realtimestt - INFO - State changed from 'inactive' to 'transcribing'
2026-07-22 08:19:24.647 - RealTimeSTT: realtimestt - DEBUG - Adding transcription request, no early transcription started
2026-07-22 08:19:24.666 - RealTimeSTT: realtimestt - DEBUG - Receive from parent_transcription_pipe after sendiung transcription request, transcribe_count: 1
2026-07-22 08:19:24.767 - RealTimeSTT: realtimestt - DEBUG - Receive from parent_transcription_pipe after sendiung transcription request, transcribe_count: 1
2026-07-22 08:19:24.868 - RealTimeSTT: realtimestt - DEBUG - Receive from parent_transcription_pipe after sendiung transcription request, transcribe_count: 1
2026-07-22 08:19:24.969 - RealTimeSTT: realtimestt - DEBUG - Receive from parent_transcription_pipe after sendiung transcription request, transcribe_count: 1
2026-07-22 08:19:25.070 - RealTimeSTT: realtimestt - DEBUG - Receive from parent_transcription_pipe after sendiung transcription request, transcribe_count: 1
2026-07-22 08:19:25.170 - RealTimeSTT: realtimestt - DEBUG - Receive from parent_transcription_pipe after sendiung transcription request, transcribe_count: 1
2026-07-22 08:19:25.270 - RealTimeSTT: realtimestt - DEBUG - Receive from parent_transcription_pipe after sendiung transcription request, transcribe_count: 1
2026-07-22 08:19:25.371 - RealTimeSTT: realtimestt - DEBUG - Receive from parent_transcription_pipe after sendiung transcription request, transcribe_count: 1
2026-07-22 08:19:25.472 - RealTimeSTT: realtimestt - DEBUG - Receive from parent_transcription_pipe after sendiung transcription request, transcribe_count: 1
2026-07-22 08:19:25.572 - RealTimeSTT: realtimestt - DEBUG - Receive from parent_transcription_pipe after sendiung transcription request, transcribe_count: 1
2026-07-22 08:19:25.673 - RealTimeSTT: realtimestt - DEBUG - Receive from parent_transcription_pipe after sendiung transcription request, transcribe_count: 1
2026-07-22 08:19:25.773 - RealTimeSTT: realtimestt - DEBUG - Receive from parent_transcription_pipe after sendiung transcription request, transcribe_count: 1
2026-07-22 08:19:25.867 - RealTimeSTT: realtimestt - INFO - voice activity detected
2026-07-22 08:19:25.867 - RealTimeSTT: realtimestt - INFO - recording started
2026-07-22 08:19:25.867 - RealTimeSTT: realtimestt - INFO - State changed from 'transcribing' to 'recording'
2026-07-22 08:19:25.873 - RealTimeSTT: realtimestt - DEBUG - Receive from parent_transcription_pipe after sendiung transcription request, transcribe_count: 1
2026-07-22 08:19:25.974 - RealTimeSTT: realtimestt - DEBUG - Receive from parent_transcription_pipe after sendiung transcription request, transcribe_count: 1
2026-07-22 08:19:26.074 - RealTimeSTT: realtimestt - DEBUG - Receive from parent_transcription_pipe after sendiung transcription request, transcribe_count: 1
2026-07-22 08:19:26.079 - RealTimeSTT: realtimestt - DEBUG - Model tiny.en completed transcription in 1.43 seconds
2026-07-22 08:19:26.079 - RealTimeSTT: realtimestt - INFO - Setting listen time
2026-07-22 08:19:26.079 - RealTimeSTT: realtimestt - DEBUG - Waiting for recording stop
2026-07-22 08:19:27.276 - RealTimeSTT: realtimestt - INFO - recording stopped
2026-07-22 08:19:27.276 - RealTimeSTT: realtimestt - DEBUG - No samples removed, final audio length: 38912
2026-07-22 08:19:27.276 - RealTimeSTT: realtimestt - INFO - State changed from 'recording' to 'inactive'
2026-07-22 08:19:27.276 - RealTimeSTT: realtimestt - INFO - State changed from 'inactive' to 'transcribing'
2026-07-22 08:19:27.276 - RealTimeSTT: realtimestt - DEBUG - Adding transcription request, no early transcription started
2026-07-22 08:19:27.283 - RealTimeSTT: realtimestt - DEBUG - Receive from parent_transcription_pipe after sendiung transcription request, transcribe_count: 1
2026-07-22 08:19:27.384 - RealTimeSTT: realtimestt - DEBUG - Receive from parent_transcription_pipe after sendiung transcription request, transcribe_count: 1
2026-07-22 08:19:27.427 - RealTimeSTT: realtimestt - INFO - State changed from 'transcribing' to 'inactive'
2026-07-22 08:19:27.428 - RealTimeSTT: realtimestt - DEBUG - Model tiny.en completed transcription in 0.15 seconds
2026-07-22 08:19:27.428 - RealTimeSTT: realtimestt - INFO - Setting listen time
2026-07-22 08:19:27.428 - RealTimeSTT: realtimestt - INFO - State changed from 'inactive' to 'listening'
2026-07-22 08:19:27.428 - RealTimeSTT: realtimestt - DEBUG - Waiting for recording start
2026-07-22 08:19:27.656 - RealTimeSTT: realtimestt - INFO - voice activity detected
2026-07-22 08:19:27.656 - RealTimeSTT: realtimestt - INFO - recording started
2026-07-22 08:19:27.656 - RealTimeSTT: realtimestt - INFO - State changed from 'listening' to 'recording'
2026-07-22 08:19:27.656 - RealTimeSTT: realtimestt - DEBUG - Waiting for recording stop
2026-07-22 08:19:29.765 - RealTimeSTT: realtimestt - INFO - recording stopped
2026-07-22 08:19:29.766 - RealTimeSTT: realtimestt - DEBUG - No samples removed, final audio length: 40448
2026-07-22 08:19:29.766 - RealTimeSTT: realtimestt - INFO - State changed from 'recording' to 'inactive'
2026-07-22 08:19:29.766 - RealTimeSTT: realtimestt - INFO - State changed from 'inactive' to 'transcribing'
2026-07-22 08:19:29.766 - RealTimeSTT: realtimestt - DEBUG - Adding transcription request, no early transcription started
2026-07-22 08:19:29.782 - RealTimeSTT: realtimestt - DEBUG - Receive from parent_transcription_pipe after sendiung transcription request, transcribe_count: 1
2026-07-22 08:19:29.882 - RealTimeSTT: realtimestt - DEBUG - Receive from parent_transcription_pipe after sendiung transcription request, transcribe_count: 1
2026-07-22 08:19:29.947 - RealTimeSTT: realtimestt - INFO - State changed from 'transcribing' to 'inactive'
2026-07-22 08:19:29.948 - RealTimeSTT: realtimestt - DEBUG - Model tiny.en completed transcription in 0.18 seconds
2026-07-22 08:19:29.948 - RealTimeSTT: realtimestt - INFO - Setting listen time
2026-07-22 08:19:29.948 - RealTimeSTT: realtimestt - INFO - State changed from 'inactive' to 'listening'
2026-07-22 08:19:29.948 - RealTimeSTT: realtimestt - DEBUG - Waiting for recording start
2026-07-22 08:19:31.116 - RealTimeSTT: realtimestt - INFO - voice activity detected
2026-07-22 08:19:31.116 - RealTimeSTT: realtimestt - INFO - recording started
2026-07-22 08:19:31.116 - RealTimeSTT: realtimestt - INFO - State changed from 'listening' to 'recording'
2026-07-22 08:19:31.116 - RealTimeSTT: realtimestt - DEBUG - Waiting for recording stop
2026-07-22 08:19:34.126 - RealTimeSTT: realtimestt - INFO - recording stopped
2026-07-22 08:19:34.127 - RealTimeSTT: realtimestt - DEBUG - No samples removed, final audio length: 64512
2026-07-22 08:19:34.127 - RealTimeSTT: realtimestt - INFO - State changed from 'recording' to 'inactive'
2026-07-22 08:19:34.127 - RealTimeSTT: realtimestt - INFO - State changed from 'inactive' to 'transcribing'
2026-07-22 08:19:34.127 - RealTimeSTT: realtimestt - DEBUG - Adding transcription request, no early transcription started
2026-07-22 08:19:34.140 - RealTimeSTT: realtimestt - DEBUG - Receive from parent_transcription_pipe after sendiung transcription request, transcribe_count: 1
2026-07-22 08:19:34.240 - RealTimeSTT: realtimestt - DEBUG - Receive from parent_transcription_pipe after sendiung transcription request, transcribe_count: 1
2026-07-22 08:19:34.288 - RealTimeSTT: realtimestt - INFO - State changed from 'transcribing' to 'inactive'
2026-07-22 08:19:34.288 - RealTimeSTT: realtimestt - DEBUG - Model tiny.en completed transcription in 0.16 seconds
2026-07-22 08:19:34.289 - RealTimeSTT: realtimestt - INFO - Setting listen time
2026-07-22 08:19:34.289 - RealTimeSTT: realtimestt - INFO - State changed from 'inactive' to 'listening'
2026-07-22 08:19:34.289 - RealTimeSTT: realtimestt - DEBUG - Waiting for recording start
2026-07-22 08:19:35.146 - RealTimeSTT: realtimestt - INFO - voice activity detected
2026-07-22 08:19:35.146 - RealTimeSTT: realtimestt - INFO - recording started
2026-07-22 08:19:35.146 - RealTimeSTT: realtimestt - INFO - State changed from 'listening' to 'recording'
2026-07-22 08:19:35.146 - RealTimeSTT: realtimestt - DEBUG - Waiting for recording stop
2026-07-22 08:19:38.286 - RealTimeSTT: realtimestt - INFO - recording stopped
2026-07-22 08:19:38.288 - RealTimeSTT: realtimestt - DEBUG - No samples removed, final audio length: 66560
2026-07-22 08:19:38.288 - RealTimeSTT: realtimestt - INFO - State changed from 'recording' to 'inactive'
2026-07-22 08:19:38.288 - RealTimeSTT: realtimestt - INFO - State changed from 'inactive' to 'transcribing'
2026-07-22 08:19:38.288 - RealTimeSTT: realtimestt - DEBUG - Adding transcription request, no early transcription started
2026-07-22 08:19:38.288 - RealTimeSTT: realtimestt - DEBUG - Receive from parent_transcription_pipe after sendiung transcription request, transcribe_count: 1
2026-07-22 08:19:38.388 - RealTimeSTT: realtimestt - DEBUG - Receive from parent_transcription_pipe after sendiung transcription request, transcribe_count: 1
2026-07-22 08:19:38.440 - RealTimeSTT: realtimestt - INFO - State changed from 'transcribing' to 'inactive'
2026-07-22 08:19:38.441 - RealTimeSTT: realtimestt - DEBUG - Model tiny.en completed transcription in 0.15 seconds
2026-07-22 08:19:38.442 - RealTimeSTT: realtimestt - INFO - Setting listen time
2026-07-22 08:19:38.442 - RealTimeSTT: realtimestt - INFO - State changed from 'inactive' to 'listening'
2026-07-22 08:19:38.442 - RealTimeSTT: realtimestt - DEBUG - Waiting for recording start
2026-07-22 08:19:46.797 - RealTimeSTT: realtimestt - INFO - voice activity detected
2026-07-22 08:19:46.797 - RealTimeSTT: realtimestt - INFO - recording started
2026-07-22 08:19:46.797 - RealTimeSTT: realtimestt - INFO - State changed from 'listening' to 'recording'
2026-07-22 08:19:46.797 - RealTimeSTT: realtimestt - DEBUG - Waiting for recording stop
2026-07-22 08:19:49.677 - RealTimeSTT: realtimestt - INFO - recording stopped
2026-07-22 08:19:49.678 - RealTimeSTT: realtimestt - DEBUG - No samples removed, final audio length: 62464
2026-07-22 08:19:49.678 - RealTimeSTT: realtimestt - INFO - State changed from 'recording' to 'inactive'
2026-07-22 08:19:49.678 - RealTimeSTT: realtimestt - INFO - State changed from 'inactive' to 'transcribing'
2026-07-22 08:19:49.678 - RealTimeSTT: realtimestt - DEBUG - Adding transcription request, no early transcription started
2026-07-22 08:19:49.688 - RealTimeSTT: realtimestt - DEBUG - Receive from parent_transcription_pipe after sendiung transcription request, transcribe_count: 1
2026-07-22 08:19:49.789 - RealTimeSTT: realtimestt - DEBUG - Receive from parent_transcription_pipe after sendiung transcription request, transcribe_count: 1
2026-07-22 08:19:49.846 - RealTimeSTT: realtimestt - INFO - State changed from 'transcribing' to 'inactive'
2026-07-22 08:19:49.846 - RealTimeSTT: realtimestt - DEBUG - Model tiny.en completed transcription in 0.17 seconds
2026-07-22 08:19:49.847 - RealTimeSTT: realtimestt - INFO - Setting listen time
2026-07-22 08:19:49.847 - RealTimeSTT: realtimestt - INFO - State changed from 'inactive' to 'listening'
2026-07-22 08:19:49.847 - RealTimeSTT: realtimestt - DEBUG - Waiting for recording start
2026-07-22 08:19:50.506 - RealTimeSTT: realtimestt - INFO - voice activity detected
2026-07-22 08:19:50.506 - RealTimeSTT: realtimestt - INFO - recording started
2026-07-22 08:19:50.506 - RealTimeSTT: realtimestt - INFO - State changed from 'listening' to 'recording'
2026-07-22 08:19:50.506 - RealTimeSTT: realtimestt - DEBUG - Waiting for recording stop
2026-07-22 08:19:51.597 - RealTimeSTT: realtimestt - INFO - recording stopped
2026-07-22 08:19:51.597 - RealTimeSTT: realtimestt - DEBUG - No samples removed, final audio length: 31232
2026-07-22 08:19:51.597 - RealTimeSTT: realtimestt - INFO - State changed from 'recording' to 'inactive'
2026-07-22 08:19:51.597 - RealTimeSTT: realtimestt - INFO - State changed from 'inactive' to 'transcribing'
2026-07-22 08:19:51.597 - RealTimeSTT: realtimestt - DEBUG - Adding transcription request, no early transcription started
2026-07-22 08:19:51.602 - RealTimeSTT: realtimestt - DEBUG - Receive from parent_transcription_pipe after sendiung transcription request, transcribe_count: 1
2026-07-22 08:19:51.702 - RealTimeSTT: realtimestt - DEBUG - Receive from parent_transcription_pipe after sendiung transcription request, transcribe_count: 1
2026-07-22 08:19:51.756 - RealTimeSTT: realtimestt - INFO - State changed from 'transcribing' to 'inactive'
2026-07-22 08:19:51.757 - RealTimeSTT: realtimestt - DEBUG - Model tiny.en completed transcription in 0.16 seconds
2026-07-22 08:19:51.757 - RealTimeSTT: realtimestt - INFO - Setting listen time
2026-07-22 08:19:51.757 - RealTimeSTT: realtimestt - INFO - State changed from 'inactive' to 'listening'
2026-07-22 08:19:51.757 - RealTimeSTT: realtimestt - DEBUG - Waiting for recording start
2026-07-22 08:20:08.166 - RealTimeSTT: realtimestt - INFO - voice activity detected
2026-07-22 08:20:08.166 - RealTimeSTT: realtimestt - INFO - recording started
2026-07-22 08:20:08.166 - RealTimeSTT: realtimestt - INFO - State changed from 'listening' to 'recording'
2026-07-22 08:20:08.166 - RealTimeSTT: realtimestt - DEBUG - Waiting for recording stop
2026-07-22 08:20:08.936 - RealTimeSTT: realtimestt - INFO - recording stopped
2026-07-22 08:20:08.937 - RealTimeSTT: realtimestt - DEBUG - No samples removed, final audio length: 28672
2026-07-22 08:20:08.937 - RealTimeSTT: realtimestt - INFO - State changed from 'recording' to 'inactive'
2026-07-22 08:20:08.937 - RealTimeSTT: realtimestt - INFO - State changed from 'inactive' to 'transcribing'
2026-07-22 08:20:08.937 - RealTimeSTT: realtimestt - DEBUG - Adding transcription request, no early transcription started
2026-07-22 08:20:08.938 - RealTimeSTT: realtimestt - DEBUG - Receive from parent_transcription_pipe after sendiung transcription request, transcribe_count: 1
2026-07-22 08:20:09.038 - RealTimeSTT: realtimestt - DEBUG - Receive from parent_transcription_pipe after sendiung transcription request, transcribe_count: 1
2026-07-22 08:20:09.081 - RealTimeSTT: realtimestt - INFO - State changed from 'transcribing' to 'inactive'
2026-07-22 08:20:09.082 - RealTimeSTT: realtimestt - DEBUG - Model tiny.en completed transcription in 0.14 seconds
2026-07-22 08:20:09.082 - RealTimeSTT: realtimestt - INFO - Setting listen time
2026-07-22 08:20:09.082 - RealTimeSTT: realtimestt - INFO - State changed from 'inactive' to 'listening'
2026-07-22 08:20:09.082 - RealTimeSTT: realtimestt - DEBUG - Waiting for recording start
2026-07-22 08:20:10.726 - RealTimeSTT: realtimestt - INFO - voice activity detected
2026-07-22 08:20:10.726 - RealTimeSTT: realtimestt - INFO - recording started
2026-07-22 08:20:10.726 - RealTimeSTT: realtimestt - INFO - State changed from 'listening' to 'recording'
2026-07-22 08:20:10.726 - RealTimeSTT: realtimestt - DEBUG - Waiting for recording stop
2026-07-22 08:20:12.076 - RealTimeSTT: realtimestt - INFO - recording stopped
2026-07-22 08:20:12.077 - RealTimeSTT: realtimestt - DEBUG - No samples removed, final audio length: 37888
2026-07-22 08:20:12.077 - RealTimeSTT: realtimestt - INFO - State changed from 'recording' to 'inactive'
2026-07-22 08:20:12.077 - RealTimeSTT: realtimestt - INFO - State changed from 'inactive' to 'transcribing'
2026-07-22 08:20:12.077 - RealTimeSTT: realtimestt - DEBUG - Adding transcription request, no early transcription started
2026-07-22 08:20:12.077 - RealTimeSTT: realtimestt - DEBUG - Receive from parent_transcription_pipe after sendiung transcription request, transcribe_count: 1
2026-07-22 08:20:12.178 - RealTimeSTT: realtimestt - DEBUG - Receive from parent_transcription_pipe after sendiung transcription request, transcribe_count: 1
2026-07-22 08:20:12.238 - RealTimeSTT: realtimestt - INFO - State changed from 'transcribing' to 'inactive'
2026-07-22 08:20:12.239 - RealTimeSTT: realtimestt - DEBUG - Model tiny.en completed transcription in 0.16 seconds
2026-07-22 08:20:12.239 - RealTimeSTT: realtimestt - INFO - Setting listen time
2026-07-22 08:20:12.239 - RealTimeSTT: realtimestt - INFO - State changed from 'inactive' to 'listening'
2026-07-22 08:20:12.239 - RealTimeSTT: realtimestt - DEBUG - Waiting for recording start
2026-07-22 08:20:13.547 - RealTimeSTT: realtimestt - INFO - voice activity detected
2026-07-22 08:20:13.547 - RealTimeSTT: realtimestt - INFO - recording started
2026-07-22 08:20:13.547 - RealTimeSTT: realtimestt - INFO - State changed from 'listening' to 'recording'
2026-07-22 08:20:13.547 - RealTimeSTT: realtimestt - DEBUG - Waiting for recording stop
2026-07-22 08:20:16.746 - RealTimeSTT: realtimestt - INFO - recording stopped
2026-07-22 08:20:16.747 - RealTimeSTT: realtimestt - DEBUG - No samples removed, final audio length: 67584
2026-07-22 08:20:16.747 - RealTimeSTT: realtimestt - INFO - State changed from 'recording' to 'inactive'
2026-07-22 08:20:16.747 - RealTimeSTT: realtimestt - INFO - State changed from 'inactive' to 'transcribing'
2026-07-22 08:20:16.747 - RealTimeSTT: realtimestt - DEBUG - Adding transcription request, no early transcription started
2026-07-22 08:20:16.750 - RealTimeSTT: realtimestt - DEBUG - Receive from parent_transcription_pipe after sendiung transcription request, transcribe_count: 1
2026-07-22 08:20:16.851 - RealTimeSTT: realtimestt - DEBUG - Receive from parent_transcription_pipe after sendiung transcription request, transcribe_count: 1
2026-07-22 08:20:16.925 - RealTimeSTT: realtimestt - INFO - State changed from 'transcribing' to 'inactive'
2026-07-22 08:20:16.926 - RealTimeSTT: realtimestt - DEBUG - Model tiny.en completed transcription in 0.18 seconds
2026-07-22 08:20:16.926 - RealTimeSTT: realtimestt - INFO - Setting listen time
2026-07-22 08:20:16.926 - RealTimeSTT: realtimestt - INFO - State changed from 'inactive' to 'listening'
2026-07-22 08:20:16.926 - RealTimeSTT: realtimestt - DEBUG - Waiting for recording start
2026-07-22 08:20:36.967 - RealTimeSTT: realtimestt - INFO - voice activity detected
2026-07-22 08:20:36.967 - RealTimeSTT: realtimestt - INFO - recording started
2026-07-22 08:20:36.967 - RealTimeSTT: realtimestt - INFO - State changed from 'listening' to 'recording'
2026-07-22 08:20:36.967 - RealTimeSTT: realtimestt - DEBUG - Waiting for recording stop
2026-07-22 08:20:38.507 - RealTimeSTT: realtimestt - INFO - recording stopped
2026-07-22 08:20:38.507 - RealTimeSTT: realtimestt - DEBUG - No samples removed, final audio length: 40960
2026-07-22 08:20:38.507 - RealTimeSTT: realtimestt - INFO - State changed from 'recording' to 'inactive'
2026-07-22 08:20:38.507 - RealTimeSTT: realtimestt - INFO - State changed from 'inactive' to 'transcribing'
2026-07-22 08:20:38.508 - RealTimeSTT: realtimestt - DEBUG - Adding transcription request, no early transcription started
2026-07-22 08:20:38.508 - RealTimeSTT: realtimestt - DEBUG - Receive from parent_transcription_pipe after sendiung transcription request, transcribe_count: 1
2026-07-22 08:20:38.608 - RealTimeSTT: realtimestt - DEBUG - Receive from parent_transcription_pipe after sendiung transcription request, transcribe_count: 1
2026-07-22 08:20:38.689 - RealTimeSTT: realtimestt - INFO - State changed from 'transcribing' to 'inactive'
2026-07-22 08:20:38.689 - RealTimeSTT: realtimestt - DEBUG - Model tiny.en completed transcription in 0.18 seconds
2026-07-22 08:20:38.690 - RealTimeSTT: realtimestt - INFO - Setting listen time
2026-07-22 08:20:38.690 - RealTimeSTT: realtimestt - INFO - State changed from 'inactive' to 'listening'
2026-07-22 08:20:38.690 - RealTimeSTT: realtimestt - DEBUG - Waiting for recording start
2026-07-22 08:20:40.617 - RealTimeSTT: realtimestt - INFO - voice activity detected
2026-07-22 08:20:40.617 - RealTimeSTT: realtimestt - INFO - recording started
2026-07-22 08:20:40.617 - RealTimeSTT: realtimestt - INFO - State changed from 'listening' to 'recording'
2026-07-22 08:20:40.617 - RealTimeSTT: realtimestt - DEBUG - Waiting for recording stop
2026-07-22 08:20:50.987 - RealTimeSTT: realtimestt - INFO - recording stopped
2026-07-22 08:20:50.989 - RealTimeSTT: realtimestt - DEBUG - No samples removed, final audio length: 182272
2026-07-22 08:20:50.989 - RealTimeSTT: realtimestt - INFO - State changed from 'recording' to 'inactive'
2026-07-22 08:20:50.989 - RealTimeSTT: realtimestt - INFO - State changed from 'inactive' to 'transcribing'
2026-07-22 08:20:50.989 - RealTimeSTT: realtimestt - DEBUG - Adding transcription request, no early transcription started
2026-07-22 08:20:50.990 - RealTimeSTT: realtimestt - DEBUG - Receive from parent_transcription_pipe after sendiung transcription request, transcribe_count: 1
2026-07-22 08:20:51.089 - RealTimeSTT: realtimestt - DEBUG - Receive from parent_transcription_pipe after sendiung transcription request, transcribe_count: 1
2026-07-22 08:20:51.189 - RealTimeSTT: realtimestt - DEBUG - Receive from parent_transcription_pipe after sendiung transcription request, transcribe_count: 1
2026-07-22 08:20:51.289 - RealTimeSTT: realtimestt - DEBUG - Receive from parent_transcription_pipe after sendiung transcription request, transcribe_count: 1
2026-07-22 08:20:51.326 - RealTimeSTT: realtimestt - INFO - State changed from 'transcribing' to 'inactive'
2026-07-22 08:20:51.329 - RealTimeSTT: realtimestt - DEBUG - Model tiny.en completed transcription in 0.34 seconds
2026-07-22 08:20:51.329 - RealTimeSTT: realtimestt - INFO - Setting listen time
2026-07-22 08:20:51.329 - RealTimeSTT: realtimestt - INFO - State changed from 'inactive' to 'listening'
2026-07-22 08:20:51.329 - RealTimeSTT: realtimestt - DEBUG - Waiting for recording start
2026-07-22 08:20:52.397 - RealTimeSTT: realtimestt - INFO - voice activity detected
2026-07-22 08:20:52.397 - RealTimeSTT: realtimestt - INFO - recording started
2026-07-22 08:20:52.397 - RealTimeSTT: realtimestt - INFO - State changed from 'listening' to 'recording'
2026-07-22 08:20:52.397 - RealTimeSTT: realtimestt - DEBUG - Waiting for recording stop
2026-07-22 08:20:55.658 - RealTimeSTT: realtimestt - INFO - recording stopped
2026-07-22 08:20:55.659 - RealTimeSTT: realtimestt - DEBUG - No samples removed, final audio length: 68608
2026-07-22 08:20:55.659 - RealTimeSTT: realtimestt - INFO - State changed from 'recording' to 'inactive'
2026-07-22 08:20:55.659 - RealTimeSTT: realtimestt - INFO - State changed from 'inactive' to 'transcribing'
2026-07-22 08:20:55.659 - RealTimeSTT: realtimestt - DEBUG - Adding transcription request, no early transcription started
2026-07-22 08:20:55.659 - RealTimeSTT: realtimestt - DEBUG - Receive from parent_transcription_pipe after sendiung transcription request, transcribe_count: 1
2026-07-22 08:20:55.760 - RealTimeSTT: realtimestt - DEBUG - Receive from parent_transcription_pipe after sendiung transcription request, transcribe_count: 1
2026-07-22 08:20:55.851 - RealTimeSTT: realtimestt - INFO - State changed from 'transcribing' to 'inactive'
2026-07-22 08:20:55.852 - RealTimeSTT: realtimestt - DEBUG - Model tiny.en completed transcription in 0.19 seconds
2026-07-22 08:20:55.853 - RealTimeSTT: realtimestt - INFO - Setting listen time
2026-07-22 08:20:55.853 - RealTimeSTT: realtimestt - INFO - State changed from 'inactive' to 'listening'
2026-07-22 08:20:55.853 - RealTimeSTT: realtimestt - DEBUG - Waiting for recording start
2026-07-22 08:20:57.897 - RealTimeSTT: realtimestt - INFO - voice activity detected
2026-07-22 08:20:57.897 - RealTimeSTT: realtimestt - INFO - recording started
2026-07-22 08:20:57.897 - RealTimeSTT: realtimestt - INFO - State changed from 'listening' to 'recording'
2026-07-22 08:20:57.897 - RealTimeSTT: realtimestt - DEBUG - Waiting for recording stop
2026-07-22 08:21:06.157 - RealTimeSTT: realtimestt - INFO - recording stopped
2026-07-22 08:21:06.159 - RealTimeSTT: realtimestt - DEBUG - No samples removed, final audio length: 148480
2026-07-22 08:21:06.159 - RealTimeSTT: realtimestt - INFO - State changed from 'recording' to 'inactive'
2026-07-22 08:21:06.159 - RealTimeSTT: realtimestt - INFO - State changed from 'inactive' to 'transcribing'
2026-07-22 08:21:06.159 - RealTimeSTT: realtimestt - DEBUG - Adding transcription request, no early transcription started
2026-07-22 08:21:06.164 - RealTimeSTT: realtimestt - DEBUG - Receive from parent_transcription_pipe after sendiung transcription request, transcribe_count: 1
2026-07-22 08:21:06.265 - RealTimeSTT: realtimestt - DEBUG - Receive from parent_transcription_pipe after sendiung transcription request, transcribe_count: 1
2026-07-22 08:21:06.365 - RealTimeSTT: realtimestt - DEBUG - Receive from parent_transcription_pipe after sendiung transcription request, transcribe_count: 1
2026-07-22 08:21:06.420 - RealTimeSTT: realtimestt - INFO - State changed from 'transcribing' to 'inactive'
2026-07-22 08:21:06.422 - RealTimeSTT: realtimestt - DEBUG - Model tiny.en completed transcription in 0.26 seconds
2026-07-22 08:21:06.422 - RealTimeSTT: realtimestt - INFO - Setting listen time
2026-07-22 08:21:06.422 - RealTimeSTT: realtimestt - INFO - State changed from 'inactive' to 'listening'
2026-07-22 08:21:06.422 - RealTimeSTT: realtimestt - DEBUG - Waiting for recording start
2026-07-22 08:21:06.607 - RealTimeSTT: realtimestt - INFO - voice activity detected
2026-07-22 08:21:06.607 - RealTimeSTT: realtimestt - INFO - recording started
2026-07-22 08:21:06.607 - RealTimeSTT: realtimestt - INFO - State changed from 'listening' to 'recording'
2026-07-22 08:21:06.607 - RealTimeSTT: realtimestt - DEBUG - Waiting for recording stop
2026-07-22 08:21:10.827 - RealTimeSTT: realtimestt - INFO - recording stopped
2026-07-22 08:21:10.829 - RealTimeSTT: realtimestt - DEBUG - No samples removed, final audio length: 75264
2026-07-22 08:21:10.829 - RealTimeSTT: realtimestt - INFO - State changed from 'recording' to 'inactive'
2026-07-22 08:21:10.829 - RealTimeSTT: realtimestt - INFO - State changed from 'inactive' to 'transcribing'
2026-07-22 08:21:10.829 - RealTimeSTT: realtimestt - DEBUG - Adding transcription request, no early transcription started
2026-07-22 08:21:10.844 - RealTimeSTT: realtimestt - DEBUG - Receive from parent_transcription_pipe after sendiung transcription request, transcribe_count: 1
2026-07-22 08:21:10.944 - RealTimeSTT: realtimestt - DEBUG - Receive from parent_transcription_pipe after sendiung transcription request, transcribe_count: 1
2026-07-22 08:21:11.040 - RealTimeSTT: realtimestt - INFO - State changed from 'transcribing' to 'inactive'
2026-07-22 08:21:11.041 - RealTimeSTT: realtimestt - DEBUG - Model tiny.en completed transcription in 0.21 seconds
2026-07-22 08:21:11.041 - RealTimeSTT: realtimestt - INFO - Setting listen time
2026-07-22 08:21:11.042 - RealTimeSTT: realtimestt - INFO - State changed from 'inactive' to 'listening'
2026-07-22 08:21:11.042 - RealTimeSTT: realtimestt - DEBUG - Waiting for recording start
2026-07-22 08:21:13.127 - RealTimeSTT: realtimestt - INFO - voice activity detected
2026-07-22 08:21:13.127 - RealTimeSTT: realtimestt - INFO - recording started
2026-07-22 08:21:13.127 - RealTimeSTT: realtimestt - INFO - State changed from 'listening' to 'recording'
2026-07-22 08:21:13.127 - RealTimeSTT: realtimestt - DEBUG - Waiting for recording stop
2026-07-22 08:21:15.437 - RealTimeSTT: realtimestt - INFO - recording stopped
2026-07-22 08:21:15.438 - RealTimeSTT: realtimestt - DEBUG - No samples removed, final audio length: 53248
2026-07-22 08:21:15.439 - RealTimeSTT: realtimestt - INFO - State changed from 'recording' to 'inactive'
2026-07-22 08:21:15.439 - RealTimeSTT: realtimestt - INFO - State changed from 'inactive' to 'transcribing'
2026-07-22 08:21:15.439 - RealTimeSTT: realtimestt - DEBUG - Adding transcription request, no early transcription started
2026-07-22 08:21:15.458 - RealTimeSTT: realtimestt - DEBUG - Receive from parent_transcription_pipe after sendiung transcription request, transcribe_count: 1
2026-07-22 08:21:15.558 - RealTimeSTT: realtimestt - DEBUG - Receive from parent_transcription_pipe after sendiung transcription request, transcribe_count: 1
2026-07-22 08:21:15.634 - RealTimeSTT: realtimestt - INFO - State changed from 'transcribing' to 'inactive'
2026-07-22 08:21:15.635 - RealTimeSTT: realtimestt - DEBUG - Model tiny.en completed transcription in 0.20 seconds
2026-07-22 08:21:15.635 - RealTimeSTT: realtimestt - INFO - Setting listen time
2026-07-22 08:21:15.635 - RealTimeSTT: realtimestt - INFO - State changed from 'inactive' to 'listening'
2026-07-22 08:21:15.635 - RealTimeSTT: realtimestt - DEBUG - Waiting for recording start
2026-07-22 08:21:21.127 - RealTimeSTT: realtimestt - INFO - voice activity detected
2026-07-22 08:21:21.127 - RealTimeSTT: realtimestt - INFO - recording started
2026-07-22 08:21:21.127 - RealTimeSTT: realtimestt - INFO - State changed from 'listening' to 'recording'
2026-07-22 08:21:21.127 - RealTimeSTT: realtimestt - DEBUG - Waiting for recording stop
2026-07-22 08:21:24.208 - RealTimeSTT: realtimestt - INFO - recording stopped
2026-07-22 08:21:24.209 - RealTimeSTT: realtimestt - DEBUG - No samples removed, final audio length: 65536
2026-07-22 08:21:24.209 - RealTimeSTT: realtimestt - INFO - State changed from 'recording' to 'inactive'
2026-07-22 08:21:24.209 - RealTimeSTT: realtimestt - INFO - State changed from 'inactive' to 'transcribing'
2026-07-22 08:21:24.209 - RealTimeSTT: realtimestt - DEBUG - Adding transcription request, no early transcription started
2026-07-22 08:21:24.210 - RealTimeSTT: realtimestt - DEBUG - Receive from parent_transcription_pipe after sendiung transcription request, transcribe_count: 1
2026-07-22 08:21:24.311 - RealTimeSTT: realtimestt - DEBUG - Receive from parent_transcription_pipe after sendiung transcription request, transcribe_count: 1
2026-07-22 08:21:24.364 - RealTimeSTT: realtimestt - INFO - State changed from 'transcribing' to 'inactive'
2026-07-22 08:21:24.365 - RealTimeSTT: realtimestt - DEBUG - Model tiny.en completed transcription in 0.16 seconds
2026-07-22 08:21:24.365 - RealTimeSTT: realtimestt - INFO - Setting listen time
2026-07-22 08:21:24.365 - RealTimeSTT: realtimestt - INFO - State changed from 'inactive' to 'listening'
2026-07-22 08:21:24.365 - RealTimeSTT: realtimestt - DEBUG - Waiting for recording start
2026-07-22 08:21:49.808 - RealTimeSTT: realtimestt - INFO - voice activity detected
2026-07-22 08:21:49.808 - RealTimeSTT: realtimestt - INFO - recording started
2026-07-22 08:21:49.808 - RealTimeSTT: realtimestt - INFO - State changed from 'listening' to 'recording'
2026-07-22 08:21:49.808 - RealTimeSTT: realtimestt - DEBUG - Waiting for recording stop
2026-07-22 08:21:50.568 - RealTimeSTT: realtimestt - INFO - recording stopped
2026-07-22 08:21:50.568 - RealTimeSTT: realtimestt - DEBUG - No samples removed, final audio length: 28672
2026-07-22 08:21:50.568 - RealTimeSTT: realtimestt - INFO - State changed from 'recording' to 'inactive'
2026-07-22 08:21:50.568 - RealTimeSTT: realtimestt - INFO - State changed from 'inactive' to 'transcribing'
2026-07-22 08:21:50.568 - RealTimeSTT: realtimestt - DEBUG - Adding transcription request, no early transcription started
2026-07-22 08:21:50.588 - RealTimeSTT: realtimestt - DEBUG - Receive from parent_transcription_pipe after sendiung transcription request, transcribe_count: 1
2026-07-22 08:21:50.687 - RealTimeSTT: realtimestt - DEBUG - Receive from parent_transcription_pipe after sendiung transcription request, transcribe_count: 1
2026-07-22 08:21:50.736 - RealTimeSTT: realtimestt - INFO - State changed from 'transcribing' to 'inactive'
2026-07-22 08:21:50.737 - RealTimeSTT: realtimestt - DEBUG - Model tiny.en completed transcription in 0.17 seconds
2026-07-22 08:21:50.737 - RealTimeSTT: realtimestt - INFO - Setting listen time
2026-07-22 08:21:50.737 - RealTimeSTT: realtimestt - INFO - State changed from 'inactive' to 'listening'
2026-07-22 08:21:50.737 - RealTimeSTT: realtimestt - DEBUG - Waiting for recording start
2026-07-22 08:21:56.778 - RealTimeSTT: realtimestt - INFO - voice activity detected
2026-07-22 08:21:56.778 - RealTimeSTT: realtimestt - INFO - recording started
2026-07-22 08:21:56.778 - RealTimeSTT: realtimestt - INFO - State changed from 'listening' to 'recording'
2026-07-22 08:21:56.778 - RealTimeSTT: realtimestt - DEBUG - Waiting for recording stop
2026-07-22 08:21:58.058 - RealTimeSTT: realtimestt - INFO - recording stopped
2026-07-22 08:21:58.059 - RealTimeSTT: realtimestt - DEBUG - No samples removed, final audio length: 36864
2026-07-22 08:21:58.059 - RealTimeSTT: realtimestt - INFO - State changed from 'recording' to 'inactive'
2026-07-22 08:21:58.059 - RealTimeSTT: realtimestt - INFO - State changed from 'inactive' to 'transcribing'
2026-07-22 08:21:58.059 - RealTimeSTT: realtimestt - DEBUG - Adding transcription request, no early transcription started
2026-07-22 08:21:58.072 - RealTimeSTT: realtimestt - DEBUG - Receive from parent_transcription_pipe after sendiung transcription request, transcribe_count: 1
2026-07-22 08:21:58.172 - RealTimeSTT: realtimestt - DEBUG - Receive from parent_transcription_pipe after sendiung transcription request, transcribe_count: 1
2026-07-22 08:21:58.244 - RealTimeSTT: realtimestt - INFO - State changed from 'transcribing' to 'inactive'
2026-07-22 08:21:58.244 - RealTimeSTT: realtimestt - DEBUG - Model tiny.en completed transcription in 0.19 seconds
2026-07-22 08:21:58.245 - RealTimeSTT: realtimestt - INFO - Setting listen time
2026-07-22 08:21:58.245 - RealTimeSTT: realtimestt - INFO - State changed from 'inactive' to 'listening'
2026-07-22 08:21:58.245 - RealTimeSTT: realtimestt - DEBUG - Waiting for recording start
2026-07-22 08:22:03.438 - RealTimeSTT: realtimestt - INFO - voice activity detected
2026-07-22 08:22:03.438 - RealTimeSTT: realtimestt - INFO - recording started
2026-07-22 08:22:03.438 - RealTimeSTT: realtimestt - INFO - State changed from 'listening' to 'recording'
2026-07-22 08:22:03.438 - RealTimeSTT: realtimestt - DEBUG - Waiting for recording stop
2026-07-22 08:22:06.378 - RealTimeSTT: realtimestt - INFO - recording stopped
2026-07-22 08:22:06.379 - RealTimeSTT: realtimestt - DEBUG - No samples removed, final audio length: 63488
2026-07-22 08:22:06.379 - RealTimeSTT: realtimestt - INFO - State changed from 'recording' to 'inactive'
2026-07-22 08:22:06.379 - RealTimeSTT: realtimestt - INFO - State changed from 'inactive' to 'transcribing'
2026-07-22 08:22:06.379 - RealTimeSTT: realtimestt - DEBUG - Adding transcription request, no early transcription started
2026-07-22 08:22:06.385 - RealTimeSTT: realtimestt - DEBUG - Receive from parent_transcription_pipe after sendiung transcription request, transcribe_count: 1
2026-07-22 08:22:06.485 - RealTimeSTT: realtimestt - DEBUG - Receive from parent_transcription_pipe after sendiung transcription request, transcribe_count: 1
2026-07-22 08:22:06.580 - RealTimeSTT: realtimestt - INFO - State changed from 'transcribing' to 'inactive'
2026-07-22 08:22:06.581 - RealTimeSTT: realtimestt - DEBUG - Model tiny.en completed transcription in 0.20 seconds
2026-07-22 08:22:06.581 - RealTimeSTT: realtimestt - INFO - Setting listen time
2026-07-22 08:22:06.581 - RealTimeSTT: realtimestt - INFO - State changed from 'inactive' to 'listening'
2026-07-22 08:22:06.581 - RealTimeSTT: realtimestt - DEBUG - Waiting for recording start
2026-07-22 08:22:11.178 - RealTimeSTT: realtimestt - INFO - voice activity detected
2026-07-22 08:22:11.178 - RealTimeSTT: realtimestt - INFO - recording started
2026-07-22 08:22:11.178 - RealTimeSTT: realtimestt - INFO - State changed from 'listening' to 'recording'
2026-07-22 08:22:11.178 - RealTimeSTT: realtimestt - DEBUG - Waiting for recording stop
2026-07-22 08:22:13.039 - RealTimeSTT: realtimestt - INFO - recording stopped
2026-07-22 08:22:13.040 - RealTimeSTT: realtimestt - DEBUG - No samples removed, final audio length: 46080
2026-07-22 08:22:13.040 - RealTimeSTT: realtimestt - INFO - State changed from 'recording' to 'inactive'
2026-07-22 08:22:13.040 - RealTimeSTT: realtimestt - INFO - State changed from 'inactive' to 'transcribing'
2026-07-22 08:22:13.040 - RealTimeSTT: realtimestt - DEBUG - Adding transcription request, no early transcription started
2026-07-22 08:22:13.040 - RealTimeSTT: realtimestt - DEBUG - Receive from parent_transcription_pipe after sendiung transcription request, transcribe_count: 1
2026-07-22 08:22:13.142 - RealTimeSTT: realtimestt - DEBUG - Receive from parent_transcription_pipe after sendiung transcription request, transcribe_count: 1
2026-07-22 08:22:13.190 - RealTimeSTT: realtimestt - INFO - State changed from 'transcribing' to 'inactive'
2026-07-22 08:22:13.191 - RealTimeSTT: realtimestt - DEBUG - Model tiny.en completed transcription in 0.15 seconds
2026-07-22 08:22:13.191 - RealTimeSTT: realtimestt - INFO - Setting listen time
2026-07-22 08:22:13.191 - RealTimeSTT: realtimestt - INFO - State changed from 'inactive' to 'listening'
2026-07-22 08:22:13.191 - RealTimeSTT: realtimestt - DEBUG - Waiting for recording start
2026-07-22 08:22:14.698 - RealTimeSTT: realtimestt - INFO - voice activity detected
2026-07-22 08:22:14.698 - RealTimeSTT: realtimestt - INFO - recording started
2026-07-22 08:22:14.698 - RealTimeSTT: realtimestt - INFO - State changed from 'listening' to 'recording'
2026-07-22 08:22:14.698 - RealTimeSTT: realtimestt - DEBUG - Waiting for recording stop
2026-07-22 08:22:15.658 - RealTimeSTT: realtimestt - INFO - recording stopped
2026-07-22 08:22:15.660 - RealTimeSTT: realtimestt - DEBUG - No samples removed, final audio length: 31744
2026-07-22 08:22:15.660 - RealTimeSTT: realtimestt - INFO - State changed from 'recording' to 'inactive'
2026-07-22 08:22:15.660 - RealTimeSTT: realtimestt - INFO - State changed from 'inactive' to 'transcribing'
2026-07-22 08:22:15.660 - RealTimeSTT: realtimestt - DEBUG - Adding transcription request, no early transcription started
2026-07-22 08:22:15.665 - RealTimeSTT: realtimestt - DEBUG - Receive from parent_transcription_pipe after sendiung transcription request, transcribe_count: 1
2026-07-22 08:22:15.766 - RealTimeSTT: realtimestt - DEBUG - Receive from parent_transcription_pipe after sendiung transcription request, transcribe_count: 1
2026-07-22 08:22:15.830 - RealTimeSTT: realtimestt - INFO - State changed from 'transcribing' to 'inactive'
2026-07-22 08:22:15.830 - RealTimeSTT: realtimestt - DEBUG - Model tiny.en completed transcription in 0.17 seconds
2026-07-22 08:22:15.831 - RealTimeSTT: realtimestt - INFO - Setting listen time
2026-07-22 08:22:15.831 - RealTimeSTT: realtimestt - INFO - State changed from 'inactive' to 'listening'
2026-07-22 08:22:15.831 - RealTimeSTT: realtimestt - DEBUG - Waiting for recording start
2026-07-22 08:22:19.248 - RealTimeSTT: realtimestt - INFO - voice activity detected
2026-07-22 08:22:19.248 - RealTimeSTT: realtimestt - INFO - recording started
2026-07-22 08:22:19.248 - RealTimeSTT: realtimestt - INFO - State changed from 'listening' to 'recording'
2026-07-22 08:22:19.248 - RealTimeSTT: realtimestt - DEBUG - Waiting for recording stop
2026-07-22 08:22:20.648 - RealTimeSTT: realtimestt - INFO - recording stopped
2026-07-22 08:22:20.649 - RealTimeSTT: realtimestt - DEBUG - No samples removed, final audio length: 38912
2026-07-22 08:22:20.649 - RealTimeSTT: realtimestt - INFO - State changed from 'recording' to 'inactive'
2026-07-22 08:22:20.649 - RealTimeSTT: realtimestt - INFO - State changed from 'inactive' to 'transcribing'
2026-07-22 08:22:20.649 - RealTimeSTT: realtimestt - DEBUG - Adding transcription request, no early transcription started
2026-07-22 08:22:20.661 - RealTimeSTT: realtimestt - DEBUG - Receive from parent_transcription_pipe after sendiung transcription request, transcribe_count: 1
2026-07-22 08:22:20.762 - RealTimeSTT: realtimestt - DEBUG - Receive from parent_transcription_pipe after sendiung transcription request, transcribe_count: 1
2026-07-22 08:22:20.824 - RealTimeSTT: realtimestt - INFO - State changed from 'transcribing' to 'inactive'
2026-07-22 08:22:20.824 - RealTimeSTT: realtimestt - DEBUG - Model tiny.en completed transcription in 0.18 seconds
2026-07-22 08:22:20.824 - RealTimeSTT: realtimestt - INFO - Setting listen time
2026-07-22 08:22:20.824 - RealTimeSTT: realtimestt - INFO - State changed from 'inactive' to 'listening'
2026-07-22 08:22:20.824 - RealTimeSTT: realtimestt - DEBUG - Waiting for recording start
2026-07-22 08:22:21.928 - RealTimeSTT: realtimestt - INFO - voice activity detected
2026-07-22 08:22:21.929 - RealTimeSTT: realtimestt - INFO - recording started
2026-07-22 08:22:21.929 - RealTimeSTT: realtimestt - INFO - State changed from 'listening' to 'recording'
2026-07-22 08:22:21.929 - RealTimeSTT: realtimestt - DEBUG - Waiting for recording stop
2026-07-22 08:22:25.009 - RealTimeSTT: realtimestt - INFO - recording stopped
2026-07-22 08:22:25.011 - RealTimeSTT: realtimestt - DEBUG - No samples removed, final audio length: 65536
2026-07-22 08:22:25.011 - RealTimeSTT: realtimestt - INFO - State changed from 'recording' to 'inactive'
2026-07-22 08:22:25.011 - RealTimeSTT: realtimestt - INFO - State changed from 'inactive' to 'transcribing'
2026-07-22 08:22:25.011 - RealTimeSTT: realtimestt - DEBUG - Adding transcription request, no early transcription started
2026-07-22 08:22:25.012 - RealTimeSTT: realtimestt - DEBUG - Receive from parent_transcription_pipe after sendiung transcription request, transcribe_count: 1
2026-07-22 08:22:25.112 - RealTimeSTT: realtimestt - DEBUG - Receive from parent_transcription_pipe after sendiung transcription request, transcribe_count: 1
2026-07-22 08:22:25.200 - RealTimeSTT: realtimestt - INFO - State changed from 'transcribing' to 'inactive'
2026-07-22 08:22:25.201 - RealTimeSTT: realtimestt - DEBUG - Model tiny.en completed transcription in 0.19 seconds
2026-07-22 08:22:25.201 - RealTimeSTT: realtimestt - INFO - Setting listen time
2026-07-22 08:22:25.201 - RealTimeSTT: realtimestt - INFO - State changed from 'inactive' to 'listening'
2026-07-22 08:22:25.201 - RealTimeSTT: realtimestt - DEBUG - Waiting for recording start
2026-07-22 08:22:26.538 - RealTimeSTT: realtimestt - INFO - voice activity detected
2026-07-22 08:22:26.538 - RealTimeSTT: realtimestt - INFO - recording started
2026-07-22 08:22:26.538 - RealTimeSTT: realtimestt - INFO - State changed from 'listening' to 'recording'
2026-07-22 08:22:26.538 - RealTimeSTT: realtimestt - DEBUG - Waiting for recording stop
2026-07-22 08:22:28.908 - RealTimeSTT: realtimestt - INFO - recording stopped
2026-07-22 08:22:28.909 - RealTimeSTT: realtimestt - DEBUG - No samples removed, final audio length: 54272
2026-07-22 08:22:28.909 - RealTimeSTT: realtimestt - INFO - State changed from 'recording' to 'inactive'
2026-07-22 08:22:28.909 - RealTimeSTT: realtimestt - INFO - State changed from 'inactive' to 'transcribing'
2026-07-22 08:22:28.910 - RealTimeSTT: realtimestt - DEBUG - Adding transcription request, no early transcription started
2026-07-22 08:22:28.910 - RealTimeSTT: realtimestt - DEBUG - Receive from parent_transcription_pipe after sendiung transcription request, transcribe_count: 1
2026-07-22 08:22:29.009 - RealTimeSTT: realtimestt - DEBUG - Receive from parent_transcription_pipe after sendiung transcription request, transcribe_count: 1
2026-07-22 08:22:29.098 - RealTimeSTT: realtimestt - INFO - State changed from 'transcribing' to 'inactive'
2026-07-22 08:22:29.099 - RealTimeSTT: realtimestt - DEBUG - Model tiny.en completed transcription in 0.19 seconds
2026-07-22 08:22:29.099 - RealTimeSTT: realtimestt - INFO - Setting listen time
2026-07-22 08:22:29.100 - RealTimeSTT: realtimestt - INFO - State changed from 'inactive' to 'listening'
2026-07-22 08:22:29.100 - RealTimeSTT: realtimestt - DEBUG - Waiting for recording start
2026-07-22 08:22:30.888 - RealTimeSTT: realtimestt - INFO - voice activity detected
2026-07-22 08:22:30.888 - RealTimeSTT: realtimestt - INFO - recording started
2026-07-22 08:22:30.888 - RealTimeSTT: realtimestt - INFO - State changed from 'listening' to 'recording'
2026-07-22 08:22:30.888 - RealTimeSTT: realtimestt - DEBUG - Waiting for recording stop
2026-07-22 08:22:34.478 - RealTimeSTT: realtimestt - INFO - recording stopped
2026-07-22 08:22:34.480 - RealTimeSTT: realtimestt - DEBUG - No samples removed, final audio length: 73728
2026-07-22 08:22:34.480 - RealTimeSTT: realtimestt - INFO - State changed from 'recording' to 'inactive'
2026-07-22 08:22:34.480 - RealTimeSTT: realtimestt - INFO - State changed from 'inactive' to 'transcribing'
2026-07-22 08:22:34.480 - RealTimeSTT: realtimestt - DEBUG - Adding transcription request, no early transcription started
2026-07-22 08:22:34.482 - RealTimeSTT: realtimestt - DEBUG - Receive from parent_transcription_pipe after sendiung transcription request, transcribe_count: 1
2026-07-22 08:22:34.582 - RealTimeSTT: realtimestt - DEBUG - Receive from parent_transcription_pipe after sendiung transcription request, transcribe_count: 1
2026-07-22 08:22:34.683 - RealTimeSTT: realtimestt - DEBUG - Receive from parent_transcription_pipe after sendiung transcription request, transcribe_count: 1
2026-07-22 08:22:34.693 - RealTimeSTT: realtimestt - INFO - State changed from 'transcribing' to 'inactive'
2026-07-22 08:22:34.694 - RealTimeSTT: realtimestt - DEBUG - Model tiny.en completed transcription in 0.21 seconds
2026-07-22 08:22:34.694 - RealTimeSTT: realtimestt - INFO - Setting listen time
2026-07-22 08:22:34.694 - RealTimeSTT: realtimestt - INFO - State changed from 'inactive' to 'listening'
2026-07-22 08:22:34.694 - RealTimeSTT: realtimestt - DEBUG - Waiting for recording start
2026-07-22 08:22:39.339 - RealTimeSTT: realtimestt - INFO - voice activity detected
2026-07-22 08:22:39.339 - RealTimeSTT: realtimestt - INFO - recording started
2026-07-22 08:22:39.339 - RealTimeSTT: realtimestt - INFO - State changed from 'listening' to 'recording'
2026-07-22 08:22:39.339 - RealTimeSTT: realtimestt - DEBUG - Waiting for recording stop
2026-07-22 08:22:42.088 - RealTimeSTT: realtimestt - INFO - recording stopped
2026-07-22 08:22:42.090 - RealTimeSTT: realtimestt - DEBUG - No samples removed, final audio length: 60416
2026-07-22 08:22:42.090 - RealTimeSTT: realtimestt - INFO - State changed from 'recording' to 'inactive'
2026-07-22 08:22:42.090 - RealTimeSTT: realtimestt - INFO - State changed from 'inactive' to 'transcribing'
2026-07-22 08:22:42.090 - RealTimeSTT: realtimestt - DEBUG - Adding transcription request, no early transcription started
2026-07-22 08:22:42.107 - RealTimeSTT: realtimestt - DEBUG - Receive from parent_transcription_pipe after sendiung transcription request, transcribe_count: 1
2026-07-22 08:22:42.208 - RealTimeSTT: realtimestt - DEBUG - Receive from parent_transcription_pipe after sendiung transcription request, transcribe_count: 1
2026-07-22 08:22:42.297 - RealTimeSTT: realtimestt - INFO - State changed from 'transcribing' to 'inactive'
2026-07-22 08:22:42.298 - RealTimeSTT: realtimestt - DEBUG - Model tiny.en completed transcription in 0.21 seconds
2026-07-22 08:22:42.298 - RealTimeSTT: realtimestt - INFO - Setting listen time
2026-07-22 08:22:42.298 - RealTimeSTT: realtimestt - INFO - State changed from 'inactive' to 'listening'
2026-07-22 08:22:42.298 - RealTimeSTT: realtimestt - DEBUG - Waiting for recording start
2026-07-22 08:22:52.209 - RealTimeSTT: realtimestt - INFO - voice activity detected
2026-07-22 08:22:52.209 - RealTimeSTT: realtimestt - INFO - recording started
2026-07-22 08:22:52.209 - RealTimeSTT: realtimestt - INFO - State changed from 'listening' to 'recording'
2026-07-22 08:22:52.209 - RealTimeSTT: realtimestt - DEBUG - Waiting for recording stop
2026-07-22 08:23:06.609 - RealTimeSTT: realtimestt - INFO - recording stopped
2026-07-22 08:23:06.612 - RealTimeSTT: realtimestt - DEBUG - No samples removed, final audio length: 246784
2026-07-22 08:23:06.612 - RealTimeSTT: realtimestt - INFO - State changed from 'recording' to 'inactive'
2026-07-22 08:23:06.613 - RealTimeSTT: realtimestt - INFO - State changed from 'inactive' to 'transcribing'
2026-07-22 08:23:06.613 - RealTimeSTT: realtimestt - DEBUG - Adding transcription request, no early transcription started
2026-07-22 08:23:06.618 - RealTimeSTT: realtimestt - DEBUG - Receive from parent_transcription_pipe after sendiung transcription request, transcribe_count: 1
2026-07-22 08:23:06.719 - RealTimeSTT: realtimestt - DEBUG - Receive from parent_transcription_pipe after sendiung transcription request, transcribe_count: 1
2026-07-22 08:23:06.792 - RealTimeSTT: realtimestt - INFO - State changed from 'transcribing' to 'inactive'
2026-07-22 08:23:06.795 - RealTimeSTT: realtimestt - DEBUG - Model tiny.en completed transcription in 0.18 seconds
2026-07-22 08:23:06.795 - RealTimeSTT: realtimestt - INFO - Setting listen time
2026-07-22 08:23:06.796 - RealTimeSTT: realtimestt - INFO - State changed from 'inactive' to 'listening'
2026-07-22 08:23:06.796 - RealTimeSTT: realtimestt - DEBUG - Waiting for recording start
2026-07-22 08:23:20.619 - RealTimeSTT: realtimestt - INFO - voice activity detected
2026-07-22 08:23:20.619 - RealTimeSTT: realtimestt - INFO - recording started
2026-07-22 08:23:20.619 - RealTimeSTT: realtimestt - INFO - State changed from 'listening' to 'recording'
2026-07-22 08:23:20.619 - RealTimeSTT: realtimestt - DEBUG - Waiting for recording stop
2026-07-22 08:23:26.059 - RealTimeSTT: realtimestt - INFO - recording stopped
2026-07-22 08:23:26.061 - RealTimeSTT: realtimestt - DEBUG - No samples removed, final audio length: 103424
2026-07-22 08:23:26.061 - RealTimeSTT: realtimestt - INFO - State changed from 'recording' to 'inactive'
2026-07-22 08:23:26.061 - RealTimeSTT: realtimestt - INFO - State changed from 'inactive' to 'transcribing'
2026-07-22 08:23:26.061 - RealTimeSTT: realtimestt - DEBUG - Adding transcription request, no early transcription started
2026-07-22 08:23:26.061 - RealTimeSTT: realtimestt - DEBUG - Receive from parent_transcription_pipe after sendiung transcription request, transcribe_count: 1
2026-07-22 08:23:26.162 - RealTimeSTT: realtimestt - DEBUG - Receive from parent_transcription_pipe after sendiung transcription request, transcribe_count: 1
2026-07-22 08:23:26.238 - RealTimeSTT: realtimestt - INFO - State changed from 'transcribing' to 'inactive'
2026-07-22 08:23:26.240 - RealTimeSTT: realtimestt - DEBUG - Model tiny.en completed transcription in 0.18 seconds
2026-07-22 08:23:26.240 - RealTimeSTT: realtimestt - INFO - Setting listen time
2026-07-22 08:23:26.240 - RealTimeSTT: realtimestt - INFO - State changed from 'inactive' to 'listening'
2026-07-22 08:23:26.240 - RealTimeSTT: realtimestt - DEBUG - Waiting for recording start
2026-07-22 08:23:30.929 - RealTimeSTT: realtimestt - INFO - voice activity detected
2026-07-22 08:23:30.929 - RealTimeSTT: realtimestt - INFO - recording started
2026-07-22 08:23:30.929 - RealTimeSTT: realtimestt - INFO - State changed from 'listening' to 'recording'
2026-07-22 08:23:30.929 - RealTimeSTT: realtimestt - DEBUG - Waiting for recording stop
2026-07-22 08:23:32.269 - RealTimeSTT: realtimestt - INFO - recording stopped
2026-07-22 08:23:32.270 - RealTimeSTT: realtimestt - DEBUG - No samples removed, final audio length: 37888
2026-07-22 08:23:32.270 - RealTimeSTT: realtimestt - INFO - State changed from 'recording' to 'inactive'
2026-07-22 08:23:32.270 - RealTimeSTT: realtimestt - INFO - State changed from 'inactive' to 'transcribing'
2026-07-22 08:23:32.270 - RealTimeSTT: realtimestt - DEBUG - Adding transcription request, no early transcription started
2026-07-22 08:23:32.287 - RealTimeSTT: realtimestt - DEBUG - Receive from parent_transcription_pipe after sendiung transcription request, transcribe_count: 1
2026-07-22 08:23:32.387 - RealTimeSTT: realtimestt - DEBUG - Receive from parent_transcription_pipe after sendiung transcription request, transcribe_count: 1
2026-07-22 08:23:32.439 - RealTimeSTT: realtimestt - INFO - State changed from 'transcribing' to 'inactive'
2026-07-22 08:23:32.440 - RealTimeSTT: realtimestt - DEBUG - Model tiny.en completed transcription in 0.17 seconds
2026-07-22 08:23:32.440 - RealTimeSTT: realtimestt - INFO - Setting listen time
2026-07-22 08:23:32.440 - RealTimeSTT: realtimestt - INFO - State changed from 'inactive' to 'listening'
2026-07-22 08:23:32.440 - RealTimeSTT: realtimestt - DEBUG - Waiting for recording start
2026-07-22 08:23:33.170 - RealTimeSTT: realtimestt - INFO - voice activity detected
2026-07-22 08:23:33.170 - RealTimeSTT: realtimestt - INFO - recording started
2026-07-22 08:23:33.170 - RealTimeSTT: realtimestt - INFO - State changed from 'listening' to 'recording'
2026-07-22 08:23:33.170 - RealTimeSTT: realtimestt - DEBUG - Waiting for recording stop
2026-07-22 08:23:38.349 - RealTimeSTT: realtimestt - INFO - recording stopped
2026-07-22 08:23:38.351 - RealTimeSTT: realtimestt - DEBUG - No samples removed, final audio length: 97792
2026-07-22 08:23:38.351 - RealTimeSTT: realtimestt - INFO - State changed from 'recording' to 'inactive'
2026-07-22 08:23:38.351 - RealTimeSTT: realtimestt - INFO - State changed from 'inactive' to 'transcribing'
2026-07-22 08:23:38.351 - RealTimeSTT: realtimestt - DEBUG - Adding transcription request, no early transcription started
2026-07-22 08:23:38.351 - RealTimeSTT: realtimestt - DEBUG - Receive from parent_transcription_pipe after sendiung transcription request, transcribe_count: 1
2026-07-22 08:23:38.452 - RealTimeSTT: realtimestt - DEBUG - Receive from parent_transcription_pipe after sendiung transcription request, transcribe_count: 1
2026-07-22 08:23:38.513 - RealTimeSTT: realtimestt - INFO - State changed from 'transcribing' to 'inactive'
2026-07-22 08:23:38.514 - RealTimeSTT: realtimestt - DEBUG - Model tiny.en completed transcription in 0.16 seconds
2026-07-22 08:23:38.514 - RealTimeSTT: realtimestt - INFO - Setting listen time
2026-07-22 08:23:38.515 - RealTimeSTT: realtimestt - INFO - State changed from 'inactive' to 'listening'
2026-07-22 08:23:38.515 - RealTimeSTT: realtimestt - DEBUG - Waiting for recording start
2026-07-22 08:23:39.949 - RealTimeSTT: realtimestt - INFO - voice activity detected
2026-07-22 08:23:39.950 - RealTimeSTT: realtimestt - INFO - recording started
2026-07-22 08:23:39.950 - RealTimeSTT: realtimestt - INFO - State changed from 'listening' to 'recording'
2026-07-22 08:23:39.950 - RealTimeSTT: realtimestt - DEBUG - Waiting for recording stop
2026-07-22 08:23:44.370 - RealTimeSTT: realtimestt - INFO - recording stopped
2026-07-22 08:23:44.371 - RealTimeSTT: realtimestt - DEBUG - No samples removed, final audio length: 87040
2026-07-22 08:23:44.371 - RealTimeSTT: realtimestt - INFO - State changed from 'recording' to 'inactive'
2026-07-22 08:23:44.371 - RealTimeSTT: realtimestt - INFO - State changed from 'inactive' to 'transcribing'
2026-07-22 08:23:44.371 - RealTimeSTT: realtimestt - DEBUG - Adding transcription request, no early transcription started
2026-07-22 08:23:44.378 - RealTimeSTT: realtimestt - DEBUG - Receive from parent_transcription_pipe after sendiung transcription request, transcribe_count: 1
2026-07-22 08:23:44.479 - RealTimeSTT: realtimestt - DEBUG - Receive from parent_transcription_pipe after sendiung transcription request, transcribe_count: 1
2026-07-22 08:23:44.555 - RealTimeSTT: realtimestt - INFO - State changed from 'transcribing' to 'inactive'
2026-07-22 08:23:44.556 - RealTimeSTT: realtimestt - DEBUG - Model tiny.en completed transcription in 0.18 seconds
2026-07-22 08:23:44.556 - RealTimeSTT: realtimestt - INFO - Setting listen time
2026-07-22 08:23:44.556 - RealTimeSTT: realtimestt - INFO - State changed from 'inactive' to 'listening'
2026-07-22 08:23:44.556 - RealTimeSTT: realtimestt - DEBUG - Waiting for recording start
2026-07-22 08:23:45.070 - RealTimeSTT: realtimestt - INFO - voice activity detected
2026-07-22 08:23:45.070 - RealTimeSTT: realtimestt - INFO - recording started
2026-07-22 08:23:45.070 - RealTimeSTT: realtimestt - INFO - State changed from 'listening' to 'recording'
2026-07-22 08:23:45.070 - RealTimeSTT: realtimestt - DEBUG - Waiting for recording stop
2026-07-22 08:23:51.600 - RealTimeSTT: realtimestt - INFO - recording stopped
2026-07-22 08:23:51.601 - RealTimeSTT: realtimestt - DEBUG - No samples removed, final audio length: 116224
2026-07-22 08:23:51.601 - RealTimeSTT: realtimestt - INFO - State changed from 'recording' to 'inactive'
2026-07-22 08:23:51.601 - RealTimeSTT: realtimestt - INFO - State changed from 'inactive' to 'transcribing'
2026-07-22 08:23:51.601 - RealTimeSTT: realtimestt - DEBUG - Adding transcription request, no early transcription started
2026-07-22 08:23:51.602 - RealTimeSTT: realtimestt - DEBUG - Receive from parent_transcription_pipe after sendiung transcription request, transcribe_count: 1
2026-07-22 08:23:51.702 - RealTimeSTT: realtimestt - DEBUG - Receive from parent_transcription_pipe after sendiung transcription request, transcribe_count: 1
2026-07-22 08:23:51.803 - RealTimeSTT: realtimestt - DEBUG - Receive from parent_transcription_pipe after sendiung transcription request, transcribe_count: 1
2026-07-22 08:23:51.849 - RealTimeSTT: realtimestt - INFO - State changed from 'transcribing' to 'inactive'
2026-07-22 08:23:51.851 - RealTimeSTT: realtimestt - DEBUG - Model tiny.en completed transcription in 0.25 seconds
2026-07-22 08:23:51.851 - RealTimeSTT: realtimestt - INFO - Setting listen time
2026-07-22 08:23:51.851 - RealTimeSTT: realtimestt - INFO - State changed from 'inactive' to 'listening'
2026-07-22 08:23:51.852 - RealTimeSTT: realtimestt - DEBUG - Waiting for recording start
2026-07-22 08:23:52.370 - RealTimeSTT: realtimestt - INFO - voice activity detected
2026-07-22 08:23:52.370 - RealTimeSTT: realtimestt - INFO - recording started
2026-07-22 08:23:52.370 - RealTimeSTT: realtimestt - INFO - State changed from 'listening' to 'recording'
2026-07-22 08:23:52.370 - RealTimeSTT: realtimestt - DEBUG - Waiting for recording stop
2026-07-22 08:23:58.060 - RealTimeSTT: realtimestt - INFO - recording stopped
2026-07-22 08:23:58.061 - RealTimeSTT: realtimestt - DEBUG - No samples removed, final audio length: 103936
2026-07-22 08:23:58.061 - RealTimeSTT: realtimestt - INFO - State changed from 'recording' to 'inactive'
2026-07-22 08:23:58.062 - RealTimeSTT: realtimestt - INFO - State changed from 'inactive' to 'transcribing'
2026-07-22 08:23:58.062 - RealTimeSTT: realtimestt - DEBUG - Adding transcription request, no early transcription started
2026-07-22 08:23:58.062 - RealTimeSTT: realtimestt - DEBUG - Receive from parent_transcription_pipe after sendiung transcription request, transcribe_count: 1
2026-07-22 08:23:58.162 - RealTimeSTT: realtimestt - DEBUG - Receive from parent_transcription_pipe after sendiung transcription request, transcribe_count: 1
2026-07-22 08:23:58.215 - RealTimeSTT: realtimestt - INFO - State changed from 'transcribing' to 'inactive'
2026-07-22 08:23:58.216 - RealTimeSTT: realtimestt - DEBUG - Model tiny.en completed transcription in 0.15 seconds
2026-07-22 08:23:58.216 - RealTimeSTT: realtimestt - INFO - Setting listen time
2026-07-22 08:23:58.216 - RealTimeSTT: realtimestt - INFO - State changed from 'inactive' to 'listening'
2026-07-22 08:23:58.216 - RealTimeSTT: realtimestt - DEBUG - Waiting for recording start
2026-07-22 08:24:02.730 - RealTimeSTT: realtimestt - INFO - voice activity detected
2026-07-22 08:24:02.730 - RealTimeSTT: realtimestt - INFO - recording started
2026-07-22 08:24:02.730 - RealTimeSTT: realtimestt - INFO - State changed from 'listening' to 'recording'
2026-07-22 08:24:02.730 - RealTimeSTT: realtimestt - DEBUG - Waiting for recording stop
2026-07-22 08:24:05.360 - RealTimeSTT: realtimestt - INFO - recording stopped
2026-07-22 08:24:05.361 - RealTimeSTT: realtimestt - DEBUG - No samples removed, final audio length: 58368
2026-07-22 08:24:05.361 - RealTimeSTT: realtimestt - INFO - State changed from 'recording' to 'inactive'
2026-07-22 08:24:05.361 - RealTimeSTT: realtimestt - INFO - State changed from 'inactive' to 'transcribing'
2026-07-22 08:24:05.361 - RealTimeSTT: realtimestt - DEBUG - Adding transcription request, no early transcription started
2026-07-22 08:24:05.362 - RealTimeSTT: realtimestt - DEBUG - Receive from parent_transcription_pipe after sendiung transcription request, transcribe_count: 1
2026-07-22 08:24:05.463 - RealTimeSTT: realtimestt - DEBUG - Receive from parent_transcription_pipe after sendiung transcription request, transcribe_count: 1
2026-07-22 08:24:05.543 - RealTimeSTT: realtimestt - INFO - State changed from 'transcribing' to 'inactive'
2026-07-22 08:24:05.543 - RealTimeSTT: realtimestt - DEBUG - Model tiny.en completed transcription in 0.18 seconds
2026-07-22 08:24:05.544 - RealTimeSTT: realtimestt - INFO - Setting listen time
2026-07-22 08:24:05.544 - RealTimeSTT: realtimestt - INFO - State changed from 'inactive' to 'listening'
2026-07-22 08:24:05.544 - RealTimeSTT: realtimestt - DEBUG - Waiting for recording start
2026-07-22 08:24:09.010 - RealTimeSTT: realtimestt - INFO - voice activity detected
2026-07-22 08:24:09.010 - RealTimeSTT: realtimestt - INFO - recording started
2026-07-22 08:24:09.010 - RealTimeSTT: realtimestt - INFO - State changed from 'listening' to 'recording'
2026-07-22 08:24:09.010 - RealTimeSTT: realtimestt - DEBUG - Waiting for recording stop
2026-07-22 08:24:11.950 - RealTimeSTT: realtimestt - INFO - recording stopped
2026-07-22 08:24:11.951 - RealTimeSTT: realtimestt - DEBUG - No samples removed, final audio length: 63488
2026-07-22 08:24:11.951 - RealTimeSTT: realtimestt - INFO - State changed from 'recording' to 'inactive'
2026-07-22 08:24:11.951 - RealTimeSTT: realtimestt - INFO - State changed from 'inactive' to 'transcribing'
2026-07-22 08:24:11.951 - RealTimeSTT: realtimestt - DEBUG - Adding transcription request, no early transcription started
2026-07-22 08:24:11.958 - RealTimeSTT: realtimestt - DEBUG - Receive from parent_transcription_pipe after sendiung transcription request, transcribe_count: 1
2026-07-22 08:24:12.059 - RealTimeSTT: realtimestt - DEBUG - Receive from parent_transcription_pipe after sendiung transcription request, transcribe_count: 1
2026-07-22 08:24:12.135 - RealTimeSTT: realtimestt - INFO - State changed from 'transcribing' to 'inactive'
2026-07-22 08:24:12.135 - RealTimeSTT: realtimestt - DEBUG - Model tiny.en completed transcription in 0.18 seconds
2026-07-22 08:24:12.136 - RealTimeSTT: realtimestt - INFO - Setting listen time
2026-07-22 08:24:12.136 - RealTimeSTT: realtimestt - INFO - State changed from 'inactive' to 'listening'
2026-07-22 08:24:12.136 - RealTimeSTT: realtimestt - DEBUG - Waiting for recording start
2026-07-22 08:24:13.810 - RealTimeSTT: realtimestt - INFO - voice activity detected
2026-07-22 08:24:13.810 - RealTimeSTT: realtimestt - INFO - recording started
2026-07-22 08:24:13.810 - RealTimeSTT: realtimestt - INFO - State changed from 'listening' to 'recording'
2026-07-22 08:24:13.810 - RealTimeSTT: realtimestt - DEBUG - Waiting for recording stop
2026-07-22 08:24:18.350 - RealTimeSTT: realtimestt - INFO - recording stopped
2026-07-22 08:24:18.352 - RealTimeSTT: realtimestt - DEBUG - No samples removed, final audio length: 89088
2026-07-22 08:24:18.352 - RealTimeSTT: realtimestt - INFO - State changed from 'recording' to 'inactive'
2026-07-22 08:24:18.352 - RealTimeSTT: realtimestt - INFO - State changed from 'inactive' to 'transcribing'
2026-07-22 08:24:18.352 - RealTimeSTT: realtimestt - DEBUG - Adding transcription request, no early transcription started
2026-07-22 08:24:18.361 - RealTimeSTT: realtimestt - DEBUG - Receive from parent_transcription_pipe after sendiung transcription request, transcribe_count: 1
2026-07-22 08:24:18.461 - RealTimeSTT: realtimestt - DEBUG - Receive from parent_transcription_pipe after sendiung transcription request, transcribe_count: 1
2026-07-22 08:24:18.562 - RealTimeSTT: realtimestt - DEBUG - Receive from parent_transcription_pipe after sendiung transcription request, transcribe_count: 1
2026-07-22 08:24:18.593 - RealTimeSTT: realtimestt - INFO - State changed from 'transcribing' to 'inactive'
2026-07-22 08:24:18.594 - RealTimeSTT: realtimestt - DEBUG - Model tiny.en completed transcription in 0.24 seconds
2026-07-22 08:24:18.594 - RealTimeSTT: realtimestt - INFO - Setting listen time
2026-07-22 08:24:18.595 - RealTimeSTT: realtimestt - INFO - State changed from 'inactive' to 'listening'
2026-07-22 08:24:18.595 - RealTimeSTT: realtimestt - DEBUG - Waiting for recording start
2026-07-22 08:24:24.940 - RealTimeSTT: realtimestt - INFO - voice activity detected
2026-07-22 08:24:24.940 - RealTimeSTT: realtimestt - INFO - recording started
2026-07-22 08:24:24.940 - RealTimeSTT: realtimestt - INFO - State changed from 'listening' to 'recording'
2026-07-22 08:24:24.940 - RealTimeSTT: realtimestt - DEBUG - Waiting for recording stop
2026-07-22 08:24:29.930 - RealTimeSTT: realtimestt - INFO - recording stopped
2026-07-22 08:24:29.932 - RealTimeSTT: realtimestt - DEBUG - No samples removed, final audio length: 96256
2026-07-22 08:24:29.932 - RealTimeSTT: realtimestt - INFO - State changed from 'recording' to 'inactive'
2026-07-22 08:24:29.932 - RealTimeSTT: realtimestt - INFO - State changed from 'inactive' to 'transcribing'
2026-07-22 08:24:29.932 - RealTimeSTT: realtimestt - DEBUG - Adding transcription request, no early transcription started
2026-07-22 08:24:29.937 - RealTimeSTT: realtimestt - DEBUG - Receive from parent_transcription_pipe after sendiung transcription request, transcribe_count: 1
2026-07-22 08:24:30.037 - RealTimeSTT: realtimestt - DEBUG - Receive from parent_transcription_pipe after sendiung transcription request, transcribe_count: 1
2026-07-22 08:24:30.099 - RealTimeSTT: realtimestt - INFO - State changed from 'transcribing' to 'inactive'
2026-07-22 08:24:30.101 - RealTimeSTT: realtimestt - DEBUG - Model tiny.en completed transcription in 0.17 seconds
2026-07-22 08:24:30.101 - RealTimeSTT: realtimestt - INFO - Setting listen time
2026-07-22 08:24:30.101 - RealTimeSTT: realtimestt - INFO - State changed from 'inactive' to 'listening'
2026-07-22 08:24:30.101 - RealTimeSTT: realtimestt - DEBUG - Waiting for recording start
2026-07-22 08:24:30.510 - RealTimeSTT: realtimestt - INFO - voice activity detected
2026-07-22 08:24:30.510 - RealTimeSTT: realtimestt - INFO - recording started
2026-07-22 08:24:30.510 - RealTimeSTT: realtimestt - INFO - State changed from 'listening' to 'recording'
2026-07-22 08:24:30.510 - RealTimeSTT: realtimestt - DEBUG - Waiting for recording stop
2026-07-22 08:24:31.980 - RealTimeSTT: realtimestt - INFO - recording stopped
2026-07-22 08:24:31.981 - RealTimeSTT: realtimestt - DEBUG - No samples removed, final audio length: 33280
2026-07-22 08:24:31.981 - RealTimeSTT: realtimestt - INFO - State changed from 'recording' to 'inactive'
2026-07-22 08:24:31.982 - RealTimeSTT: realtimestt - INFO - State changed from 'inactive' to 'transcribing'
2026-07-22 08:24:31.982 - RealTimeSTT: realtimestt - DEBUG - Adding transcription request, no early transcription started
2026-07-22 08:24:31.982 - RealTimeSTT: realtimestt - DEBUG - Receive from parent_transcription_pipe after sendiung transcription request, transcribe_count: 1
2026-07-22 08:24:32.081 - RealTimeSTT: realtimestt - DEBUG - Receive from parent_transcription_pipe after sendiung transcription request, transcribe_count: 1
2026-07-22 08:24:32.126 - RealTimeSTT: realtimestt - INFO - State changed from 'transcribing' to 'inactive'
2026-07-22 08:24:32.127 - RealTimeSTT: realtimestt - DEBUG - Model tiny.en completed transcription in 0.15 seconds
2026-07-22 08:24:32.127 - RealTimeSTT: realtimestt - INFO - Setting listen time
2026-07-22 08:24:32.127 - RealTimeSTT: realtimestt - INFO - State changed from 'inactive' to 'listening'
2026-07-22 08:24:32.127 - RealTimeSTT: realtimestt - DEBUG - Waiting for recording start
2026-07-22 08:24:32.880 - RealTimeSTT: realtimestt - INFO - voice activity detected
2026-07-22 08:24:32.880 - RealTimeSTT: realtimestt - INFO - recording started
2026-07-22 08:24:32.880 - RealTimeSTT: realtimestt - INFO - State changed from 'listening' to 'recording'
2026-07-22 08:24:32.881 - RealTimeSTT: realtimestt - DEBUG - Waiting for recording stop
2026-07-22 08:24:35.570 - RealTimeSTT: realtimestt - INFO - recording stopped
2026-07-22 08:24:35.571 - RealTimeSTT: realtimestt - DEBUG - No samples removed, final audio length: 57856
2026-07-22 08:24:35.571 - RealTimeSTT: realtimestt - INFO - State changed from 'recording' to 'inactive'
2026-07-22 08:24:35.572 - RealTimeSTT: realtimestt - INFO - State changed from 'inactive' to 'transcribing'
2026-07-22 08:24:35.572 - RealTimeSTT: realtimestt - DEBUG - Adding transcription request, no early transcription started
2026-07-22 08:24:35.589 - RealTimeSTT: realtimestt - DEBUG - Receive from parent_transcription_pipe after sendiung transcription request, transcribe_count: 1
2026-07-22 08:24:35.689 - RealTimeSTT: realtimestt - DEBUG - Receive from parent_transcription_pipe after sendiung transcription request, transcribe_count: 1
2026-07-22 08:24:35.751 - RealTimeSTT: realtimestt - INFO - State changed from 'transcribing' to 'inactive'
2026-07-22 08:24:35.752 - RealTimeSTT: realtimestt - DEBUG - Model tiny.en completed transcription in 0.18 seconds
2026-07-22 08:24:35.752 - RealTimeSTT: realtimestt - INFO - Setting listen time
2026-07-22 08:24:35.752 - RealTimeSTT: realtimestt - INFO - State changed from 'inactive' to 'listening'
2026-07-22 08:24:35.752 - RealTimeSTT: realtimestt - DEBUG - Waiting for recording start
2026-07-22 08:24:36.460 - RealTimeSTT: realtimestt - INFO - voice activity detected
2026-07-22 08:24:36.460 - RealTimeSTT: realtimestt - INFO - recording started
2026-07-22 08:24:36.460 - RealTimeSTT: realtimestt - INFO - State changed from 'listening' to 'recording'
2026-07-22 08:24:36.460 - RealTimeSTT: realtimestt - DEBUG - Waiting for recording stop
2026-07-22 08:24:43.760 - RealTimeSTT: realtimestt - INFO - recording stopped
2026-07-22 08:24:43.762 - RealTimeSTT: realtimestt - DEBUG - No samples removed, final audio length: 131584
2026-07-22 08:24:43.762 - RealTimeSTT: realtimestt - INFO - State changed from 'recording' to 'inactive'
2026-07-22 08:24:43.762 - RealTimeSTT: realtimestt - INFO - State changed from 'inactive' to 'transcribing'
2026-07-22 08:24:43.762 - RealTimeSTT: realtimestt - DEBUG - Adding transcription request, no early transcription started
2026-07-22 08:24:43.763 - RealTimeSTT: realtimestt - DEBUG - Receive from parent_transcription_pipe after sendiung transcription request, transcribe_count: 1
2026-07-22 08:24:43.863 - RealTimeSTT: realtimestt - DEBUG - Receive from parent_transcription_pipe after sendiung transcription request, transcribe_count: 1
2026-07-22 08:24:43.947 - RealTimeSTT: realtimestt - INFO - State changed from 'transcribing' to 'inactive'
2026-07-22 08:24:43.948 - RealTimeSTT: realtimestt - DEBUG - Model tiny.en completed transcription in 0.19 seconds
2026-07-22 08:24:43.949 - RealTimeSTT: realtimestt - INFO - Setting listen time
2026-07-22 08:24:43.949 - RealTimeSTT: realtimestt - INFO - State changed from 'inactive' to 'listening'
2026-07-22 08:24:43.949 - RealTimeSTT: realtimestt - DEBUG - Waiting for recording start
2026-07-22 08:25:24.081 - RealTimeSTT: realtimestt - INFO - voice activity detected
2026-07-22 08:25:24.081 - RealTimeSTT: realtimestt - INFO - recording started
2026-07-22 08:25:24.081 - RealTimeSTT: realtimestt - INFO - State changed from 'listening' to 'recording'
2026-07-22 08:25:24.081 - RealTimeSTT: realtimestt - DEBUG - Waiting for recording stop
2026-07-22 08:25:24.911 - RealTimeSTT: realtimestt - INFO - recording stopped
2026-07-22 08:25:24.912 - RealTimeSTT: realtimestt - DEBUG - No samples removed, final audio length: 29696
2026-07-22 08:25:24.912 - RealTimeSTT: realtimestt - INFO - State changed from 'recording' to 'inactive'
2026-07-22 08:25:24.912 - RealTimeSTT: realtimestt - INFO - State changed from 'inactive' to 'transcribing'
2026-07-22 08:25:24.912 - RealTimeSTT: realtimestt - DEBUG - Adding transcription request, no early transcription started
2026-07-22 08:25:24.912 - RealTimeSTT: realtimestt - DEBUG - Receive from parent_transcription_pipe after sendiung transcription request, transcribe_count: 1
2026-07-22 08:25:25.013 - RealTimeSTT: realtimestt - DEBUG - Receive from parent_transcription_pipe after sendiung transcription request, transcribe_count: 1
2026-07-22 08:25:25.051 - RealTimeSTT: realtimestt - INFO - State changed from 'transcribing' to 'inactive'
2026-07-22 08:25:25.051 - RealTimeSTT: realtimestt - DEBUG - Model tiny.en completed transcription in 0.14 seconds
2026-07-22 08:25:25.052 - RealTimeSTT: realtimestt - INFO - Setting listen time
2026-07-22 08:25:25.052 - RealTimeSTT: realtimestt - INFO - State changed from 'inactive' to 'listening'
2026-07-22 08:25:25.052 - RealTimeSTT: realtimestt - DEBUG - Waiting for recording start
2026-07-22 08:25:27.731 - RealTimeSTT: realtimestt - INFO - voice activity detected
2026-07-22 08:25:27.731 - RealTimeSTT: realtimestt - INFO - recording started
2026-07-22 08:25:27.731 - RealTimeSTT: realtimestt - INFO - State changed from 'listening' to 'recording'
2026-07-22 08:25:27.731 - RealTimeSTT: realtimestt - DEBUG - Waiting for recording stop
2026-07-22 08:25:30.031 - RealTimeSTT: realtimestt - INFO - recording stopped
2026-07-22 08:25:30.032 - RealTimeSTT: realtimestt - DEBUG - No samples removed, final audio length: 53248
2026-07-22 08:25:30.032 - RealTimeSTT: realtimestt - INFO - State changed from 'recording' to 'inactive'
2026-07-22 08:25:30.032 - RealTimeSTT: realtimestt - INFO - State changed from 'inactive' to 'transcribing'
2026-07-22 08:25:30.032 - RealTimeSTT: realtimestt - DEBUG - Adding transcription request, no early transcription started
2026-07-22 08:25:30.035 - RealTimeSTT: realtimestt - DEBUG - Receive from parent_transcription_pipe after sendiung transcription request, transcribe_count: 1
2026-07-22 08:25:30.136 - RealTimeSTT: realtimestt - DEBUG - Receive from parent_transcription_pipe after sendiung transcription request, transcribe_count: 1
2026-07-22 08:25:30.185 - RealTimeSTT: realtimestt - INFO - State changed from 'transcribing' to 'inactive'
2026-07-22 08:25:30.186 - RealTimeSTT: realtimestt - DEBUG - Model tiny.en completed transcription in 0.15 seconds
2026-07-22 08:25:30.186 - RealTimeSTT: realtimestt - INFO - Setting listen time
2026-07-22 08:25:30.186 - RealTimeSTT: realtimestt - INFO - State changed from 'inactive' to 'listening'
2026-07-22 08:25:30.187 - RealTimeSTT: realtimestt - DEBUG - Waiting for recording start
2026-07-22 08:25:37.711 - RealTimeSTT: realtimestt - INFO - voice activity detected
2026-07-22 08:25:37.711 - RealTimeSTT: realtimestt - INFO - recording started
2026-07-22 08:25:37.711 - RealTimeSTT: realtimestt - INFO - State changed from 'listening' to 'recording'
2026-07-22 08:25:37.712 - RealTimeSTT: realtimestt - DEBUG - Waiting for recording stop
2026-07-22 08:25:42.451 - RealTimeSTT: realtimestt - INFO - recording stopped
2026-07-22 08:25:42.453 - RealTimeSTT: realtimestt - DEBUG - No samples removed, final audio length: 92160
2026-07-22 08:25:42.453 - RealTimeSTT: realtimestt - INFO - State changed from 'recording' to 'inactive'
2026-07-22 08:25:42.453 - RealTimeSTT: realtimestt - INFO - State changed from 'inactive' to 'transcribing'
2026-07-22 08:25:42.453 - RealTimeSTT: realtimestt - DEBUG - Adding transcription request, no early transcription started
2026-07-22 08:25:42.453 - RealTimeSTT: realtimestt - DEBUG - Receive from parent_transcription_pipe after sendiung transcription request, transcribe_count: 1
2026-07-22 08:25:42.553 - RealTimeSTT: realtimestt - DEBUG - Receive from parent_transcription_pipe after sendiung transcription request, transcribe_count: 1
2026-07-22 08:25:42.607 - RealTimeSTT: realtimestt - INFO - State changed from 'transcribing' to 'inactive'
2026-07-22 08:25:42.609 - RealTimeSTT: realtimestt - DEBUG - Model tiny.en completed transcription in 0.16 seconds
2026-07-22 08:25:42.609 - RealTimeSTT: realtimestt - INFO - Setting listen time
2026-07-22 08:25:42.609 - RealTimeSTT: realtimestt - INFO - State changed from 'inactive' to 'listening'
2026-07-22 08:25:42.609 - RealTimeSTT: realtimestt - DEBUG - Waiting for recording start
2026-07-22 08:25:44.941 - RealTimeSTT: realtimestt - INFO - voice activity detected
2026-07-22 08:25:44.941 - RealTimeSTT: realtimestt - INFO - recording started
2026-07-22 08:25:44.941 - RealTimeSTT: realtimestt - INFO - State changed from 'listening' to 'recording'
2026-07-22 08:25:44.942 - RealTimeSTT: realtimestt - DEBUG - Waiting for recording stop
2026-07-22 08:25:45.772 - RealTimeSTT: realtimestt - INFO - recording stopped
2026-07-22 08:25:45.773 - RealTimeSTT: realtimestt - DEBUG - No samples removed, final audio length: 29696
2026-07-22 08:25:45.773 - RealTimeSTT: realtimestt - INFO - State changed from 'recording' to 'inactive'
2026-07-22 08:25:45.773 - RealTimeSTT: realtimestt - INFO - State changed from 'inactive' to 'transcribing'
2026-07-22 08:25:45.773 - RealTimeSTT: realtimestt - DEBUG - Adding transcription request, no early transcription started
2026-07-22 08:25:45.789 - RealTimeSTT: realtimestt - DEBUG - Receive from parent_transcription_pipe after sendiung transcription request, transcribe_count: 1
2026-07-22 08:25:45.890 - RealTimeSTT: realtimestt - DEBUG - Receive from parent_transcription_pipe after sendiung transcription request, transcribe_count: 1
2026-07-22 08:25:45.935 - RealTimeSTT: realtimestt - INFO - State changed from 'transcribing' to 'inactive'
2026-07-22 08:25:45.936 - RealTimeSTT: realtimestt - DEBUG - Model tiny.en completed transcription in 0.16 seconds
2026-07-22 08:25:45.936 - RealTimeSTT: realtimestt - INFO - Setting listen time
2026-07-22 08:25:45.936 - RealTimeSTT: realtimestt - INFO - State changed from 'inactive' to 'listening'
2026-07-22 08:25:45.936 - RealTimeSTT: realtimestt - DEBUG - Waiting for recording start
2026-07-22 08:25:55.892 - RealTimeSTT: realtimestt - INFO - voice activity detected
2026-07-22 08:25:55.893 - RealTimeSTT: realtimestt - INFO - recording started
2026-07-22 08:25:55.893 - RealTimeSTT: realtimestt - INFO - State changed from 'listening' to 'recording'
2026-07-22 08:25:55.893 - RealTimeSTT: realtimestt - DEBUG - Waiting for recording stop
2026-07-22 08:25:56.912 - RealTimeSTT: realtimestt - INFO - recording stopped
2026-07-22 08:25:56.912 - RealTimeSTT: realtimestt - DEBUG - No samples removed, final audio length: 32768
2026-07-22 08:25:56.912 - RealTimeSTT: realtimestt - INFO - State changed from 'recording' to 'inactive'
2026-07-22 08:25:56.912 - RealTimeSTT: realtimestt - INFO - State changed from 'inactive' to 'transcribing'
2026-07-22 08:25:56.913 - RealTimeSTT: realtimestt - DEBUG - Adding transcription request, no early transcription started
2026-07-22 08:25:56.922 - RealTimeSTT: realtimestt - DEBUG - Receive from parent_transcription_pipe after sendiung transcription request, transcribe_count: 1
2026-07-22 08:25:57.023 - RealTimeSTT: realtimestt - DEBUG - Receive from parent_transcription_pipe after sendiung transcription request, transcribe_count: 1
2026-07-22 08:25:57.066 - RealTimeSTT: realtimestt - INFO - State changed from 'transcribing' to 'inactive'
2026-07-22 08:25:57.066 - RealTimeSTT: realtimestt - DEBUG - Model tiny.en completed transcription in 0.15 seconds
2026-07-22 08:25:57.067 - RealTimeSTT: realtimestt - INFO - Setting listen time
2026-07-22 08:25:57.067 - RealTimeSTT: realtimestt - INFO - State changed from 'inactive' to 'listening'
2026-07-22 08:25:57.067 - RealTimeSTT: realtimestt - DEBUG - Waiting for recording start
2026-07-22 08:35:44.121 - RealTimeSTT: realtimestt - INFO - voice activity detected
2026-07-22 08:35:44.121 - RealTimeSTT: realtimestt - INFO - recording started
2026-07-22 08:35:44.121 - RealTimeSTT: realtimestt - INFO - State changed from 'listening' to 'recording'
2026-07-22 08:35:44.121 - RealTimeSTT: realtimestt - DEBUG - Waiting for recording stop
2026-07-22 08:35:45.342 - RealTimeSTT: realtimestt - INFO - recording stopped
2026-07-22 08:35:45.343 - RealTimeSTT: realtimestt - DEBUG - No samples removed, final audio length: 35840
2026-07-22 08:35:45.343 - RealTimeSTT: realtimestt - INFO - State changed from 'recording' to 'inactive'
2026-07-22 08:35:45.343 - RealTimeSTT: realtimestt - INFO - State changed from 'inactive' to 'transcribing'
2026-07-22 08:35:45.343 - RealTimeSTT: realtimestt - DEBUG - Adding transcription request, no early transcription started
2026-07-22 08:35:45.353 - RealTimeSTT: realtimestt - DEBUG - Receive from parent_transcription_pipe after sendiung transcription request, transcribe_count: 1
2026-07-22 08:35:45.356 - RealTimeSTT: realtimestt - INFO - State changed from 'transcribing' to 'inactive'
2026-07-22 08:35:45.356 - RealTimeSTT: realtimestt - DEBUG - Model tiny.en completed transcription in 0.01 seconds
2026-07-22 08:35:45.356 - RealTimeSTT: realtimestt - INFO - Setting listen time
2026-07-22 08:35:45.356 - RealTimeSTT: realtimestt - INFO - State changed from 'inactive' to 'listening'
2026-07-22 08:35:45.356 - RealTimeSTT: realtimestt - DEBUG - Waiting for recording start
2026-07-22 08:36:15.541 - RealTimeSTT: realtimestt - INFO - voice activity detected
2026-07-22 08:36:15.542 - RealTimeSTT: realtimestt - INFO - recording started
2026-07-22 08:36:15.542 - RealTimeSTT: realtimestt - INFO - State changed from 'listening' to 'recording'
2026-07-22 08:36:15.542 - RealTimeSTT: realtimestt - DEBUG - Waiting for recording stop
2026-07-22 08:36:16.312 - RealTimeSTT: realtimestt - INFO - recording stopped
2026-07-22 08:36:16.312 - RealTimeSTT: realtimestt - DEBUG - No samples removed, final audio length: 28672
2026-07-22 08:36:16.312 - RealTimeSTT: realtimestt - INFO - State changed from 'recording' to 'inactive'
2026-07-22 08:36:16.312 - RealTimeSTT: realtimestt - INFO - State changed from 'inactive' to 'transcribing'
2026-07-22 08:36:16.312 - RealTimeSTT: realtimestt - DEBUG - Adding transcription request, no early transcription started
2026-07-22 08:36:16.313 - RealTimeSTT: realtimestt - DEBUG - Receive from parent_transcription_pipe after sendiung transcription request, transcribe_count: 1
2026-07-22 08:36:16.414 - RealTimeSTT: realtimestt - DEBUG - Receive from parent_transcription_pipe after sendiung transcription request, transcribe_count: 1
2026-07-22 08:36:16.446 - RealTimeSTT: realtimestt - INFO - State changed from 'transcribing' to 'inactive'
2026-07-22 08:36:16.446 - RealTimeSTT: realtimestt - DEBUG - Model tiny.en completed transcription in 0.13 seconds
2026-07-22 08:36:16.446 - RealTimeSTT: realtimestt - INFO - Setting listen time
2026-07-22 08:36:16.446 - RealTimeSTT: realtimestt - INFO - State changed from 'inactive' to 'listening'
2026-07-22 08:36:16.446 - RealTimeSTT: realtimestt - DEBUG - Waiting for recording start
2026-07-22 08:37:56.343 - RealTimeSTT: realtimestt - INFO - voice activity detected
2026-07-22 08:37:56.343 - RealTimeSTT: realtimestt - INFO - recording started
2026-07-22 08:37:56.343 - RealTimeSTT: realtimestt - INFO - State changed from 'listening' to 'recording'
2026-07-22 08:37:56.343 - RealTimeSTT: realtimestt - DEBUG - Waiting for recording stop
2026-07-22 08:37:59.543 - RealTimeSTT: realtimestt - INFO - recording stopped
2026-07-22 08:37:59.544 - RealTimeSTT: realtimestt - DEBUG - No samples removed, final audio length: 67584
2026-07-22 08:37:59.544 - RealTimeSTT: realtimestt - INFO - State changed from 'recording' to 'inactive'
2026-07-22 08:37:59.545 - RealTimeSTT: realtimestt - INFO - State changed from 'inactive' to 'transcribing'
2026-07-22 08:37:59.545 - RealTimeSTT: realtimestt - DEBUG - Adding transcription request, no early transcription started
2026-07-22 08:37:59.545 - RealTimeSTT: realtimestt - DEBUG - Receive from parent_transcription_pipe after sendiung transcription request, transcribe_count: 1
2026-07-22 08:37:59.645 - RealTimeSTT: realtimestt - DEBUG - Receive from parent_transcription_pipe after sendiung transcription request, transcribe_count: 1
2026-07-22 08:37:59.696 - RealTimeSTT: realtimestt - INFO - State changed from 'transcribing' to 'inactive'
2026-07-22 08:37:59.697 - RealTimeSTT: realtimestt - DEBUG - Model tiny.en completed transcription in 0.15 seconds
2026-07-22 08:37:59.697 - RealTimeSTT: realtimestt - INFO - Setting listen time
2026-07-22 08:37:59.698 - RealTimeSTT: realtimestt - INFO - State changed from 'inactive' to 'listening'
2026-07-22 08:37:59.698 - RealTimeSTT: realtimestt - DEBUG - Waiting for recording start
2026-07-22 08:38:00.763 - RealTimeSTT: realtimestt - INFO - voice activity detected
2026-07-22 08:38:00.763 - RealTimeSTT: realtimestt - INFO - recording started
2026-07-22 08:38:00.763 - RealTimeSTT: realtimestt - INFO - State changed from 'listening' to 'recording'
2026-07-22 08:38:00.763 - RealTimeSTT: realtimestt - DEBUG - Waiting for recording stop
2026-07-22 08:38:04.603 - RealTimeSTT: realtimestt - INFO - recording stopped
2026-07-22 08:38:04.605 - RealTimeSTT: realtimestt - DEBUG - No samples removed, final audio length: 77824
2026-07-22 08:38:04.605 - RealTimeSTT: realtimestt - INFO - State changed from 'recording' to 'inactive'
2026-07-22 08:38:04.605 - RealTimeSTT: realtimestt - INFO - State changed from 'inactive' to 'transcribing'
2026-07-22 08:38:04.605 - RealTimeSTT: realtimestt - DEBUG - Adding transcription request, no early transcription started
2026-07-22 08:38:04.607 - RealTimeSTT: realtimestt - DEBUG - Receive from parent_transcription_pipe after sendiung transcription request, transcribe_count: 1
2026-07-22 08:38:04.707 - RealTimeSTT: realtimestt - DEBUG - Receive from parent_transcription_pipe after sendiung transcription request, transcribe_count: 1
2026-07-22 08:38:04.786 - RealTimeSTT: realtimestt - INFO - State changed from 'transcribing' to 'inactive'
2026-07-22 08:38:04.787 - RealTimeSTT: realtimestt - DEBUG - Model tiny.en completed transcription in 0.18 seconds
2026-07-22 08:38:04.787 - RealTimeSTT: realtimestt - INFO - Setting listen time
2026-07-22 08:38:04.787 - RealTimeSTT: realtimestt - INFO - State changed from 'inactive' to 'listening'
2026-07-22 08:38:04.788 - RealTimeSTT: realtimestt - DEBUG - Waiting for recording start
2026-07-22 08:38:09.023 - RealTimeSTT: realtimestt - INFO - voice activity detected
2026-07-22 08:38:09.023 - RealTimeSTT: realtimestt - INFO - recording started
2026-07-22 08:38:09.023 - RealTimeSTT: realtimestt - INFO - State changed from 'listening' to 'recording'
2026-07-22 08:38:09.023 - RealTimeSTT: realtimestt - DEBUG - Waiting for recording stop
2026-07-22 08:38:14.714 - RealTimeSTT: realtimestt - INFO - recording stopped
2026-07-22 08:38:14.716 - RealTimeSTT: realtimestt - DEBUG - No samples removed, final audio length: 107520
2026-07-22 08:38:14.716 - RealTimeSTT: realtimestt - INFO - State changed from 'recording' to 'inactive'
2026-07-22 08:38:14.716 - RealTimeSTT: realtimestt - INFO - State changed from 'inactive' to 'transcribing'
2026-07-22 08:38:14.716 - RealTimeSTT: realtimestt - DEBUG - Adding transcription request, no early transcription started
2026-07-22 08:38:14.717 - RealTimeSTT: realtimestt - DEBUG - Receive from parent_transcription_pipe after sendiung transcription request, transcribe_count: 1
2026-07-22 08:38:14.817 - RealTimeSTT: realtimestt - DEBUG - Receive from parent_transcription_pipe after sendiung transcription request, transcribe_count: 1
2026-07-22 08:38:14.885 - RealTimeSTT: realtimestt - INFO - State changed from 'transcribing' to 'inactive'
2026-07-22 08:38:14.886 - RealTimeSTT: realtimestt - DEBUG - Model tiny.en completed transcription in 0.17 seconds
2026-07-22 08:38:14.886 - RealTimeSTT: realtimestt - INFO - Setting listen time
2026-07-22 08:38:14.886 - RealTimeSTT: realtimestt - INFO - State changed from 'inactive' to 'listening'
2026-07-22 08:38:14.887 - RealTimeSTT: realtimestt - DEBUG - Waiting for recording start
2026-07-22 08:38:16.503 - RealTimeSTT: realtimestt - INFO - voice activity detected
2026-07-22 08:38:16.503 - RealTimeSTT: realtimestt - INFO - recording started
2026-07-22 08:38:16.503 - RealTimeSTT: realtimestt - INFO - State changed from 'listening' to 'recording'
2026-07-22 08:38:16.504 - RealTimeSTT: realtimestt - DEBUG - Waiting for recording stop
2026-07-22 08:38:18.303 - RealTimeSTT: realtimestt - INFO - recording stopped
2026-07-22 08:38:18.304 - RealTimeSTT: realtimestt - DEBUG - No samples removed, final audio length: 45056
2026-07-22 08:38:18.304 - RealTimeSTT: realtimestt - INFO - State changed from 'recording' to 'inactive'
2026-07-22 08:38:18.304 - RealTimeSTT: realtimestt - INFO - State changed from 'inactive' to 'transcribing'
2026-07-22 08:38:18.304 - RealTimeSTT: realtimestt - DEBUG - Adding transcription request, no early transcription started
2026-07-22 08:38:18.305 - RealTimeSTT: realtimestt - DEBUG - Receive from parent_transcription_pipe after sendiung transcription request, transcribe_count: 1
2026-07-22 08:38:18.406 - RealTimeSTT: realtimestt - DEBUG - Receive from parent_transcription_pipe after sendiung transcription request, transcribe_count: 1
2026-07-22 08:38:18.464 - RealTimeSTT: realtimestt - INFO - State changed from 'transcribing' to 'inactive'
2026-07-22 08:38:18.465 - RealTimeSTT: realtimestt - DEBUG - Model tiny.en completed transcription in 0.16 seconds
2026-07-22 08:38:18.465 - RealTimeSTT: realtimestt - INFO - Setting listen time
2026-07-22 08:38:18.465 - RealTimeSTT: realtimestt - INFO - State changed from 'inactive' to 'listening'
2026-07-22 08:38:18.465 - RealTimeSTT: realtimestt - DEBUG - Waiting for recording start
2026-07-24 19:31:48.839 - RealTimeSTT: realtimestt - INFO - Starting RealTimeSTT
2026-07-24 19:31:48.845 - RealTimeSTT: realtimestt - INFO - Initializing audio recording (creating pyAudio input stream, sample rate: 16000 buffer size: 512
2026-07-24 19:31:48.849 - RealTimeSTT: realtimestt - INFO - Initializing WebRTC voice with Sensitivity 3
2026-07-24 19:31:48.849 - RealTimeSTT: realtimestt - DEBUG - WebRTC VAD voice activity detection engine initialized successfully
2026-07-24 19:31:48.932 - RealTimeSTT: realtimestt - DEBUG - Silero VAD voice activity detection engine initialized successfully with backend raw_onnx_ifless
2026-07-24 19:31:48.933 - RealTimeSTT: realtimestt - DEBUG - Starting realtime worker
2026-07-24 19:31:48.934 - RealTimeSTT: realtimestt - DEBUG - Waiting for main transcription model to start
2026-07-24 19:31:48.934 - RealTimeSTT: realtimestt - DEBUG - Realtime transcription disabled; realtime worker exits
2026-07-24 19:31:53.729 - RealTimeSTT: realtimestt - DEBUG - Main transcription model ready
2026-07-24 19:31:53.730 - RealTimeSTT: realtimestt - DEBUG - RealtimeSTT initialization completed successfully
2026-07-24 19:31:53.730 - RealTimeSTT: realtimestt - INFO - Setting listen time
2026-07-24 19:31:53.730 - RealTimeSTT: realtimestt - INFO - State changed from 'inactive' to 'listening'
2026-07-24 19:31:53.730 - RealTimeSTT: realtimestt - DEBUG - Waiting for recording start
2026-07-24 19:31:58.980 - RealTimeSTT: realtimestt - INFO - voice activity detected
2026-07-24 19:31:58.980 - RealTimeSTT: realtimestt - INFO - recording started
2026-07-24 19:31:58.980 - RealTimeSTT: realtimestt - INFO - State changed from 'listening' to 'recording'
2026-07-24 19:31:58.980 - RealTimeSTT: realtimestt - DEBUG - Waiting for recording stop
2026-07-24 19:32:01.216 - RealTimeSTT: realtimestt - INFO - recording stopped
2026-07-24 19:32:01.217 - RealTimeSTT: realtimestt - DEBUG - No samples removed, final audio length: 52224
2026-07-24 19:32:01.218 - RealTimeSTT: realtimestt - INFO - State changed from 'recording' to 'inactive'
2026-07-24 19:32:01.218 - RealTimeSTT: realtimestt - INFO - State changed from 'inactive' to 'transcribing'
2026-07-24 19:32:01.218 - RealTimeSTT: realtimestt - DEBUG - Adding transcription request, no early transcription started
2026-07-24 19:32:01.222 - RealTimeSTT: realtimestt - DEBUG - Receive from parent_transcription_pipe after sendiung transcription request, transcribe_count: 1
2026-07-24 19:32:01.323 - RealTimeSTT: realtimestt - DEBUG - Receive from parent_transcription_pipe after sendiung transcription request, transcribe_count: 1
2026-07-24 19:32:01.395 - RealTimeSTT: realtimestt - INFO - State changed from 'transcribing' to 'inactive'
2026-07-24 19:32:01.396 - RealTimeSTT: realtimestt - DEBUG - Model tiny.en completed transcription in 0.18 seconds
2026-07-24 19:32:01.396 - RealTimeSTT: realtimestt - INFO - Setting listen time
2026-07-24 19:32:01.397 - RealTimeSTT: realtimestt - INFO - State changed from 'inactive' to 'listening'
2026-07-24 19:32:01.397 - RealTimeSTT: realtimestt - DEBUG - Waiting for recording start
2026-07-24 19:32:14.654 - RealTimeSTT: realtimestt - INFO - voice activity detected
2026-07-24 19:32:14.654 - RealTimeSTT: realtimestt - INFO - recording started
2026-07-24 19:32:14.654 - RealTimeSTT: realtimestt - INFO - State changed from 'listening' to 'recording'
2026-07-24 19:32:14.654 - RealTimeSTT: realtimestt - DEBUG - Waiting for recording stop
2026-07-24 19:32:16.253 - RealTimeSTT: realtimestt - INFO - recording stopped
2026-07-24 19:32:16.254 - RealTimeSTT: realtimestt - DEBUG - No samples removed, final audio length: 41984
2026-07-24 19:32:16.254 - RealTimeSTT: realtimestt - INFO - State changed from 'recording' to 'inactive'
2026-07-24 19:32:16.254 - RealTimeSTT: realtimestt - INFO - State changed from 'inactive' to 'transcribing'
2026-07-24 19:32:16.254 - RealTimeSTT: realtimestt - DEBUG - Adding transcription request, no early transcription started
2026-07-24 19:32:16.255 - RealTimeSTT: realtimestt - DEBUG - Receive from parent_transcription_pipe after sendiung transcription request, transcribe_count: 1
2026-07-24 19:32:16.355 - RealTimeSTT: realtimestt - DEBUG - Receive from parent_transcription_pipe after sendiung transcription request, transcribe_count: 1
2026-07-24 19:32:16.412 - RealTimeSTT: realtimestt - INFO - State changed from 'transcribing' to 'inactive'
2026-07-24 19:32:16.412 - RealTimeSTT: realtimestt - DEBUG - Model tiny.en completed transcription in 0.16 seconds
2026-07-24 19:32:16.413 - RealTimeSTT: realtimestt - INFO - recording stopped
2026-07-24 19:32:26.881 - RealTimeSTT: realtimestt - INFO - voice activity detected
2026-07-24 19:32:26.881 - RealTimeSTT: realtimestt - INFO - recording started
2026-07-24 19:32:26.881 - RealTimeSTT: realtimestt - INFO - State changed from 'inactive' to 'recording'
2026-07-24 19:32:28.801 - RealTimeSTT: realtimestt - INFO - recording stopped
2026-07-24 19:32:28.837 - RealTimeSTT: realtimestt - INFO - Setting listen time
2026-07-24 19:32:28.837 - RealTimeSTT: realtimestt - DEBUG - No samples removed, final audio length: 47104
2026-07-24 19:32:28.837 - RealTimeSTT: realtimestt - INFO - State changed from 'recording' to 'inactive'
2026-07-24 19:32:28.837 - RealTimeSTT: realtimestt - INFO - State changed from 'inactive' to 'transcribing'
2026-07-24 19:32:28.837 - RealTimeSTT: realtimestt - DEBUG - Adding transcription request, no early transcription started
2026-07-24 19:32:28.839 - RealTimeSTT: realtimestt - DEBUG - Receive from parent_transcription_pipe after sendiung transcription request, transcribe_count: 1
2026-07-24 19:32:28.939 - RealTimeSTT: realtimestt - DEBUG - Receive from parent_transcription_pipe after sendiung transcription request, transcribe_count: 1
2026-07-24 19:32:29.018 - RealTimeSTT: realtimestt - INFO - State changed from 'transcribing' to 'inactive'
2026-07-24 19:32:29.019 - RealTimeSTT: realtimestt - DEBUG - Model tiny.en completed transcription in 0.18 seconds
2026-07-24 19:32:29.019 - RealTimeSTT: realtimestt - INFO - recording stopped
2026-07-24 19:32:30.201 - RealTimeSTT: realtimestt - INFO - voice activity detected
2026-07-24 19:32:30.201 - RealTimeSTT: realtimestt - INFO - recording started
2026-07-24 19:32:30.201 - RealTimeSTT: realtimestt - INFO - State changed from 'inactive' to 'recording'
2026-07-24 19:32:32.700 - RealTimeSTT: realtimestt - INFO - recording stopped
2026-07-24 19:32:35.320 - RealTimeSTT: realtimestt - INFO - voice activity detected
2026-07-24 19:32:35.320 - RealTimeSTT: realtimestt - INFO - recording started
2026-07-24 19:32:39.999 - RealTimeSTT: realtimestt - INFO - recording stopped
2026-07-24 19:32:40.888 - RealTimeSTT: realtimestt - INFO - voice activity detected
2026-07-24 19:32:40.888 - RealTimeSTT: realtimestt - INFO - recording started
2026-07-24 19:32:43.448 - RealTimeSTT: realtimestt - INFO - recording stopped
2026-07-24 19:32:43.839 - RealTimeSTT: realtimestt - INFO - Setting listen time
2026-07-24 19:32:43.839 - RealTimeSTT: realtimestt - DEBUG - No samples removed, final audio length: 56320
2026-07-24 19:32:43.839 - RealTimeSTT: realtimestt - INFO - State changed from 'recording' to 'inactive'
2026-07-24 19:32:43.839 - RealTimeSTT: realtimestt - INFO - State changed from 'inactive' to 'transcribing'
2026-07-24 19:32:43.839 - RealTimeSTT: realtimestt - DEBUG - Adding transcription request, no early transcription started
2026-07-24 19:32:43.840 - RealTimeSTT: realtimestt - DEBUG - Receive from parent_transcription_pipe after sendiung transcription request, transcribe_count: 1
2026-07-24 19:32:43.940 - RealTimeSTT: realtimestt - DEBUG - Receive from parent_transcription_pipe after sendiung transcription request, transcribe_count: 1
2026-07-24 19:32:43.959 - RealTimeSTT: realtimestt - INFO - voice activity detected
2026-07-24 19:32:43.959 - RealTimeSTT: realtimestt - INFO - recording started
2026-07-24 19:32:43.959 - RealTimeSTT: realtimestt - INFO - State changed from 'transcribing' to 'recording'
2026-07-24 19:32:44.030 - RealTimeSTT: realtimestt - DEBUG - Model tiny.en completed transcription in 0.19 seconds
2026-07-24 19:32:44.030 - RealTimeSTT: realtimestt - INFO - Setting listen time
2026-07-24 19:32:44.031 - RealTimeSTT: realtimestt - DEBUG - No samples removed, final audio length: 91136
2026-07-24 19:32:44.031 - RealTimeSTT: realtimestt - INFO - State changed from 'recording' to 'transcribing'
2026-07-24 19:32:44.031 - RealTimeSTT: realtimestt - DEBUG - Adding transcription request, no early transcription started
2026-07-24 19:32:44.031 - RealTimeSTT: realtimestt - DEBUG - Receive from parent_transcription_pipe after sendiung transcription request, transcribe_count: 1
2026-07-24 19:32:44.132 - RealTimeSTT: realtimestt - DEBUG - Receive from parent_transcription_pipe after sendiung transcription request, transcribe_count: 1
2026-07-24 19:32:44.232 - RealTimeSTT: realtimestt - DEBUG - Receive from parent_transcription_pipe after sendiung transcription request, transcribe_count: 1
2026-07-24 19:32:44.279 - RealTimeSTT: realtimestt - INFO - State changed from 'transcribing' to 'recording'
2026-07-24 19:32:44.281 - RealTimeSTT: realtimestt - DEBUG - Model tiny.en completed transcription in 0.25 seconds
2026-07-24 19:32:44.281 - RealTimeSTT: realtimestt - INFO - Setting listen time
2026-07-24 19:32:44.281 - RealTimeSTT: realtimestt - DEBUG - No samples removed, final audio length: 55808
2026-07-24 19:32:44.281 - RealTimeSTT: realtimestt - INFO - State changed from 'recording' to 'transcribing'
2026-07-24 19:32:44.281 - RealTimeSTT: realtimestt - DEBUG - Adding transcription request, no early transcription started
2026-07-24 19:32:44.282 - RealTimeSTT: realtimestt - DEBUG - Receive from parent_transcription_pipe after sendiung transcription request, transcribe_count: 1
2026-07-24 19:32:44.383 - RealTimeSTT: realtimestt - DEBUG - Receive from parent_transcription_pipe after sendiung transcription request, transcribe_count: 1
2026-07-24 19:32:44.483 - RealTimeSTT: realtimestt - DEBUG - Receive from parent_transcription_pipe after sendiung transcription request, transcribe_count: 1
2026-07-24 19:32:44.488 - RealTimeSTT: realtimestt - INFO - State changed from 'transcribing' to 'recording'
2026-07-24 19:32:44.489 - RealTimeSTT: realtimestt - DEBUG - Model tiny.en completed transcription in 0.21 seconds
2026-07-24 19:32:44.489 - RealTimeSTT: realtimestt - INFO - Setting listen time
2026-07-24 19:32:44.489 - RealTimeSTT: realtimestt - DEBUG - Waiting for recording stop
2026-07-24 19:32:49.039 - RealTimeSTT: realtimestt - INFO - KeyboardInterrupt in wait_audio, shutting down
2026-07-24 19:32:49.039 - RealTimeSTT: realtimestt - DEBUG - Finishing recording thread
2026-07-24 19:32:49.049 - RealTimeSTT: realtimestt - DEBUG - Terminating reader process
2026-07-24 19:32:49.493 - RealTimeSTT: realtimestt - DEBUG - Terminating transcription process
2026-07-24 19:32:49.578 - RealTimeSTT: realtimestt - DEBUG - Finishing realtime thread
2026-07-24 19:32:49.648 - RealTimeSTT: realtimestt - INFO - KeyboardInterrupt in text() method
2026-07-24 19:33:04.758 - RealTimeSTT: realtimestt - INFO - Starting RealTimeSTT
2026-07-24 19:33:04.764 - RealTimeSTT: realtimestt - INFO - Initializing audio recording (creating pyAudio input stream, sample rate: 16000 buffer size: 512
2026-07-24 19:33:04.768 - RealTimeSTT: realtimestt - INFO - Initializing WebRTC voice with Sensitivity 3
2026-07-24 19:33:04.768 - RealTimeSTT: realtimestt - DEBUG - WebRTC VAD voice activity detection engine initialized successfully
2026-07-24 19:33:04.832 - RealTimeSTT: realtimestt - DEBUG - Silero VAD voice activity detection engine initialized successfully with backend raw_onnx_ifless
2026-07-24 19:33:04.833 - RealTimeSTT: realtimestt - DEBUG - Starting realtime worker
2026-07-24 19:33:04.834 - RealTimeSTT: realtimestt - DEBUG - Waiting for main transcription model to start
2026-07-24 19:33:04.834 - RealTimeSTT: realtimestt - DEBUG - Realtime transcription disabled; realtime worker exits
2026-07-24 19:33:08.957 - RealTimeSTT: realtimestt - DEBUG - Main transcription model ready
2026-07-24 19:33:08.958 - RealTimeSTT: realtimestt - DEBUG - RealtimeSTT initialization completed successfully
2026-07-24 19:33:08.958 - RealTimeSTT: realtimestt - INFO - Setting listen time
2026-07-24 19:33:08.958 - RealTimeSTT: realtimestt - INFO - State changed from 'inactive' to 'listening'
2026-07-24 19:33:08.958 - RealTimeSTT: realtimestt - DEBUG - Waiting for recording start
2026-07-24 19:33:16.285 - RealTimeSTT: realtimestt - INFO - voice activity detected
2026-07-24 19:33:16.285 - RealTimeSTT: realtimestt - INFO - recording started
2026-07-24 19:33:16.285 - RealTimeSTT: realtimestt - INFO - State changed from 'listening' to 'recording'
2026-07-24 19:33:16.285 - RealTimeSTT: realtimestt - DEBUG - Waiting for recording stop
2026-07-24 19:33:18.454 - RealTimeSTT: realtimestt - INFO - recording stopped
2026-07-24 19:33:18.456 - RealTimeSTT: realtimestt - DEBUG - No samples removed, final audio length: 51200
2026-07-24 19:33:18.456 - RealTimeSTT: realtimestt - INFO - State changed from 'recording' to 'inactive'
2026-07-24 19:33:18.456 - RealTimeSTT: realtimestt - INFO - State changed from 'inactive' to 'transcribing'
2026-07-24 19:33:18.456 - RealTimeSTT: realtimestt - DEBUG - Adding transcription request, no early transcription started
2026-07-24 19:33:18.475 - RealTimeSTT: realtimestt - DEBUG - Receive from parent_transcription_pipe after sendiung transcription request, transcribe_count: 1
2026-07-24 19:33:18.575 - RealTimeSTT: realtimestt - DEBUG - Receive from parent_transcription_pipe after sendiung transcription request, transcribe_count: 1
2026-07-24 19:33:18.622 - RealTimeSTT: realtimestt - INFO - State changed from 'transcribing' to 'inactive'
2026-07-24 19:33:18.623 - RealTimeSTT: realtimestt - DEBUG - Model tiny.en completed transcription in 0.17 seconds
2026-07-24 19:33:18.623 - RealTimeSTT: realtimestt - INFO - recording stopped
2026-07-24 19:33:25.883 - RealTimeSTT: realtimestt - INFO - voice activity detected
2026-07-24 19:33:25.883 - RealTimeSTT: realtimestt - INFO - recording started
2026-07-24 19:33:25.883 - RealTimeSTT: realtimestt - INFO - State changed from 'inactive' to 'recording'
2026-07-24 19:33:31.703 - RealTimeSTT: realtimestt - INFO - recording stopped
2026-07-24 19:33:31.832 - RealTimeSTT: realtimestt - INFO - voice activity detected
2026-07-24 19:33:31.833 - RealTimeSTT: realtimestt - INFO - recording started
2026-07-24 19:33:32.080 - RealTimeSTT: realtimestt - INFO - Setting listen time
2026-07-24 19:33:32.080 - RealTimeSTT: realtimestt - DEBUG - No samples removed, final audio length: 109568
2026-07-24 19:33:32.081 - RealTimeSTT: realtimestt - INFO - State changed from 'recording' to 'transcribing'
2026-07-24 19:33:32.081 - RealTimeSTT: realtimestt - DEBUG - Adding transcription request, no early transcription started
2026-07-24 19:33:32.099 - RealTimeSTT: realtimestt - DEBUG - Receive from parent_transcription_pipe after sendiung transcription request, transcribe_count: 1
2026-07-24 19:33:32.199 - RealTimeSTT: realtimestt - DEBUG - Receive from parent_transcription_pipe after sendiung transcription request, transcribe_count: 1
2026-07-24 19:33:32.301 - RealTimeSTT: realtimestt - DEBUG - Receive from parent_transcription_pipe after sendiung transcription request, transcribe_count: 1
2026-07-24 19:33:32.352 - RealTimeSTT: realtimestt - INFO - State changed from 'transcribing' to 'recording'
2026-07-24 19:33:32.354 - RealTimeSTT: realtimestt - DEBUG - Model tiny.en completed transcription in 0.27 seconds
2026-07-24 19:33:32.354 - RealTimeSTT: realtimestt - INFO - recording stopped
2026-07-24 19:33:32.533 - RealTimeSTT: realtimestt - INFO - voice activity detected
2026-07-24 19:33:32.533 - RealTimeSTT: realtimestt - INFO - recording started
2026-07-24 19:33:34.712 - RealTimeSTT: realtimestt - INFO - recording stopped
2026-07-24 19:33:39.132 - RealTimeSTT: realtimestt - INFO - voice activity detected
2026-07-24 19:33:39.132 - RealTimeSTT: realtimestt - INFO - recording started
2026-07-24 19:33:43.731 - RealTimeSTT: realtimestt - INFO - recording stopped
2026-07-24 19:33:43.864 - RealTimeSTT: realtimestt - INFO - Setting listen time
2026-07-24 19:33:43.864 - RealTimeSTT: realtimestt - DEBUG - No samples removed, final audio length: 11264
2026-07-24 19:33:43.864 - RealTimeSTT: realtimestt - INFO - State changed from 'recording' to 'inactive'
2026-07-24 19:33:43.864 - RealTimeSTT: realtimestt - INFO - State changed from 'inactive' to 'transcribing'
2026-07-24 19:33:43.864 - RealTimeSTT: realtimestt - DEBUG - Adding transcription request, no early transcription started
2026-07-24 19:33:43.872 - RealTimeSTT: realtimestt - DEBUG - Receive from parent_transcription_pipe after sendiung transcription request, transcribe_count: 1
2026-07-24 19:33:43.973 - RealTimeSTT: realtimestt - DEBUG - Receive from parent_transcription_pipe after sendiung transcription request, transcribe_count: 1
2026-07-24 19:33:44.022 - RealTimeSTT: realtimestt - INFO - State changed from 'transcribing' to 'inactive'
2026-07-24 19:33:44.022 - RealTimeSTT: realtimestt - DEBUG - Model tiny.en completed transcription in 0.16 seconds
2026-07-24 19:33:44.022 - RealTimeSTT: realtimestt - INFO - recording stopped
2026-07-24 19:33:55.060 - RealTimeSTT: realtimestt - INFO - voice activity detected
2026-07-24 19:33:55.060 - RealTimeSTT: realtimestt - INFO - recording started
2026-07-24 19:33:55.060 - RealTimeSTT: realtimestt - INFO - State changed from 'inactive' to 'recording'
2026-07-24 19:34:04.598 - RealTimeSTT: realtimestt - INFO - recording stopped
2026-07-24 19:34:04.788 - RealTimeSTT: realtimestt - INFO - voice activity detected
2026-07-24 19:34:04.788 - RealTimeSTT: realtimestt - INFO - recording started
2026-07-24 19:34:05.416 - RealTimeSTT: realtimestt - INFO - Setting listen time
2026-07-24 19:34:05.416 - RealTimeSTT: realtimestt - DEBUG - No samples removed, final audio length: 37376
2026-07-24 19:34:05.416 - RealTimeSTT: realtimestt - INFO - State changed from 'recording' to 'transcribing'
2026-07-24 19:34:05.416 - RealTimeSTT: realtimestt - DEBUG - Adding transcription request, no early transcription started
2026-07-24 19:34:05.418 - RealTimeSTT: realtimestt - DEBUG - Receive from parent_transcription_pipe after sendiung transcription request, transcribe_count: 1
2026-07-24 19:34:05.518 - RealTimeSTT: realtimestt - DEBUG - Receive from parent_transcription_pipe after sendiung transcription request, transcribe_count: 1
2026-07-24 19:34:05.565 - RealTimeSTT: realtimestt - INFO - State changed from 'transcribing' to 'recording'
2026-07-24 19:34:05.566 - RealTimeSTT: realtimestt - DEBUG - Model tiny.en completed transcription in 0.15 seconds
2026-07-24 19:34:05.566 - RealTimeSTT: realtimestt - INFO - Setting listen time
2026-07-24 19:34:05.566 - RealTimeSTT: realtimestt - DEBUG - No samples removed, final audio length: 90112
2026-07-24 19:34:05.566 - RealTimeSTT: realtimestt - INFO - State changed from 'recording' to 'transcribing'
2026-07-24 19:34:05.566 - RealTimeSTT: realtimestt - DEBUG - Adding transcription request, no early transcription started
2026-07-24 19:34:05.573 - RealTimeSTT: realtimestt - DEBUG - Receive from parent_transcription_pipe after sendiung transcription request, transcribe_count: 1
2026-07-24 19:34:05.674 - RealTimeSTT: realtimestt - DEBUG - Receive from parent_transcription_pipe after sendiung transcription request, transcribe_count: 1
2026-07-24 19:34:05.775 - RealTimeSTT: realtimestt - DEBUG - Receive from parent_transcription_pipe after sendiung transcription request, transcribe_count: 1
2026-07-24 19:34:05.795 - RealTimeSTT: realtimestt - INFO - State changed from 'transcribing' to 'recording'
2026-07-24 19:34:05.797 - RealTimeSTT: realtimestt - DEBUG - Model tiny.en completed transcription in 0.23 seconds
2026-07-24 19:34:05.797 - RealTimeSTT: realtimestt - INFO - Setting listen time
2026-07-24 19:34:05.797 - RealTimeSTT: realtimestt - DEBUG - No samples removed, final audio length: 168960
2026-07-24 19:34:05.797 - RealTimeSTT: realtimestt - INFO - State changed from 'recording' to 'transcribing'
2026-07-24 19:34:05.797 - RealTimeSTT: realtimestt - DEBUG - Adding transcription request, no early transcription started
2026-07-24 19:34:05.798 - RealTimeSTT: realtimestt - DEBUG - Receive from parent_transcription_pipe after sendiung transcription request, transcribe_count: 1
2026-07-24 19:34:05.899 - RealTimeSTT: realtimestt - DEBUG - Receive from parent_transcription_pipe after sendiung transcription request, transcribe_count: 1
2026-07-24 19:34:06.000 - RealTimeSTT: realtimestt - DEBUG - Receive from parent_transcription_pipe after sendiung transcription request, transcribe_count: 1
2026-07-24 19:34:06.100 - RealTimeSTT: realtimestt - DEBUG - Receive from parent_transcription_pipe after sendiung transcription request, transcribe_count: 1
2026-07-24 19:34:06.106 - RealTimeSTT: realtimestt - INFO - State changed from 'transcribing' to 'recording'
2026-07-24 19:34:06.108 - RealTimeSTT: realtimestt - DEBUG - Model tiny.en completed transcription in 0.31 seconds
2026-07-24 19:34:06.109 - RealTimeSTT: realtimestt - INFO - Setting listen time
2026-07-24 19:34:06.109 - RealTimeSTT: realtimestt - DEBUG - Waiting for recording stop
2026-07-24 19:34:08.048 - RealTimeSTT: realtimestt - INFO - recording stopped
2026-07-24 19:34:08.049 - RealTimeSTT: realtimestt - DEBUG - No samples removed, final audio length: 55808
2026-07-24 19:34:08.049 - RealTimeSTT: realtimestt - INFO - State changed from 'recording' to 'inactive'
2026-07-24 19:34:08.049 - RealTimeSTT: realtimestt - INFO - State changed from 'inactive' to 'transcribing'
2026-07-24 19:34:08.049 - RealTimeSTT: realtimestt - DEBUG - Adding transcription request, no early transcription started
2026-07-24 19:34:08.049 - RealTimeSTT: realtimestt - DEBUG - Receive from parent_transcription_pipe after sendiung transcription request, transcribe_count: 1
2026-07-24 19:34:08.149 - RealTimeSTT: realtimestt - DEBUG - Receive from parent_transcription_pipe after sendiung transcription request, transcribe_count: 1
2026-07-24 19:34:08.217 - RealTimeSTT: realtimestt - INFO - State changed from 'transcribing' to 'inactive'
2026-07-24 19:34:08.218 - RealTimeSTT: realtimestt - DEBUG - Model tiny.en completed transcription in 0.17 seconds
2026-07-24 19:34:08.218 - RealTimeSTT: realtimestt - INFO - Setting listen time
2026-07-24 19:34:08.218 - RealTimeSTT: realtimestt - INFO - State changed from 'inactive' to 'listening'
2026-07-24 19:34:08.218 - RealTimeSTT: realtimestt - DEBUG - Waiting for recording start
2026-07-24 19:34:19.636 - RealTimeSTT: realtimestt - INFO - voice activity detected
2026-07-24 19:34:19.636 - RealTimeSTT: realtimestt - INFO - recording started
2026-07-24 19:34:19.636 - RealTimeSTT: realtimestt - INFO - State changed from 'listening' to 'recording'
2026-07-24 19:34:19.636 - RealTimeSTT: realtimestt - DEBUG - Waiting for recording stop
2026-07-24 19:34:23.155 - RealTimeSTT: realtimestt - INFO - recording stopped
2026-07-24 19:34:23.157 - RealTimeSTT: realtimestt - DEBUG - No samples removed, final audio length: 72704
2026-07-24 19:34:23.157 - RealTimeSTT: realtimestt - INFO - State changed from 'recording' to 'inactive'
2026-07-24 19:34:23.157 - RealTimeSTT: realtimestt - INFO - State changed from 'inactive' to 'transcribing'
2026-07-24 19:34:23.157 - RealTimeSTT: realtimestt - DEBUG - Adding transcription request, no early transcription started
2026-07-24 19:34:23.157 - RealTimeSTT: realtimestt - DEBUG - Receive from parent_transcription_pipe after sendiung transcription request, transcribe_count: 1
2026-07-24 19:34:23.257 - RealTimeSTT: realtimestt - DEBUG - Receive from parent_transcription_pipe after sendiung transcription request, transcribe_count: 1
2026-07-24 19:34:23.333 - RealTimeSTT: realtimestt - INFO - State changed from 'transcribing' to 'inactive'
2026-07-24 19:34:23.335 - RealTimeSTT: realtimestt - DEBUG - Model tiny.en completed transcription in 0.18 seconds
2026-07-24 19:34:23.335 - RealTimeSTT: realtimestt - INFO - Setting listen time
2026-07-24 19:34:23.335 - RealTimeSTT: realtimestt - INFO - State changed from 'inactive' to 'listening'
2026-07-24 19:34:23.335 - RealTimeSTT: realtimestt - DEBUG - Waiting for recording start
2026-07-24 19:34:55.733 - RealTimeSTT: realtimestt - DEBUG - Receive from stdout pipe
2026-07-24 19:34:55.733 - RealTimeSTT: realtimestt - INFO - None
2026-07-24 19:34:55.734 - RealTimeSTT: realtimestt - INFO - KeyboardInterrupt in wait_audio, shutting down
2026-07-24 19:34:55.734 - RealTimeSTT: realtimestt - DEBUG - Finishing recording thread
2026-07-24 19:34:55.743 - RealTimeSTT: realtimestt - DEBUG - Terminating reader process
2026-07-24 19:34:56.132 - RealTimeSTT: realtimestt - DEBUG - Terminating transcription process
2026-07-24 19:34:56.215 - RealTimeSTT: realtimestt - DEBUG - Finishing realtime thread
2026-07-24 19:34:56.279 - RealTimeSTT: realtimestt - INFO - KeyboardInterrupt in text() method
2026-07-24 19:51:46.253 - RealTimeSTT: realtimestt - INFO - Starting RealTimeSTT
2026-07-24 19:51:46.259 - RealTimeSTT: realtimestt - INFO - Initializing audio recording (creating pyAudio input stream, sample rate: 16000 buffer size: 512
2026-07-24 19:51:46.262 - RealTimeSTT: realtimestt - INFO - Initializing WebRTC voice with Sensitivity 3
2026-07-24 19:51:46.262 - RealTimeSTT: realtimestt - DEBUG - WebRTC VAD voice activity detection engine initialized successfully
2026-07-24 19:51:46.322 - RealTimeSTT: realtimestt - DEBUG - Silero VAD voice activity detection engine initialized successfully with backend raw_onnx_ifless
2026-07-24 19:51:46.324 - RealTimeSTT: realtimestt - DEBUG - Starting realtime worker
2026-07-24 19:51:46.324 - RealTimeSTT: realtimestt - DEBUG - Waiting for main transcription model to start
2026-07-24 19:51:46.324 - RealTimeSTT: realtimestt - DEBUG - Realtime transcription disabled; realtime worker exits
2026-07-24 19:51:50.430 - RealTimeSTT: realtimestt - DEBUG - Main transcription model ready
2026-07-24 19:51:50.430 - RealTimeSTT: realtimestt - DEBUG - RealtimeSTT initialization completed successfully
2026-07-24 19:51:50.430 - RealTimeSTT: realtimestt - INFO - Setting listen time
2026-07-24 19:51:50.431 - RealTimeSTT: realtimestt - INFO - State changed from 'inactive' to 'listening'
2026-07-24 19:51:50.431 - RealTimeSTT: realtimestt - DEBUG - Waiting for recording start
2026-07-24 19:51:54.314 - RealTimeSTT: realtimestt - INFO - voice activity detected
2026-07-24 19:51:54.314 - RealTimeSTT: realtimestt - INFO - recording started
2026-07-24 19:51:54.314 - RealTimeSTT: realtimestt - INFO - State changed from 'listening' to 'recording'
2026-07-24 19:51:54.314 - RealTimeSTT: realtimestt - DEBUG - Waiting for recording stop
2026-07-24 19:51:56.234 - RealTimeSTT: realtimestt - INFO - recording stopped
2026-07-24 19:51:56.235 - RealTimeSTT: realtimestt - DEBUG - No samples removed, final audio length: 47104
2026-07-24 19:51:56.235 - RealTimeSTT: realtimestt - INFO - State changed from 'recording' to 'inactive'
2026-07-24 19:51:56.235 - RealTimeSTT: realtimestt - INFO - State changed from 'inactive' to 'transcribing'
2026-07-24 19:51:56.235 - RealTimeSTT: realtimestt - DEBUG - Adding transcription request, no early transcription started
2026-07-24 19:51:56.238 - RealTimeSTT: realtimestt - DEBUG - Receive from parent_transcription_pipe after sendiung transcription request, transcribe_count: 1
2026-07-24 19:51:56.338 - RealTimeSTT: realtimestt - DEBUG - Receive from parent_transcription_pipe after sendiung transcription request, transcribe_count: 1
2026-07-24 19:51:56.387 - RealTimeSTT: realtimestt - INFO - State changed from 'transcribing' to 'inactive'
2026-07-24 19:51:56.388 - RealTimeSTT: realtimestt - DEBUG - Model tiny.en completed transcription in 0.15 seconds
2026-07-24 19:51:56.388 - RealTimeSTT: realtimestt - INFO - recording stopped
2026-07-24 19:51:56.388 - RealTimeSTT: realtimestt - INFO - Setting microphone to: False
2026-07-24 19:52:05.376 - RealTimeSTT: realtimestt - INFO - Setting microphone to: True
2026-07-24 19:52:05.376 - RealTimeSTT: realtimestt - INFO - Setting listen time
2026-07-24 19:52:05.376 - RealTimeSTT: realtimestt - INFO - State changed from 'inactive' to 'listening'
2026-07-24 19:52:05.376 - RealTimeSTT: realtimestt - DEBUG - Waiting for recording start
2026-07-24 19:52:09.542 - RealTimeSTT: realtimestt - INFO - voice activity detected
2026-07-24 19:52:09.543 - RealTimeSTT: realtimestt - INFO - recording started
2026-07-24 19:52:09.543 - RealTimeSTT: realtimestt - INFO - State changed from 'listening' to 'recording'
2026-07-24 19:52:09.543 - RealTimeSTT: realtimestt - DEBUG - Waiting for recording stop
2026-07-24 19:52:12.873 - RealTimeSTT: realtimestt - INFO - recording stopped
2026-07-24 19:52:12.874 - RealTimeSTT: realtimestt - DEBUG - No samples removed, final audio length: 69632
2026-07-24 19:52:12.874 - RealTimeSTT: realtimestt - INFO - State changed from 'recording' to 'inactive'
2026-07-24 19:52:12.874 - RealTimeSTT: realtimestt - INFO - State changed from 'inactive' to 'transcribing'
2026-07-24 19:52:12.874 - RealTimeSTT: realtimestt - DEBUG - Adding transcription request, no early transcription started
2026-07-24 19:52:12.886 - RealTimeSTT: realtimestt - DEBUG - Receive from parent_transcription_pipe after sendiung transcription request, transcribe_count: 1
2026-07-24 19:52:12.986 - RealTimeSTT: realtimestt - DEBUG - Receive from parent_transcription_pipe after sendiung transcription request, transcribe_count: 1
2026-07-24 19:52:13.043 - RealTimeSTT: realtimestt - INFO - State changed from 'transcribing' to 'inactive'
2026-07-24 19:52:13.044 - RealTimeSTT: realtimestt - DEBUG - Model tiny.en completed transcription in 0.17 seconds
2026-07-24 19:52:13.044 - RealTimeSTT: realtimestt - INFO - recording stopped
2026-07-24 19:52:13.044 - RealTimeSTT: realtimestt - INFO - Setting microphone to: False
2026-07-24 19:53:10.879 - RealTimeSTT: realtimestt - INFO - Setting microphone to: True
2026-07-24 19:53:10.879 - RealTimeSTT: realtimestt - INFO - Setting listen time
2026-07-24 19:53:10.879 - RealTimeSTT: realtimestt - INFO - State changed from 'inactive' to 'listening'
2026-07-24 19:53:10.879 - RealTimeSTT: realtimestt - DEBUG - Waiting for recording start
2026-07-24 19:53:14.756 - RealTimeSTT: realtimestt - INFO - voice activity detected
2026-07-24 19:53:14.756 - RealTimeSTT: realtimestt - INFO - recording started
2026-07-24 19:53:14.756 - RealTimeSTT: realtimestt - INFO - State changed from 'listening' to 'recording'
2026-07-24 19:53:14.756 - RealTimeSTT: realtimestt - DEBUG - Waiting for recording stop
2026-07-24 19:53:21.726 - RealTimeSTT: realtimestt - INFO - recording stopped
2026-07-24 19:53:21.728 - RealTimeSTT: realtimestt - DEBUG - No samples removed, final audio length: 128000
2026-07-24 19:53:21.728 - RealTimeSTT: realtimestt - INFO - State changed from 'recording' to 'inactive'
2026-07-24 19:53:21.728 - RealTimeSTT: realtimestt - INFO - State changed from 'inactive' to 'transcribing'
2026-07-24 19:53:21.728 - RealTimeSTT: realtimestt - DEBUG - Adding transcription request, no early transcription started
2026-07-24 19:53:21.746 - RealTimeSTT: realtimestt - DEBUG - Receive from parent_transcription_pipe after sendiung transcription request, transcribe_count: 1
2026-07-24 19:53:21.847 - RealTimeSTT: realtimestt - DEBUG - Receive from parent_transcription_pipe after sendiung transcription request, transcribe_count: 1
2026-07-24 19:53:21.947 - RealTimeSTT: realtimestt - DEBUG - Receive from parent_transcription_pipe after sendiung transcription request, transcribe_count: 1
2026-07-24 19:53:21.970 - RealTimeSTT: realtimestt - INFO - State changed from 'transcribing' to 'inactive'
2026-07-24 19:53:21.972 - RealTimeSTT: realtimestt - DEBUG - Model tiny.en completed transcription in 0.24 seconds
2026-07-24 19:53:21.973 - RealTimeSTT: realtimestt - INFO - recording stopped
2026-07-24 19:53:21.973 - RealTimeSTT: realtimestt - INFO - Setting microphone to: False
2026-07-24 19:53:37.109 - RealTimeSTT: realtimestt - INFO - Setting microphone to: True
2026-07-24 19:53:37.109 - RealTimeSTT: realtimestt - INFO - Setting listen time
2026-07-24 19:53:37.109 - RealTimeSTT: realtimestt - INFO - State changed from 'inactive' to 'listening'
2026-07-24 19:53:37.109 - RealTimeSTT: realtimestt - DEBUG - Waiting for recording start
2026-07-24 19:53:40.863 - RealTimeSTT: realtimestt - INFO - voice activity detected
2026-07-24 19:53:40.864 - RealTimeSTT: realtimestt - INFO - recording started
2026-07-24 19:53:40.864 - RealTimeSTT: realtimestt - INFO - State changed from 'listening' to 'recording'
2026-07-24 19:53:40.864 - RealTimeSTT: realtimestt - DEBUG - Waiting for recording stop
2026-07-24 19:53:43.293 - RealTimeSTT: realtimestt - INFO - recording stopped
2026-07-24 19:53:43.294 - RealTimeSTT: realtimestt - DEBUG - No samples removed, final audio length: 55296
2026-07-24 19:53:43.295 - RealTimeSTT: realtimestt - INFO - State changed from 'recording' to 'inactive'
2026-07-24 19:53:43.295 - RealTimeSTT: realtimestt - INFO - State changed from 'inactive' to 'transcribing'
2026-07-24 19:53:43.295 - RealTimeSTT: realtimestt - DEBUG - Adding transcription request, no early transcription started
2026-07-24 19:53:43.295 - RealTimeSTT: realtimestt - DEBUG - Receive from parent_transcription_pipe after sendiung transcription request, transcribe_count: 1
2026-07-24 19:53:43.395 - RealTimeSTT: realtimestt - DEBUG - Receive from parent_transcription_pipe after sendiung transcription request, transcribe_count: 1
2026-07-24 19:53:43.492 - RealTimeSTT: realtimestt - INFO - State changed from 'transcribing' to 'inactive'
2026-07-24 19:53:43.493 - RealTimeSTT: realtimestt - DEBUG - Model tiny.en completed transcription in 0.20 seconds
2026-07-24 19:53:43.493 - RealTimeSTT: realtimestt - INFO - recording stopped
2026-07-24 19:53:43.493 - RealTimeSTT: realtimestt - INFO - Setting microphone to: False
2026-07-24 19:53:53.940 - RealTimeSTT: realtimestt - INFO - Setting microphone to: True
2026-07-24 19:53:53.940 - RealTimeSTT: realtimestt - INFO - Setting listen time
2026-07-24 19:53:53.940 - RealTimeSTT: realtimestt - INFO - State changed from 'inactive' to 'listening'
2026-07-24 19:53:53.940 - RealTimeSTT: realtimestt - DEBUG - Waiting for recording start
2026-07-24 19:53:56.672 - RealTimeSTT: realtimestt - INFO - voice activity detected
2026-07-24 19:53:56.672 - RealTimeSTT: realtimestt - INFO - recording started
2026-07-24 19:53:56.672 - RealTimeSTT: realtimestt - INFO - State changed from 'listening' to 'recording'
2026-07-24 19:53:56.672 - RealTimeSTT: realtimestt - DEBUG - Waiting for recording stop
2026-07-24 19:53:59.232 - RealTimeSTT: realtimestt - INFO - recording stopped
2026-07-24 19:53:59.233 - RealTimeSTT: realtimestt - DEBUG - No samples removed, final audio length: 57344
2026-07-24 19:53:59.233 - RealTimeSTT: realtimestt - INFO - State changed from 'recording' to 'inactive'
2026-07-24 19:53:59.233 - RealTimeSTT: realtimestt - INFO - State changed from 'inactive' to 'transcribing'
2026-07-24 19:53:59.233 - RealTimeSTT: realtimestt - DEBUG - Adding transcription request, no early transcription started
2026-07-24 19:53:59.236 - RealTimeSTT: realtimestt - DEBUG - Receive from parent_transcription_pipe after sendiung transcription request, transcribe_count: 1
2026-07-24 19:53:59.336 - RealTimeSTT: realtimestt - DEBUG - Receive from parent_transcription_pipe after sendiung transcription request, transcribe_count: 1
2026-07-24 19:53:59.425 - RealTimeSTT: realtimestt - INFO - State changed from 'transcribing' to 'inactive'
2026-07-24 19:53:59.426 - RealTimeSTT: realtimestt - DEBUG - Model tiny.en completed transcription in 0.19 seconds
2026-07-24 19:53:59.426 - RealTimeSTT: realtimestt - INFO - Setting listen time
2026-07-24 19:53:59.426 - RealTimeSTT: realtimestt - INFO - State changed from 'inactive' to 'listening'
2026-07-24 19:53:59.427 - RealTimeSTT: realtimestt - DEBUG - Waiting for recording start
2026-07-24 19:53:59.612 - RealTimeSTT: realtimestt - INFO - voice activity detected
2026-07-24 19:53:59.612 - RealTimeSTT: realtimestt - INFO - recording started
2026-07-24 19:53:59.612 - RealTimeSTT: realtimestt - INFO - State changed from 'listening' to 'recording'
2026-07-24 19:53:59.612 - RealTimeSTT: realtimestt - DEBUG - Waiting for recording stop
2026-07-24 19:54:02.042 - RealTimeSTT: realtimestt - INFO - recording stopped
2026-07-24 19:54:02.043 - RealTimeSTT: realtimestt - DEBUG - No samples removed, final audio length: 45568
2026-07-24 19:54:02.043 - RealTimeSTT: realtimestt - INFO - State changed from 'recording' to 'inactive'
2026-07-24 19:54:02.043 - RealTimeSTT: realtimestt - INFO - State changed from 'inactive' to 'transcribing'
2026-07-24 19:54:02.043 - RealTimeSTT: realtimestt - DEBUG - Adding transcription request, no early transcription started
2026-07-24 19:54:02.044 - RealTimeSTT: realtimestt - DEBUG - Receive from parent_transcription_pipe after sendiung transcription request, transcribe_count: 1
2026-07-24 19:54:02.143 - RealTimeSTT: realtimestt - DEBUG - Receive from parent_transcription_pipe after sendiung transcription request, transcribe_count: 1
2026-07-24 19:54:02.225 - RealTimeSTT: realtimestt - INFO - State changed from 'transcribing' to 'inactive'
2026-07-24 19:54:02.226 - RealTimeSTT: realtimestt - DEBUG - Model tiny.en completed transcription in 0.18 seconds
2026-07-24 19:54:02.226 - RealTimeSTT: realtimestt - INFO - Setting listen time
2026-07-24 19:54:02.226 - RealTimeSTT: realtimestt - INFO - State changed from 'inactive' to 'listening'
2026-07-24 19:54:02.226 - RealTimeSTT: realtimestt - DEBUG - Waiting for recording start
2026-07-24 19:54:26.113 - RealTimeSTT: realtimestt - INFO - KeyboardInterrupt in wait_audio, shutting down
2026-07-24 19:54:26.113 - RealTimeSTT: realtimestt - DEBUG - Finishing recording thread
2026-07-24 19:54:26.121 - RealTimeSTT: realtimestt - DEBUG - Terminating reader process
2026-07-24 19:54:26.526 - RealTimeSTT: realtimestt - DEBUG - Terminating transcription process
2026-07-24 19:54:26.614 - RealTimeSTT: realtimestt - DEBUG - Finishing realtime thread
2026-07-24 19:54:26.685 - RealTimeSTT: realtimestt - INFO - KeyboardInterrupt in text() method
